Compiling finiteVolume/ddtSchemes/ddtScheme/ddtSchemeBase.C with omp ...
  OK: 5146 bytes
Compiling fvMesh/extendedStencil/cellToCell/extendedCellToCellStencil.C with omp ...
In file included from fvMesh/extendedStencil/cellToCell/extendedCellToCellStencil.C:28:
In file included from fvMesh/extendedStencil/cellToCell\extendedCellToCellStencil.H:41:
In file included from C:/OpenFOAM/SPUMA/src/OpenFOAM/lnInclude\mapDistribute.H:139:
In file included from C:/OpenFOAM/SPUMA/src/OpenFOAM/lnInclude\mapDistributeBase.H:77:
In file included from C:/OpenFOAM/SPUMA/src/OpenFOAM/lnInclude\boolList.H:32:
In file included from C:/OpenFOAM/SPUMA/src/OpenFOAM/lnInclude\List.H:47:
In file included from C:/OpenFOAM/SPUMA/src/OpenFOAM/lnInclude\autoPtr.H:348:
In file included from C:/OpenFOAM/SPUMA/src/OpenFOAM/lnInclude\autoPtrI.H:29:
In file included from C:/OpenFOAM/SPUMA/src/OpenFOAM/lnInclude\error.H:60:
In file included from C:/OpenFOAM/SPUMA/src/OpenFOAM/lnInclude\messageStream.H:57:
In file included from C:/OpenFOAM/SPUMA/src/OpenFOAM/lnInclude\label.H:42:
In file included from C:/OpenFOAM/SPUMA/src/OpenFOAM/lnInclude\int.H:45:
C:/OpenFOAM/SPUMA/src/OpenFOAM/lnInclude\int64.H:77:12: warning: absolute value function 'labs' given an argument of type 'const int64_t' (aka 'const long long') but has parameter of type 'long' which may cause truncation of value [-Wabsolute-value]
   77 |     return ::labs(val);
      |            ^
C:/OpenFOAM/SPUMA/src/OpenFOAM/lnInclude\int64.H:77:12: note: use function 'std::abs' instead
   77 |     return ::labs(val);
      |            ^~~~~~
      |            std::abs
In file included from fvMesh/extendedStencil/cellToCell/extendedCellToCellStencil.C:28:
In file included from fvMesh/extendedStencil/cellToCell\extendedCellToCellStencil.H:41:
In file included from C:/OpenFOAM/SPUMA/src/OpenFOAM/lnInclude\mapDistribute.H:141:
In file included from C:/OpenFOAM/SPUMA/src/OpenFOAM/lnInclude\vectorTensorTransform.H:262:
C:/OpenFOAM/SPUMA/src/OpenFOAM/lnInclude\vectorTensorTransformI.H:33:25: warning: instantiation of variable 'Foam::SphericalTensor<double>::I' required here, but no definition is available [-Wundefined-var-template]
   33 |     R_(sphericalTensor::I),
      |                         ^
C:/OpenFOAM/SPUMA/src/OpenFOAM/lnInclude\SphericalTensor.H:79:38: note: forward declaration of template entity is here
   79 |         static const SphericalTensor I;
      |                                      ^
C:/OpenFOAM/SPUMA/src/OpenFOAM/lnInclude\vectorTensorTransformI.H:33:25: note: add an explicit instantiation declaration to suppress this warning if 'Foam::SphericalTensor<double>::I' is explicitly instantiated in another translation unit
   33 |     R_(sphericalTensor::I),
      |                         ^
In file included from fvMesh/extendedStencil/cellToCell/extendedCellToCellStencil.C:28:
In file included from fvMesh/extendedStencil/cellToCell\extendedCellToCellStencil.H:41:
In file included from C:/OpenFOAM/SPUMA/src/OpenFOAM/lnInclude\mapDistribute.H:139:
In file included from C:/OpenFOAM/SPUMA/src/OpenFOAM/lnInclude\mapDistributeBase.H:77:
In file included from C:/OpenFOAM/SPUMA/src/OpenFOAM/lnInclude\boolList.H:32:
In file included from C:/OpenFOAM/SPUMA/src/OpenFOAM/lnInclude\List.H:47:
In file included from C:/OpenFOAM/SPUMA/src/OpenFOAM/lnInclude\autoPtr.H:348:
In file included from C:/OpenFOAM/SPUMA/src/OpenFOAM/lnInclude\autoPtrI.H:29:
In file included from C:/OpenFOAM/SPUMA/src/OpenFOAM/lnInclude\error.H:60:
In file included from C:/OpenFOAM/SPUMA/src/OpenFOAM/lnInclude\messageStream.H:57:
In file included from C:/OpenFOAM/SPUMA/src/OpenFOAM/lnInclude\label.H:42:
In file included from C:/OpenFOAM/SPUMA/src/OpenFOAM/lnInclude\int.H:41:
In file included from C:/OpenFOAM/SPUMA/src/OpenFOAM/lnInclude\deviceM.H:58:
In file included from C:/dev/llvm-acpp-msvc-21/bin/../include/AdaptiveCpp\sycl/sycl.hpp:14:
In file included from C:/dev/llvm-acpp-msvc-21/bin/../include/AdaptiveCpp\sycl\../hipSYCL/sycl/sycl.hpp:62:
In file included from C:/dev/llvm-acpp-msvc-21/bin/../include/AdaptiveCpp\sycl\../hipSYCL/sycl\libkernel/reduction.hpp:20:
C:/dev/llvm-acpp-msvc-21/bin/../include/AdaptiveCpp\hipSYCL/algorithms/reduction/reduction_descriptor.hpp:127:22: warning: 'multi_ptr<int, hipsycl::sycl::access::address_space::global_space, hipsycl::sycl::access::decorated::legacy>' is deprecated [-Wdeprecated-declarations]
  127 |       return _output.get_pointer();
      |                      ^
C:/dev/llvm-acpp-msvc-21/bin/../include/AdaptiveCpp\hipSYCL/algorithms/reduction/reduction_descriptor.hpp:34:29: note: in instantiation of member function 'hipsycl::algorithms::reduction::reduction_descriptor<hipsycl::algorithms::reduction::reduction_binary_operator<int, hipsycl::sycl::plus<int>>, hipsycl::sycl::accessor<int, 1, hipsycl::sycl::access_mode::read_write, hipsycl::sycl::target::device, hipsycl::sycl::accessor_variant::unranged>>::get_final_output_destination' requested here
   34 |   value_type *output = desc.get_final_output_destination();
      |                             ^
C:/dev/llvm-acpp-msvc-21/bin/../include/AdaptiveCpp\hipSYCL/algorithms/reduction\wg_model/group_horizontal_reducer.hpp:67:28: note: in instantiation of function template specialization 'hipsycl::algorithms::reduction::detail::set_reduction_result<hipsycl::algorithms::reduction::wg_model::configured_reduction_descriptor<hipsycl::algorithms::reduction::reduction_descriptor<hipsycl::algorithms::reduction::reduction_binary_operator<int, hipsycl::sycl::plus<int>>, hipsycl::sycl::accessor<int, 1, hipsycl::sycl::access_mode::read_write, hipsycl::sycl::target::device, hipsycl::sycl::accessor_variant::unranged>>>>' requested here
   67 |         reduction::detail::set_reduction_result(descriptor, group_result,
      |                            ^
C:/dev/llvm-acpp-msvc-21/bin/../include/AdaptiveCpp\hipSYCL/algorithms/reduction/reduction_engine.hpp:84:18: note: in instantiation of function template specialization 'hipsycl::algorithms::reduction::wg_model::group_horizontal_reducer<hipsycl::algorithms::reduction::wg_model::group_reductions::generic_local_memory<hipsycl::algorithms::reduction::reduction_descriptor<hipsycl::algorithms::reduction::reduction_binary_operator<int, hipsycl::sycl::plus<int>>, hipsycl::sycl::accessor<int, 1, hipsycl::sycl::access_mode::read_write, hipsycl::sycl::target::device, hipsycl::sycl::accessor_variant::unranged>>>>::finalize<hipsycl::sycl::nd_item<>, hipsycl::algorithms::reduction::wg_model::configured_reduction_descriptor<hipsycl::algorithms::reduction::reduction_descriptor<hipsycl::algorithms::reduction::reduction_binary_operator<int, hipsycl::sycl::plus<int>>, hipsycl::sycl::accessor<int, 1, hipsycl::sycl::access_mode::read_write, hipsycl::sycl::target::device, hipsycl::sycl::accessor_variant::unranged>>>, hipsycl::algorithms::reduction::wg_model::sequential_reducer<hipsycl::algorithms::reduction::reduction_binary_operator<int, hipsycl::sycl::plus<int>>>>' requested here
   84 |   (group_reducer.finalize(wi_index, descs, std::get<Is>(reducers_tuple)), ...);
      |                  ^
C:/dev/llvm-acpp-msvc-21/bin/../include/AdaptiveCpp\hipSYCL/algorithms/reduction/reduction_engine.hpp:92:3: note: in instantiation of function template specialization 'hipsycl::algorithms::reduction::invoke_helpers::invoke_finalize_with_reducers_impl<hipsycl::algorithms::reduction::wg_model::group_horizontal_reducer<hipsycl::algorithms::reduction::wg_model::group_reductions::generic_local_memory<hipsycl::algorithms::reduction::reduction_descriptor<hipsycl::algorithms::reduction::reduction_binary_operator<int, hipsycl::sycl::plus<int>>, hipsycl::sycl::accessor<int, 1, hipsycl::sycl::access_mode::read_write, hipsycl::sycl::target::device, hipsycl::sycl::accessor_variant::unranged>>>>, hipsycl::sycl::nd_item<>, std::tuple<hipsycl::algorithms::reduction::wg_model::sequential_reducer<hipsycl::algorithms::reduction::reduction_binary_operator<int, hipsycl::sycl::plus<int>>>>, 0ULL, hipsycl::algorithms::reduction::wg_model::configured_reduction_descriptor<hipsycl::algorithms::reduction::reduction_descriptor<hipsycl::algorithms::reduction::reduction_binary_operator<int, hipsycl::sycl::plus<int>>, hipsycl::sycl::accessor<int, 1, hipsycl::sycl::access_mode::read_write, hipsycl::sycl::target::device, hipsycl::sycl::accessor_variant::unranged>>>>' requested here
   92 |   invoke_finalize_with_reducers_impl(
      |   ^
C:/dev/llvm-acpp-msvc-21/bin/../include/AdaptiveCpp\hipSYCL/algorithms/reduction/reduction_engine.hpp:229:21: note: in instantiation of function template specialization 'hipsycl::algorithms::reduction::invoke_helpers::invoke_finalize_with_reducers<hipsycl::algorithms::reduction::wg_model::group_horizontal_reducer<hipsycl::algorithms::reduction::wg_model::group_reductions::generic_local_memory<hipsycl::algorithms::reduction::reduction_descriptor<hipsycl::algorithms::reduction::reduction_binary_operator<int, hipsycl::sycl::plus<int>>, hipsycl::sycl::accessor<int, 1, hipsycl::sycl::access_mode::read_write, hipsycl::sycl::target::device, hipsycl::sycl::accessor_variant::unranged>>>>, hipsycl::sycl::nd_item<>, hipsycl::algorithms::reduction::wg_model::sequential_reducer<hipsycl::algorithms::reduction::reduction_binary_operator<int, hipsycl::sycl::plus<int>>>, hipsycl::algorithms::reduction::wg_model::configured_reduction_descriptor<hipsycl::algorithms::reduction::reduction_descriptor<hipsycl::algorithms::reduction::reduction_binary_operator<int, hipsycl::sycl::plus<int>>, hipsycl::sycl::accessor<int, 1, hipsycl::sycl::access_mode::read_write, hipsycl::sycl::target::device, hipsycl::sycl::accessor_variant::unranged>>>>' requested here
  229 |     invoke_helpers::invoke_finalize_with_reducers(group_reducer, wi_index, wi_reducers, descs...);
      |                     ^
C:\Program Files (x86)\Microsoft Visual Studio\2022\BuildTools\VC\Tools\MSVC\14.41.34120\include\type_traits:1714:16: note: (skipping 12 contexts in backtrace; use -ftemplate-backtrace-limit=0 to see all)
 1714 |         return static_cast<_Callable&&>(_Obj)(static_cast<_Ty1&&>(_Arg1), static_cast<_Types2&&>(_Args2)...);
      |                ^
C:/OpenFOAM/SPUMA/src/OpenFOAM/lnInclude\syclExecutor.cpp:100:15: note: in instantiation of function template specialization 'hipsycl::sycl::handler::parallel_for<__acpp_unnamed_kernel, hipsycl::algorithms::reduction::reduction_descriptor<hipsycl::algorithms::reduction::reduction_binary_operator<int, hipsycl::sycl::plus<int>>, hipsycl::sycl::accessor<int, 1, hipsycl::sycl::access_mode::read_write, hipsycl::sycl::target::device, hipsycl::sycl::accessor_variant::unranged>>, (lambda at C:\OpenFOAM\SPUMA\src\OpenFOAM\lnInclude\syclExecutor.cpp:101:17)>' requested here
  100 |             h.parallel_for(sycl::range<1>(size), sumReduction,
      |               ^
C:/OpenFOAM/SPUMA/src/OpenFOAM/lnInclude\executor.H:85:34: note: in instantiation of function template specialization 'Foam::syclExecutor::_backendReductionSum<(lambda at C:\OpenFOAM\SPUMA\src\OpenFOAM\lnInclude\FieldFunctions.C:534:26), int>' requested here
   85 |         (static_cast<T*>(this))->_backendReductionSum(lambda, result, size);
      |                                  ^
C:/OpenFOAM/SPUMA/src/OpenFOAM/lnInclude\FieldFunctions.C:536:18: note: in instantiation of function template specialization 'Foam::executor<Foam::syclExecutor>::reductionSum<(lambda at C:\OpenFOAM\SPUMA\src\OpenFOAM\lnInclude\FieldFunctions.C:534:26), int>' requested here
  536 |             exec.reductionSum(sumOp, &result, size);
      |                  ^
C:/OpenFOAM/SPUMA/src/OpenFOAM/lnInclude\FieldFunctions.C:547:26: note: in instantiation of function template specialization 'Foam::sum<int>' requested here
  547 | TMP_UNARY_FUNCTION(Type, sum)
      |                          ^
C:/OpenFOAM/SPUMA/src/OpenFOAM/lnInclude\FieldFunctions.C:463:22: note: expanded from macro 'TMP_UNARY_FUNCTION'
  463 |     ReturnType res = Func(tf1());                                              \
      |                      ^
C:/OpenFOAM/SPUMA/src/OpenFOAM/lnInclude\globalIndexAndTransformI.H:462:30: note: in instantiation of function template specialization 'Foam::sum<int>' requested here
  462 |     label nUsedTrans = round(sum(mag(permutation)));
      |                              ^
C:/dev/llvm-acpp-msvc-21/bin/../include/AdaptiveCpp\sycl\../hipSYCL/sycl\libkernel\multi_ptr.hpp:668:9: note: 'multi_ptr<int, hipsycl::sycl::access::address_space::global_space, hipsycl::sycl::access::decorated::legacy>' has been explicitly marked deprecated here
  668 | class [[deprecated]] multi_ptr<ElementType, Space, access::decorated::legacy> {
      |         ^
In file included from fvMesh/extendedStencil/cellToCell/extendedCellToCellStencil.C:28:
In file included from fvMesh/extendedStencil/cellToCell\extendedCellToCellStencil.H:41:
In file included from C:/OpenFOAM/SPUMA/src/OpenFOAM/lnInclude\mapDistribute.H:139:
In file included from C:/OpenFOAM/SPUMA/src/OpenFOAM/lnInclude\mapDistributeBase.H:77:
In file included from C:/OpenFOAM/SPUMA/src/OpenFOAM/lnInclude\boolList.H:32:
In file included from C:/OpenFOAM/SPUMA/src/OpenFOAM/lnInclude\List.H:47:
In file included from C:/OpenFOAM/SPUMA/src/OpenFOAM/lnInclude\autoPtr.H:348:
In file included from C:/OpenFOAM/SPUMA/src/OpenFOAM/lnInclude\autoPtrI.H:29:
In file included from C:/OpenFOAM/SPUMA/src/OpenFOAM/lnInclude\error.H:60:
In file included from C:/OpenFOAM/SPUMA/src/OpenFOAM/lnInclude\messageStream.H:57:
In file included from C:/OpenFOAM/SPUMA/src/OpenFOAM/lnInclude\label.H:42:
In file included from C:/OpenFOAM/SPUMA/src/OpenFOAM/lnInclude\int.H:41:
In file included from C:/OpenFOAM/SPUMA/src/OpenFOAM/lnInclude\deviceM.H:58:
In file included from C:/dev/llvm-acpp-msvc-21/bin/../include/AdaptiveCpp\sycl/sycl.hpp:14:
In file included from C:/dev/llvm-acpp-msvc-21/bin/../include/AdaptiveCpp\sycl\../hipSYCL/sycl/sycl.hpp:62:
In file included from C:/dev/llvm-acpp-msvc-21/bin/../include/AdaptiveCpp\sycl\../hipSYCL/sycl\libkernel/reduction.hpp:20:
C:/dev/llvm-acpp-msvc-21/bin/../include/AdaptiveCpp\hipSYCL/algorithms/reduction/reduction_descriptor.hpp:127:14: warning: 'multi_ptr<const int, hipsycl::sycl::access::address_space::global_space, hipsycl::sycl::access::decorated::legacy>' is deprecated [-Wdeprecated-declarations]
  127 |       return _output.get_pointer();
      |              ^
C:/dev/llvm-acpp-msvc-21/bin/../include/AdaptiveCpp\sycl\../hipSYCL/sycl\libkernel\multi_ptr.hpp:668:9: note: 'multi_ptr<const int, hipsycl::sycl::access::address_space::global_space, hipsycl::sycl::access::decorated::legacy>' has been explicitly marked deprecated here
  668 | class [[deprecated]] multi_ptr<ElementType, Space, access::decorated::legacy> {
      |         ^
C:/dev/llvm-acpp-msvc-21/bin/../include/AdaptiveCpp\sycl\../hipSYCL/sycl\libkernel\multi_ptr.hpp:1001:1: warning: 'multi_ptr<int, hipsycl::sycl::access::address_space::global_space, hipsycl::sycl::access::decorated::legacy>' is deprecated [-Wdeprecated-declarations]
 1001 | using global_ptr = multi_ptr<ElementType, access::address_space::global_space, IsDecorated>;
      | ^
C:/dev/llvm-acpp-msvc-21/bin/../include/AdaptiveCpp\sycl\../hipSYCL/sycl\libkernel/accessor.hpp:1274:12: note: in instantiation of template type alias 'global_ptr' requested here
 1274 |     return global_ptr<dataT>{const_cast<dataT*>(this->_ptr.get())};
      |            ^
C:/dev/llvm-acpp-msvc-21/bin/../include/AdaptiveCpp\hipSYCL/algorithms/reduction/reduction_descriptor.hpp:127:22: note: in instantiation of function template specialization 'hipsycl::sycl::accessor<int, 1, hipsycl::sycl::access_mode::read_write, hipsycl::sycl::target::device, hipsycl::sycl::accessor_variant::unranged>::get_pointer<hipsycl::sycl::target::device, void>' requested here
  127 |       return _output.get_pointer();
      |                      ^
C:/dev/llvm-acpp-msvc-21/bin/../include/AdaptiveCpp\hipSYCL/algorithms/reduction/reduction_descriptor.hpp:34:29: note: in instantiation of member function 'hipsycl::algorithms::reduction::reduction_descriptor<hipsycl::algorithms::reduction::reduction_binary_operator<int, hipsycl::sycl::plus<int>>, hipsycl::sycl::accessor<int, 1, hipsycl::sycl::access_mode::read_write, hipsycl::sycl::target::device, hipsycl::sycl::accessor_variant::unranged>>::get_final_output_destination' requested here
   34 |   value_type *output = desc.get_final_output_destination();
      |                             ^
C:/dev/llvm-acpp-msvc-21/bin/../include/AdaptiveCpp\hipSYCL/algorithms/reduction\wg_model/group_horizontal_reducer.hpp:67:28: note: in instantiation of function template specialization 'hipsycl::algorithms::reduction::detail::set_reduction_result<hipsycl::algorithms::reduction::wg_model::configured_reduction_descriptor<hipsycl::algorithms::reduction::reduction_descriptor<hipsycl::algorithms::reduction::reduction_binary_operator<int, hipsycl::sycl::plus<int>>, hipsycl::sycl::accessor<int, 1, hipsycl::sycl::access_mode::read_write, hipsycl::sycl::target::device, hipsycl::sycl::accessor_variant::unranged>>>>' requested here
   67 |         reduction::detail::set_reduction_result(descriptor, group_result,
      |                            ^
C:/dev/llvm-acpp-msvc-21/bin/../include/AdaptiveCpp\hipSYCL/algorithms/reduction/reduction_engine.hpp:84:18: note: in instantiation of function template specialization 'hipsycl::algorithms::reduction::wg_model::group_horizontal_reducer<hipsycl::algorithms::reduction::wg_model::group_reductions::generic_local_memory<hipsycl::algorithms::reduction::reduction_descriptor<hipsycl::algorithms::reduction::reduction_binary_operator<int, hipsycl::sycl::plus<int>>, hipsycl::sycl::accessor<int, 1, hipsycl::sycl::access_mode::read_write, hipsycl::sycl::target::device, hipsycl::sycl::accessor_variant::unranged>>>>::finalize<hipsycl::sycl::nd_item<>, hipsycl::algorithms::reduction::wg_model::configured_reduction_descriptor<hipsycl::algorithms::reduction::reduction_descriptor<hipsycl::algorithms::reduction::reduction_binary_operator<int, hipsycl::sycl::plus<int>>, hipsycl::sycl::accessor<int, 1, hipsycl::sycl::access_mode::read_write, hipsycl::sycl::target::device, hipsycl::sycl::accessor_variant::unranged>>>, hipsycl::algorithms::reduction::wg_model::sequential_reducer<hipsycl::algorithms::reduction::reduction_binary_operator<int, hipsycl::sycl::plus<int>>>>' requested here
   84 |   (group_reducer.finalize(wi_index, descs, std::get<Is>(reducers_tuple)), ...);
      |                  ^
C:/dev/llvm-acpp-msvc-21/bin/../include/AdaptiveCpp\hipSYCL/algorithms/reduction/reduction_engine.hpp:92:3: note: (skipping 14 contexts in backtrace; use -ftemplate-backtrace-limit=0 to see all)
   92 |   invoke_finalize_with_reducers_impl(
      |   ^
C:/OpenFOAM/SPUMA/src/OpenFOAM/lnInclude\syclExecutor.cpp:100:15: note: in instantiation of function template specialization 'hipsycl::sycl::handler::parallel_for<__acpp_unnamed_kernel, hipsycl::algorithms::reduction::reduction_descriptor<hipsycl::algorithms::reduction::reduction_binary_operator<int, hipsycl::sycl::plus<int>>, hipsycl::sycl::accessor<int, 1, hipsycl::sycl::access_mode::read_write, hipsycl::sycl::target::device, hipsycl::sycl::accessor_variant::unranged>>, (lambda at C:\OpenFOAM\SPUMA\src\OpenFOAM\lnInclude\syclExecutor.cpp:101:17)>' requested here
  100 |             h.parallel_for(sycl::range<1>(size), sumReduction,
      |               ^
C:/OpenFOAM/SPUMA/src/OpenFOAM/lnInclude\executor.H:85:34: note: in instantiation of function template specialization 'Foam::syclExecutor::_backendReductionSum<(lambda at C:\OpenFOAM\SPUMA\src\OpenFOAM\lnInclude\FieldFunctions.C:534:26), int>' requested here
   85 |         (static_cast<T*>(this))->_backendReductionSum(lambda, result, size);
      |                                  ^
C:/OpenFOAM/SPUMA/src/OpenFOAM/lnInclude\FieldFunctions.C:536:18: note: in instantiation of function template specialization 'Foam::executor<Foam::syclExecutor>::reductionSum<(lambda at C:\OpenFOAM\SPUMA\src\OpenFOAM\lnInclude\FieldFunctions.C:534:26), int>' requested here
  536 |             exec.reductionSum(sumOp, &result, size);
      |                  ^
C:/OpenFOAM/SPUMA/src/OpenFOAM/lnInclude\FieldFunctions.C:547:26: note: in instantiation of function template specialization 'Foam::sum<int>' requested here
  547 | TMP_UNARY_FUNCTION(Type, sum)
      |                          ^
C:/OpenFOAM/SPUMA/src/OpenFOAM/lnInclude\FieldFunctions.C:463:22: note: expanded from macro 'TMP_UNARY_FUNCTION'
  463 |     ReturnType res = Func(tf1());                                              \
      |                      ^
C:/OpenFOAM/SPUMA/src/OpenFOAM/lnInclude\globalIndexAndTransformI.H:462:30: note: in instantiation of function template specialization 'Foam::sum<int>' requested here
  462 |     label nUsedTrans = round(sum(mag(permutation)));
      |                              ^
C:/dev/llvm-acpp-msvc-21/bin/../include/AdaptiveCpp\sycl\../hipSYCL/sycl\libkernel\multi_ptr.hpp:668:9: note: 'multi_ptr<int, hipsycl::sycl::access::address_space::global_space, hipsycl::sycl::access::decorated::legacy>' has been explicitly marked deprecated here
  668 | class [[deprecated]] multi_ptr<ElementType, Space, access::decorated::legacy> {
      |         ^
In file included from fvMesh/extendedStencil/cellToCell/extendedCellToCellStencil.C:28:
In file included from fvMesh/extendedStencil/cellToCell\extendedCellToCellStencil.H:41:
In file included from C:/OpenFOAM/SPUMA/src/OpenFOAM/lnInclude\mapDistribute.H:772:
In file included from C:/OpenFOAM/SPUMA/src/OpenFOAM/lnInclude\mapDistributeTemplates.C:32:
In file included from C:/OpenFOAM/SPUMA/src/OpenFOAM/lnInclude\transformField.H:43:
In file included from C:/OpenFOAM/SPUMA/src/OpenFOAM/lnInclude\septernion.H:49:
In file included from C:/OpenFOAM/SPUMA/src/OpenFOAM/lnInclude\spatialTransform.H:201:
C:/OpenFOAM/SPUMA/src/OpenFOAM/lnInclude\spatialTransformI.H:42:16: warning: instantiation of variable 'Foam::Tensor<double>::I' required here, but no definition is available [-Wundefined-var-template]
   42 |     E_(tensor::I),
      |                ^
C:/OpenFOAM/SPUMA/src/OpenFOAM/lnInclude\Tensor.H:83:29: note: forward declaration of template entity is here
   83 |         static const Tensor I;
      |                             ^
C:/OpenFOAM/SPUMA/src/OpenFOAM/lnInclude\spatialTransformI.H:42:16: note: add an explicit instantiation declaration to suppress this warning if 'Foam::Tensor<double>::I' is explicitly instantiated in another translation unit
   42 |     E_(tensor::I),
      |                ^
6 warnings generated.
  OK: 265610 bytes
Compiling fvMesh/extendedStencil/cellToCell/extendedCentredCellToCellStencil.C with omp ...
In file included from fvMesh/extendedStencil/cellToCell/extendedCentredCellToCellStencil.C:28:
In file included from fvMesh/extendedStencil/cellToCell\extendedCentredCellToCellStencil.H:39:
In file included from fvMesh/extendedStencil/cellToCell\extendedCellToCellStencil.H:41:
In file included from C:/OpenFOAM/SPUMA/src/OpenFOAM/lnInclude\mapDistribute.H:139:
In file included from C:/OpenFOAM/SPUMA/src/OpenFOAM/lnInclude\mapDistributeBase.H:77:
In file included from C:/OpenFOAM/SPUMA/src/OpenFOAM/lnInclude\boolList.H:32:
In file included from C:/OpenFOAM/SPUMA/src/OpenFOAM/lnInclude\List.H:47:
In file included from C:/OpenFOAM/SPUMA/src/OpenFOAM/lnInclude\autoPtr.H:348:
In file included from C:/OpenFOAM/SPUMA/src/OpenFOAM/lnInclude\autoPtrI.H:29:
In file included from C:/OpenFOAM/SPUMA/src/OpenFOAM/lnInclude\error.H:60:
In file included from C:/OpenFOAM/SPUMA/src/OpenFOAM/lnInclude\messageStream.H:57:
In file included from C:/OpenFOAM/SPUMA/src/OpenFOAM/lnInclude\label.H:42:
In file included from C:/OpenFOAM/SPUMA/src/OpenFOAM/lnInclude\int.H:45:
C:/OpenFOAM/SPUMA/src/OpenFOAM/lnInclude\int64.H:77:12: warning: absolute value function 'labs' given an argument of type 'const int64_t' (aka 'const long long') but has parameter of type 'long' which may cause truncation of value [-Wabsolute-value]
   77 |     return ::labs(val);
      |            ^
C:/OpenFOAM/SPUMA/src/OpenFOAM/lnInclude\int64.H:77:12: note: use function 'std::abs' instead
   77 |     return ::labs(val);
      |            ^~~~~~
      |            std::abs
In file included from fvMesh/extendedStencil/cellToCell/extendedCentredCellToCellStencil.C:28:
In file included from fvMesh/extendedStencil/cellToCell\extendedCentredCellToCellStencil.H:39:
In file included from fvMesh/extendedStencil/cellToCell\extendedCellToCellStencil.H:41:
In file included from C:/OpenFOAM/SPUMA/src/OpenFOAM/lnInclude\mapDistribute.H:141:
In file included from C:/OpenFOAM/SPUMA/src/OpenFOAM/lnInclude\vectorTensorTransform.H:262:
C:/OpenFOAM/SPUMA/src/OpenFOAM/lnInclude\vectorTensorTransformI.H:33:25: warning: instantiation of variable 'Foam::SphericalTensor<double>::I' required here, but no definition is available [-Wundefined-var-template]
   33 |     R_(sphericalTensor::I),
      |                         ^
C:/OpenFOAM/SPUMA/src/OpenFOAM/lnInclude\SphericalTensor.H:79:38: note: forward declaration of template entity is here
   79 |         static const SphericalTensor I;
      |                                      ^
C:/OpenFOAM/SPUMA/src/OpenFOAM/lnInclude\vectorTensorTransformI.H:33:25: note: add an explicit instantiation declaration to suppress this warning if 'Foam::SphericalTensor<double>::I' is explicitly instantiated in another translation unit
   33 |     R_(sphericalTensor::I),
      |                         ^
In file included from fvMesh/extendedStencil/cellToCell/extendedCentredCellToCellStencil.C:28:
In file included from fvMesh/extendedStencil/cellToCell\extendedCentredCellToCellStencil.H:39:
In file included from fvMesh/extendedStencil/cellToCell\extendedCellToCellStencil.H:41:
In file included from C:/OpenFOAM/SPUMA/src/OpenFOAM/lnInclude\mapDistribute.H:139:
In file included from C:/OpenFOAM/SPUMA/src/OpenFOAM/lnInclude\mapDistributeBase.H:77:
In file included from C:/OpenFOAM/SPUMA/src/OpenFOAM/lnInclude\boolList.H:32:
In file included from C:/OpenFOAM/SPUMA/src/OpenFOAM/lnInclude\List.H:47:
In file included from C:/OpenFOAM/SPUMA/src/OpenFOAM/lnInclude\autoPtr.H:348:
In file included from C:/OpenFOAM/SPUMA/src/OpenFOAM/lnInclude\autoPtrI.H:29:
In file included from C:/OpenFOAM/SPUMA/src/OpenFOAM/lnInclude\error.H:60:
In file included from C:/OpenFOAM/SPUMA/src/OpenFOAM/lnInclude\messageStream.H:57:
In file included from C:/OpenFOAM/SPUMA/src/OpenFOAM/lnInclude\label.H:42:
In file included from C:/OpenFOAM/SPUMA/src/OpenFOAM/lnInclude\int.H:41:
In file included from C:/OpenFOAM/SPUMA/src/OpenFOAM/lnInclude\deviceM.H:58:
In file included from C:/dev/llvm-acpp-msvc-21/bin/../include/AdaptiveCpp\sycl/sycl.hpp:14:
In file included from C:/dev/llvm-acpp-msvc-21/bin/../include/AdaptiveCpp\sycl\../hipSYCL/sycl/sycl.hpp:62:
In file included from C:/dev/llvm-acpp-msvc-21/bin/../include/AdaptiveCpp\sycl\../hipSYCL/sycl\libkernel/reduction.hpp:20:
C:/dev/llvm-acpp-msvc-21/bin/../include/AdaptiveCpp\hipSYCL/algorithms/reduction/reduction_descriptor.hpp:127:22: warning: 'multi_ptr<int, hipsycl::sycl::access::address_space::global_space, hipsycl::sycl::access::decorated::legacy>' is deprecated [-Wdeprecated-declarations]
  127 |       return _output.get_pointer();
      |                      ^
C:/dev/llvm-acpp-msvc-21/bin/../include/AdaptiveCpp\hipSYCL/algorithms/reduction/reduction_descriptor.hpp:34:29: note: in instantiation of member function 'hipsycl::algorithms::reduction::reduction_descriptor<hipsycl::algorithms::reduction::reduction_binary_operator<int, hipsycl::sycl::plus<int>>, hipsycl::sycl::accessor<int, 1, hipsycl::sycl::access_mode::read_write, hipsycl::sycl::target::device, hipsycl::sycl::accessor_variant::unranged>>::get_final_output_destination' requested here
   34 |   value_type *output = desc.get_final_output_destination();
      |                             ^
C:/dev/llvm-acpp-msvc-21/bin/../include/AdaptiveCpp\hipSYCL/algorithms/reduction\wg_model/group_horizontal_reducer.hpp:67:28: note: in instantiation of function template specialization 'hipsycl::algorithms::reduction::detail::set_reduction_result<hipsycl::algorithms::reduction::wg_model::configured_reduction_descriptor<hipsycl::algorithms::reduction::reduction_descriptor<hipsycl::algorithms::reduction::reduction_binary_operator<int, hipsycl::sycl::plus<int>>, hipsycl::sycl::accessor<int, 1, hipsycl::sycl::access_mode::read_write, hipsycl::sycl::target::device, hipsycl::sycl::accessor_variant::unranged>>>>' requested here
   67 |         reduction::detail::set_reduction_result(descriptor, group_result,
      |                            ^
C:/dev/llvm-acpp-msvc-21/bin/../include/AdaptiveCpp\hipSYCL/algorithms/reduction/reduction_engine.hpp:84:18: note: in instantiation of function template specialization 'hipsycl::algorithms::reduction::wg_model::group_horizontal_reducer<hipsycl::algorithms::reduction::wg_model::group_reductions::generic_local_memory<hipsycl::algorithms::reduction::reduction_descriptor<hipsycl::algorithms::reduction::reduction_binary_operator<int, hipsycl::sycl::plus<int>>, hipsycl::sycl::accessor<int, 1, hipsycl::sycl::access_mode::read_write, hipsycl::sycl::target::device, hipsycl::sycl::accessor_variant::unranged>>>>::finalize<hipsycl::sycl::nd_item<>, hipsycl::algorithms::reduction::wg_model::configured_reduction_descriptor<hipsycl::algorithms::reduction::reduction_descriptor<hipsycl::algorithms::reduction::reduction_binary_operator<int, hipsycl::sycl::plus<int>>, hipsycl::sycl::accessor<int, 1, hipsycl::sycl::access_mode::read_write, hipsycl::sycl::target::device, hipsycl::sycl::accessor_variant::unranged>>>, hipsycl::algorithms::reduction::wg_model::sequential_reducer<hipsycl::algorithms::reduction::reduction_binary_operator<int, hipsycl::sycl::plus<int>>>>' requested here
   84 |   (group_reducer.finalize(wi_index, descs, std::get<Is>(reducers_tuple)), ...);
      |                  ^
C:/dev/llvm-acpp-msvc-21/bin/../include/AdaptiveCpp\hipSYCL/algorithms/reduction/reduction_engine.hpp:92:3: note: in instantiation of function template specialization 'hipsycl::algorithms::reduction::invoke_helpers::invoke_finalize_with_reducers_impl<hipsycl::algorithms::reduction::wg_model::group_horizontal_reducer<hipsycl::algorithms::reduction::wg_model::group_reductions::generic_local_memory<hipsycl::algorithms::reduction::reduction_descriptor<hipsycl::algorithms::reduction::reduction_binary_operator<int, hipsycl::sycl::plus<int>>, hipsycl::sycl::accessor<int, 1, hipsycl::sycl::access_mode::read_write, hipsycl::sycl::target::device, hipsycl::sycl::accessor_variant::unranged>>>>, hipsycl::sycl::nd_item<>, std::tuple<hipsycl::algorithms::reduction::wg_model::sequential_reducer<hipsycl::algorithms::reduction::reduction_binary_operator<int, hipsycl::sycl::plus<int>>>>, 0ULL, hipsycl::algorithms::reduction::wg_model::configured_reduction_descriptor<hipsycl::algorithms::reduction::reduction_descriptor<hipsycl::algorithms::reduction::reduction_binary_operator<int, hipsycl::sycl::plus<int>>, hipsycl::sycl::accessor<int, 1, hipsycl::sycl::access_mode::read_write, hipsycl::sycl::target::device, hipsycl::sycl::accessor_variant::unranged>>>>' requested here
   92 |   invoke_finalize_with_reducers_impl(
      |   ^
C:/dev/llvm-acpp-msvc-21/bin/../include/AdaptiveCpp\hipSYCL/algorithms/reduction/reduction_engine.hpp:229:21: note: in instantiation of function template specialization 'hipsycl::algorithms::reduction::invoke_helpers::invoke_finalize_with_reducers<hipsycl::algorithms::reduction::wg_model::group_horizontal_reducer<hipsycl::algorithms::reduction::wg_model::group_reductions::generic_local_memory<hipsycl::algorithms::reduction::reduction_descriptor<hipsycl::algorithms::reduction::reduction_binary_operator<int, hipsycl::sycl::plus<int>>, hipsycl::sycl::accessor<int, 1, hipsycl::sycl::access_mode::read_write, hipsycl::sycl::target::device, hipsycl::sycl::accessor_variant::unranged>>>>, hipsycl::sycl::nd_item<>, hipsycl::algorithms::reduction::wg_model::sequential_reducer<hipsycl::algorithms::reduction::reduction_binary_operator<int, hipsycl::sycl::plus<int>>>, hipsycl::algorithms::reduction::wg_model::configured_reduction_descriptor<hipsycl::algorithms::reduction::reduction_descriptor<hipsycl::algorithms::reduction::reduction_binary_operator<int, hipsycl::sycl::plus<int>>, hipsycl::sycl::accessor<int, 1, hipsycl::sycl::access_mode::read_write, hipsycl::sycl::target::device, hipsycl::sycl::accessor_variant::unranged>>>>' requested here
  229 |     invoke_helpers::invoke_finalize_with_reducers(group_reducer, wi_index, wi_reducers, descs...);
      |                     ^
C:\Program Files (x86)\Microsoft Visual Studio\2022\BuildTools\VC\Tools\MSVC\14.41.34120\include\type_traits:1714:16: note: (skipping 12 contexts in backtrace; use -ftemplate-backtrace-limit=0 to see all)
 1714 |         return static_cast<_Callable&&>(_Obj)(static_cast<_Ty1&&>(_Arg1), static_cast<_Types2&&>(_Args2)...);
      |                ^
C:/OpenFOAM/SPUMA/src/OpenFOAM/lnInclude\syclExecutor.cpp:100:15: note: in instantiation of function template specialization 'hipsycl::sycl::handler::parallel_for<__acpp_unnamed_kernel, hipsycl::algorithms::reduction::reduction_descriptor<hipsycl::algorithms::reduction::reduction_binary_operator<int, hipsycl::sycl::plus<int>>, hipsycl::sycl::accessor<int, 1, hipsycl::sycl::access_mode::read_write, hipsycl::sycl::target::device, hipsycl::sycl::accessor_variant::unranged>>, (lambda at C:\OpenFOAM\SPUMA\src\OpenFOAM\lnInclude\syclExecutor.cpp:101:17)>' requested here
  100 |             h.parallel_for(sycl::range<1>(size), sumReduction,
      |               ^
C:/OpenFOAM/SPUMA/src/OpenFOAM/lnInclude\executor.H:85:34: note: in instantiation of function template specialization 'Foam::syclExecutor::_backendReductionSum<(lambda at C:\OpenFOAM\SPUMA\src\OpenFOAM\lnInclude\FieldFunctions.C:534:26), int>' requested here
   85 |         (static_cast<T*>(this))->_backendReductionSum(lambda, result, size);
      |                                  ^
C:/OpenFOAM/SPUMA/src/OpenFOAM/lnInclude\FieldFunctions.C:536:18: note: in instantiation of function template specialization 'Foam::executor<Foam::syclExecutor>::reductionSum<(lambda at C:\OpenFOAM\SPUMA\src\OpenFOAM\lnInclude\FieldFunctions.C:534:26), int>' requested here
  536 |             exec.reductionSum(sumOp, &result, size);
      |                  ^
C:/OpenFOAM/SPUMA/src/OpenFOAM/lnInclude\FieldFunctions.C:547:26: note: in instantiation of function template specialization 'Foam::sum<int>' requested here
  547 | TMP_UNARY_FUNCTION(Type, sum)
      |                          ^
C:/OpenFOAM/SPUMA/src/OpenFOAM/lnInclude\FieldFunctions.C:463:22: note: expanded from macro 'TMP_UNARY_FUNCTION'
  463 |     ReturnType res = Func(tf1());                                              \
      |                      ^
C:/OpenFOAM/SPUMA/src/OpenFOAM/lnInclude\globalIndexAndTransformI.H:462:30: note: in instantiation of function template specialization 'Foam::sum<int>' requested here
  462 |     label nUsedTrans = round(sum(mag(permutation)));
      |                              ^
C:/dev/llvm-acpp-msvc-21/bin/../include/AdaptiveCpp\sycl\../hipSYCL/sycl\libkernel\multi_ptr.hpp:668:9: note: 'multi_ptr<int, hipsycl::sycl::access::address_space::global_space, hipsycl::sycl::access::decorated::legacy>' has been explicitly marked deprecated here
  668 | class [[deprecated]] multi_ptr<ElementType, Space, access::decorated::legacy> {
      |         ^
In file included from fvMesh/extendedStencil/cellToCell/extendedCentredCellToCellStencil.C:28:
In file included from fvMesh/extendedStencil/cellToCell\extendedCentredCellToCellStencil.H:39:
In file included from fvMesh/extendedStencil/cellToCell\extendedCellToCellStencil.H:41:
In file included from C:/OpenFOAM/SPUMA/src/OpenFOAM/lnInclude\mapDistribute.H:139:
In file included from C:/OpenFOAM/SPUMA/src/OpenFOAM/lnInclude\mapDistributeBase.H:77:
In file included from C:/OpenFOAM/SPUMA/src/OpenFOAM/lnInclude\boolList.H:32:
In file included from C:/OpenFOAM/SPUMA/src/OpenFOAM/lnInclude\List.H:47:
In file included from C:/OpenFOAM/SPUMA/src/OpenFOAM/lnInclude\autoPtr.H:348:
In file included from C:/OpenFOAM/SPUMA/src/OpenFOAM/lnInclude\autoPtrI.H:29:
In file included from C:/OpenFOAM/SPUMA/src/OpenFOAM/lnInclude\error.H:60:
In file included from C:/OpenFOAM/SPUMA/src/OpenFOAM/lnInclude\messageStream.H:57:
In file included from C:/OpenFOAM/SPUMA/src/OpenFOAM/lnInclude\label.H:42:
In file included from C:/OpenFOAM/SPUMA/src/OpenFOAM/lnInclude\int.H:41:
In file included from C:/OpenFOAM/SPUMA/src/OpenFOAM/lnInclude\deviceM.H:58:
In file included from C:/dev/llvm-acpp-msvc-21/bin/../include/AdaptiveCpp\sycl/sycl.hpp:14:
In file included from C:/dev/llvm-acpp-msvc-21/bin/../include/AdaptiveCpp\sycl\../hipSYCL/sycl/sycl.hpp:62:
In file included from C:/dev/llvm-acpp-msvc-21/bin/../include/AdaptiveCpp\sycl\../hipSYCL/sycl\libkernel/reduction.hpp:20:
C:/dev/llvm-acpp-msvc-21/bin/../include/AdaptiveCpp\hipSYCL/algorithms/reduction/reduction_descriptor.hpp:127:14: warning: 'multi_ptr<const int, hipsycl::sycl::access::address_space::global_space, hipsycl::sycl::access::decorated::legacy>' is deprecated [-Wdeprecated-declarations]
  127 |       return _output.get_pointer();
      |              ^
C:/dev/llvm-acpp-msvc-21/bin/../include/AdaptiveCpp\sycl\../hipSYCL/sycl\libkernel\multi_ptr.hpp:668:9: note: 'multi_ptr<const int, hipsycl::sycl::access::address_space::global_space, hipsycl::sycl::access::decorated::legacy>' has been explicitly marked deprecated here
  668 | class [[deprecated]] multi_ptr<ElementType, Space, access::decorated::legacy> {
      |         ^
C:/dev/llvm-acpp-msvc-21/bin/../include/AdaptiveCpp\sycl\../hipSYCL/sycl\libkernel\multi_ptr.hpp:1001:1: warning: 'multi_ptr<int, hipsycl::sycl::access::address_space::global_space, hipsycl::sycl::access::decorated::legacy>' is deprecated [-Wdeprecated-declarations]
 1001 | using global_ptr = multi_ptr<ElementType, access::address_space::global_space, IsDecorated>;
      | ^
C:/dev/llvm-acpp-msvc-21/bin/../include/AdaptiveCpp\sycl\../hipSYCL/sycl\libkernel/accessor.hpp:1274:12: note: in instantiation of template type alias 'global_ptr' requested here
 1274 |     return global_ptr<dataT>{const_cast<dataT*>(this->_ptr.get())};
      |            ^
C:/dev/llvm-acpp-msvc-21/bin/../include/AdaptiveCpp\hipSYCL/algorithms/reduction/reduction_descriptor.hpp:127:22: note: in instantiation of function template specialization 'hipsycl::sycl::accessor<int, 1, hipsycl::sycl::access_mode::read_write, hipsycl::sycl::target::device, hipsycl::sycl::accessor_variant::unranged>::get_pointer<hipsycl::sycl::target::device, void>' requested here
  127 |       return _output.get_pointer();
      |                      ^
C:/dev/llvm-acpp-msvc-21/bin/../include/AdaptiveCpp\hipSYCL/algorithms/reduction/reduction_descriptor.hpp:34:29: note: in instantiation of member function 'hipsycl::algorithms::reduction::reduction_descriptor<hipsycl::algorithms::reduction::reduction_binary_operator<int, hipsycl::sycl::plus<int>>, hipsycl::sycl::accessor<int, 1, hipsycl::sycl::access_mode::read_write, hipsycl::sycl::target::device, hipsycl::sycl::accessor_variant::unranged>>::get_final_output_destination' requested here
   34 |   value_type *output = desc.get_final_output_destination();
      |                             ^
C:/dev/llvm-acpp-msvc-21/bin/../include/AdaptiveCpp\hipSYCL/algorithms/reduction\wg_model/group_horizontal_reducer.hpp:67:28: note: in instantiation of function template specialization 'hipsycl::algorithms::reduction::detail::set_reduction_result<hipsycl::algorithms::reduction::wg_model::configured_reduction_descriptor<hipsycl::algorithms::reduction::reduction_descriptor<hipsycl::algorithms::reduction::reduction_binary_operator<int, hipsycl::sycl::plus<int>>, hipsycl::sycl::accessor<int, 1, hipsycl::sycl::access_mode::read_write, hipsycl::sycl::target::device, hipsycl::sycl::accessor_variant::unranged>>>>' requested here
   67 |         reduction::detail::set_reduction_result(descriptor, group_result,
      |                            ^
C:/dev/llvm-acpp-msvc-21/bin/../include/AdaptiveCpp\hipSYCL/algorithms/reduction/reduction_engine.hpp:84:18: note: in instantiation of function template specialization 'hipsycl::algorithms::reduction::wg_model::group_horizontal_reducer<hipsycl::algorithms::reduction::wg_model::group_reductions::generic_local_memory<hipsycl::algorithms::reduction::reduction_descriptor<hipsycl::algorithms::reduction::reduction_binary_operator<int, hipsycl::sycl::plus<int>>, hipsycl::sycl::accessor<int, 1, hipsycl::sycl::access_mode::read_write, hipsycl::sycl::target::device, hipsycl::sycl::accessor_variant::unranged>>>>::finalize<hipsycl::sycl::nd_item<>, hipsycl::algorithms::reduction::wg_model::configured_reduction_descriptor<hipsycl::algorithms::reduction::reduction_descriptor<hipsycl::algorithms::reduction::reduction_binary_operator<int, hipsycl::sycl::plus<int>>, hipsycl::sycl::accessor<int, 1, hipsycl::sycl::access_mode::read_write, hipsycl::sycl::target::device, hipsycl::sycl::accessor_variant::unranged>>>, hipsycl::algorithms::reduction::wg_model::sequential_reducer<hipsycl::algorithms::reduction::reduction_binary_operator<int, hipsycl::sycl::plus<int>>>>' requested here
   84 |   (group_reducer.finalize(wi_index, descs, std::get<Is>(reducers_tuple)), ...);
      |                  ^
C:/dev/llvm-acpp-msvc-21/bin/../include/AdaptiveCpp\hipSYCL/algorithms/reduction/reduction_engine.hpp:92:3: note: (skipping 14 contexts in backtrace; use -ftemplate-backtrace-limit=0 to see all)
   92 |   invoke_finalize_with_reducers_impl(
      |   ^
C:/OpenFOAM/SPUMA/src/OpenFOAM/lnInclude\syclExecutor.cpp:100:15: note: in instantiation of function template specialization 'hipsycl::sycl::handler::parallel_for<__acpp_unnamed_kernel, hipsycl::algorithms::reduction::reduction_descriptor<hipsycl::algorithms::reduction::reduction_binary_operator<int, hipsycl::sycl::plus<int>>, hipsycl::sycl::accessor<int, 1, hipsycl::sycl::access_mode::read_write, hipsycl::sycl::target::device, hipsycl::sycl::accessor_variant::unranged>>, (lambda at C:\OpenFOAM\SPUMA\src\OpenFOAM\lnInclude\syclExecutor.cpp:101:17)>' requested here
  100 |             h.parallel_for(sycl::range<1>(size), sumReduction,
      |               ^
C:/OpenFOAM/SPUMA/src/OpenFOAM/lnInclude\executor.H:85:34: note: in instantiation of function template specialization 'Foam::syclExecutor::_backendReductionSum<(lambda at C:\OpenFOAM\SPUMA\src\OpenFOAM\lnInclude\FieldFunctions.C:534:26), int>' requested here
   85 |         (static_cast<T*>(this))->_backendReductionSum(lambda, result, size);
      |                                  ^
C:/OpenFOAM/SPUMA/src/OpenFOAM/lnInclude\FieldFunctions.C:536:18: note: in instantiation of function template specialization 'Foam::executor<Foam::syclExecutor>::reductionSum<(lambda at C:\OpenFOAM\SPUMA\src\OpenFOAM\lnInclude\FieldFunctions.C:534:26), int>' requested here
  536 |             exec.reductionSum(sumOp, &result, size);
      |                  ^
C:/OpenFOAM/SPUMA/src/OpenFOAM/lnInclude\FieldFunctions.C:547:26: note: in instantiation of function template specialization 'Foam::sum<int>' requested here
  547 | TMP_UNARY_FUNCTION(Type, sum)
      |                          ^
C:/OpenFOAM/SPUMA/src/OpenFOAM/lnInclude\FieldFunctions.C:463:22: note: expanded from macro 'TMP_UNARY_FUNCTION'
  463 |     ReturnType res = Func(tf1());                                              \
      |                      ^
C:/OpenFOAM/SPUMA/src/OpenFOAM/lnInclude\globalIndexAndTransformI.H:462:30: note: in instantiation of function template specialization 'Foam::sum<int>' requested here
  462 |     label nUsedTrans = round(sum(mag(permutation)));
      |                              ^
C:/dev/llvm-acpp-msvc-21/bin/../include/AdaptiveCpp\sycl\../hipSYCL/sycl\libkernel\multi_ptr.hpp:668:9: note: 'multi_ptr<int, hipsycl::sycl::access::address_space::global_space, hipsycl::sycl::access::decorated::legacy>' has been explicitly marked deprecated here
  668 | class [[deprecated]] multi_ptr<ElementType, Space, access::decorated::legacy> {
      |         ^
In file included from fvMesh/extendedStencil/cellToCell/extendedCentredCellToCellStencil.C:28:
In file included from fvMesh/extendedStencil/cellToCell\extendedCentredCellToCellStencil.H:39:
In file included from fvMesh/extendedStencil/cellToCell\extendedCellToCellStencil.H:41:
In file included from C:/OpenFOAM/SPUMA/src/OpenFOAM/lnInclude\mapDistribute.H:772:
In file included from C:/OpenFOAM/SPUMA/src/OpenFOAM/lnInclude\mapDistributeTemplates.C:32:
In file included from C:/OpenFOAM/SPUMA/src/OpenFOAM/lnInclude\transformField.H:43:
In file included from C:/OpenFOAM/SPUMA/src/OpenFOAM/lnInclude\septernion.H:49:
In file included from C:/OpenFOAM/SPUMA/src/OpenFOAM/lnInclude\spatialTransform.H:201:
C:/OpenFOAM/SPUMA/src/OpenFOAM/lnInclude\spatialTransformI.H:42:16: warning: instantiation of variable 'Foam::Tensor<double>::I' required here, but no definition is available [-Wundefined-var-template]
   42 |     E_(tensor::I),
      |                ^
C:/OpenFOAM/SPUMA/src/OpenFOAM/lnInclude\Tensor.H:83:29: note: forward declaration of template entity is here
   83 |         static const Tensor I;
      |                             ^
C:/OpenFOAM/SPUMA/src/OpenFOAM/lnInclude\spatialTransformI.H:42:16: note: add an explicit instantiation declaration to suppress this warning if 'Foam::Tensor<double>::I' is explicitly instantiated in another translation unit
   42 |     E_(tensor::I),
      |                ^
6 warnings generated.
  OK: 278800 bytes
Compiling fvMesh/extendedStencil/cellToCell/MeshObjects/centredCECCellToCellStencilObject.C with omp ...
In file included from fvMesh/extendedStencil/cellToCell/MeshObjects/centredCECCellToCellStencilObject.C:28:
In file included from fvMesh/extendedStencil/cellToCell/MeshObjects\centredCECCellToCellStencilObject.H:39:
In file included from lnInclude\extendedCentredCellToCellStencil.H:39:
In file included from lnInclude\extendedCellToCellStencil.H:41:
In file included from C:/OpenFOAM/SPUMA/src/OpenFOAM/lnInclude\mapDistribute.H:139:
In file included from C:/OpenFOAM/SPUMA/src/OpenFOAM/lnInclude\mapDistributeBase.H:77:
In file included from C:/OpenFOAM/SPUMA/src/OpenFOAM/lnInclude\boolList.H:32:
In file included from C:/OpenFOAM/SPUMA/src/OpenFOAM/lnInclude\List.H:47:
In file included from C:/OpenFOAM/SPUMA/src/OpenFOAM/lnInclude\autoPtr.H:348:
In file included from C:/OpenFOAM/SPUMA/src/OpenFOAM/lnInclude\autoPtrI.H:29:
In file included from C:/OpenFOAM/SPUMA/src/OpenFOAM/lnInclude\error.H:60:
In file included from C:/OpenFOAM/SPUMA/src/OpenFOAM/lnInclude\messageStream.H:57:
In file included from C:/OpenFOAM/SPUMA/src/OpenFOAM/lnInclude\label.H:42:
In file included from C:/OpenFOAM/SPUMA/src/OpenFOAM/lnInclude\int.H:45:
C:/OpenFOAM/SPUMA/src/OpenFOAM/lnInclude\int64.H:77:12: warning: absolute value function 'labs' given an argument of type 'const int64_t' (aka 'const long long') but has parameter of type 'long' which may cause truncation of value [-Wabsolute-value]
   77 |     return ::labs(val);
      |            ^
C:/OpenFOAM/SPUMA/src/OpenFOAM/lnInclude\int64.H:77:12: note: use function 'std::abs' instead
   77 |     return ::labs(val);
      |            ^~~~~~
      |            std::abs
In file included from fvMesh/extendedStencil/cellToCell/MeshObjects/centredCECCellToCellStencilObject.C:28:
In file included from fvMesh/extendedStencil/cellToCell/MeshObjects\centredCECCellToCellStencilObject.H:39:
In file included from lnInclude\extendedCentredCellToCellStencil.H:39:
In file included from lnInclude\extendedCellToCellStencil.H:41:
In file included from C:/OpenFOAM/SPUMA/src/OpenFOAM/lnInclude\mapDistribute.H:141:
In file included from C:/OpenFOAM/SPUMA/src/OpenFOAM/lnInclude\vectorTensorTransform.H:262:
C:/OpenFOAM/SPUMA/src/OpenFOAM/lnInclude\vectorTensorTransformI.H:33:25: warning: instantiation of variable 'Foam::SphericalTensor<double>::I' required here, but no definition is available [-Wundefined-var-template]
   33 |     R_(sphericalTensor::I),
      |                         ^
C:/OpenFOAM/SPUMA/src/OpenFOAM/lnInclude\SphericalTensor.H:79:38: note: forward declaration of template entity is here
   79 |         static const SphericalTensor I;
      |                                      ^
C:/OpenFOAM/SPUMA/src/OpenFOAM/lnInclude\vectorTensorTransformI.H:33:25: note: add an explicit instantiation declaration to suppress this warning if 'Foam::SphericalTensor<double>::I' is explicitly instantiated in another translation unit
   33 |     R_(sphericalTensor::I),
      |                         ^
In file included from fvMesh/extendedStencil/cellToCell/MeshObjects/centredCECCellToCellStencilObject.C:28:
In file included from fvMesh/extendedStencil/cellToCell/MeshObjects\centredCECCellToCellStencilObject.H:39:
In file included from lnInclude\extendedCentredCellToCellStencil.H:39:
In file included from lnInclude\extendedCellToCellStencil.H:41:
In file included from C:/OpenFOAM/SPUMA/src/OpenFOAM/lnInclude\mapDistribute.H:139:
In file included from C:/OpenFOAM/SPUMA/src/OpenFOAM/lnInclude\mapDistributeBase.H:77:
In file included from C:/OpenFOAM/SPUMA/src/OpenFOAM/lnInclude\boolList.H:32:
In file included from C:/OpenFOAM/SPUMA/src/OpenFOAM/lnInclude\List.H:47:
In file included from C:/OpenFOAM/SPUMA/src/OpenFOAM/lnInclude\autoPtr.H:348:
In file included from C:/OpenFOAM/SPUMA/src/OpenFOAM/lnInclude\autoPtrI.H:29:
In file included from C:/OpenFOAM/SPUMA/src/OpenFOAM/lnInclude\error.H:60:
In file included from C:/OpenFOAM/SPUMA/src/OpenFOAM/lnInclude\messageStream.H:57:
In file included from C:/OpenFOAM/SPUMA/src/OpenFOAM/lnInclude\label.H:42:
In file included from C:/OpenFOAM/SPUMA/src/OpenFOAM/lnInclude\int.H:41:
In file included from C:/OpenFOAM/SPUMA/src/OpenFOAM/lnInclude\deviceM.H:58:
In file included from C:/dev/llvm-acpp-msvc-21/bin/../include/AdaptiveCpp\sycl/sycl.hpp:14:
In file included from C:/dev/llvm-acpp-msvc-21/bin/../include/AdaptiveCpp\sycl\../hipSYCL/sycl/sycl.hpp:62:
In file included from C:/dev/llvm-acpp-msvc-21/bin/../include/AdaptiveCpp\sycl\../hipSYCL/sycl\libkernel/reduction.hpp:20:
C:/dev/llvm-acpp-msvc-21/bin/../include/AdaptiveCpp\hipSYCL/algorithms/reduction/reduction_descriptor.hpp:127:22: warning: 'multi_ptr<int, hipsycl::sycl::access::address_space::global_space, hipsycl::sycl::access::decorated::legacy>' is deprecated [-Wdeprecated-declarations]
  127 |       return _output.get_pointer();
      |                      ^
C:/dev/llvm-acpp-msvc-21/bin/../include/AdaptiveCpp\hipSYCL/algorithms/reduction/reduction_descriptor.hpp:34:29: note: in instantiation of member function 'hipsycl::algorithms::reduction::reduction_descriptor<hipsycl::algorithms::reduction::reduction_binary_operator<int, hipsycl::sycl::plus<int>>, hipsycl::sycl::accessor<int, 1, hipsycl::sycl::access_mode::read_write, hipsycl::sycl::target::device, hipsycl::sycl::accessor_variant::unranged>>::get_final_output_destination' requested here
   34 |   value_type *output = desc.get_final_output_destination();
      |                             ^
C:/dev/llvm-acpp-msvc-21/bin/../include/AdaptiveCpp\hipSYCL/algorithms/reduction\wg_model/group_horizontal_reducer.hpp:67:28: note: in instantiation of function template specialization 'hipsycl::algorithms::reduction::detail::set_reduction_result<hipsycl::algorithms::reduction::wg_model::configured_reduction_descriptor<hipsycl::algorithms::reduction::reduction_descriptor<hipsycl::algorithms::reduction::reduction_binary_operator<int, hipsycl::sycl::plus<int>>, hipsycl::sycl::accessor<int, 1, hipsycl::sycl::access_mode::read_write, hipsycl::sycl::target::device, hipsycl::sycl::accessor_variant::unranged>>>>' requested here
   67 |         reduction::detail::set_reduction_result(descriptor, group_result,
      |                            ^
C:/dev/llvm-acpp-msvc-21/bin/../include/AdaptiveCpp\hipSYCL/algorithms/reduction/reduction_engine.hpp:84:18: note: in instantiation of function template specialization 'hipsycl::algorithms::reduction::wg_model::group_horizontal_reducer<hipsycl::algorithms::reduction::wg_model::group_reductions::generic_local_memory<hipsycl::algorithms::reduction::reduction_descriptor<hipsycl::algorithms::reduction::reduction_binary_operator<int, hipsycl::sycl::plus<int>>, hipsycl::sycl::accessor<int, 1, hipsycl::sycl::access_mode::read_write, hipsycl::sycl::target::device, hipsycl::sycl::accessor_variant::unranged>>>>::finalize<hipsycl::sycl::nd_item<>, hipsycl::algorithms::reduction::wg_model::configured_reduction_descriptor<hipsycl::algorithms::reduction::reduction_descriptor<hipsycl::algorithms::reduction::reduction_binary_operator<int, hipsycl::sycl::plus<int>>, hipsycl::sycl::accessor<int, 1, hipsycl::sycl::access_mode::read_write, hipsycl::sycl::target::device, hipsycl::sycl::accessor_variant::unranged>>>, hipsycl::algorithms::reduction::wg_model::sequential_reducer<hipsycl::algorithms::reduction::reduction_binary_operator<int, hipsycl::sycl::plus<int>>>>' requested here
   84 |   (group_reducer.finalize(wi_index, descs, std::get<Is>(reducers_tuple)), ...);
      |                  ^
C:/dev/llvm-acpp-msvc-21/bin/../include/AdaptiveCpp\hipSYCL/algorithms/reduction/reduction_engine.hpp:92:3: note: in instantiation of function template specialization 'hipsycl::algorithms::reduction::invoke_helpers::invoke_finalize_with_reducers_impl<hipsycl::algorithms::reduction::wg_model::group_horizontal_reducer<hipsycl::algorithms::reduction::wg_model::group_reductions::generic_local_memory<hipsycl::algorithms::reduction::reduction_descriptor<hipsycl::algorithms::reduction::reduction_binary_operator<int, hipsycl::sycl::plus<int>>, hipsycl::sycl::accessor<int, 1, hipsycl::sycl::access_mode::read_write, hipsycl::sycl::target::device, hipsycl::sycl::accessor_variant::unranged>>>>, hipsycl::sycl::nd_item<>, std::tuple<hipsycl::algorithms::reduction::wg_model::sequential_reducer<hipsycl::algorithms::reduction::reduction_binary_operator<int, hipsycl::sycl::plus<int>>>>, 0ULL, hipsycl::algorithms::reduction::wg_model::configured_reduction_descriptor<hipsycl::algorithms::reduction::reduction_descriptor<hipsycl::algorithms::reduction::reduction_binary_operator<int, hipsycl::sycl::plus<int>>, hipsycl::sycl::accessor<int, 1, hipsycl::sycl::access_mode::read_write, hipsycl::sycl::target::device, hipsycl::sycl::accessor_variant::unranged>>>>' requested here
   92 |   invoke_finalize_with_reducers_impl(
      |   ^
C:/dev/llvm-acpp-msvc-21/bin/../include/AdaptiveCpp\hipSYCL/algorithms/reduction/reduction_engine.hpp:229:21: note: in instantiation of function template specialization 'hipsycl::algorithms::reduction::invoke_helpers::invoke_finalize_with_reducers<hipsycl::algorithms::reduction::wg_model::group_horizontal_reducer<hipsycl::algorithms::reduction::wg_model::group_reductions::generic_local_memory<hipsycl::algorithms::reduction::reduction_descriptor<hipsycl::algorithms::reduction::reduction_binary_operator<int, hipsycl::sycl::plus<int>>, hipsycl::sycl::accessor<int, 1, hipsycl::sycl::access_mode::read_write, hipsycl::sycl::target::device, hipsycl::sycl::accessor_variant::unranged>>>>, hipsycl::sycl::nd_item<>, hipsycl::algorithms::reduction::wg_model::sequential_reducer<hipsycl::algorithms::reduction::reduction_binary_operator<int, hipsycl::sycl::plus<int>>>, hipsycl::algorithms::reduction::wg_model::configured_reduction_descriptor<hipsycl::algorithms::reduction::reduction_descriptor<hipsycl::algorithms::reduction::reduction_binary_operator<int, hipsycl::sycl::plus<int>>, hipsycl::sycl::accessor<int, 1, hipsycl::sycl::access_mode::read_write, hipsycl::sycl::target::device, hipsycl::sycl::accessor_variant::unranged>>>>' requested here
  229 |     invoke_helpers::invoke_finalize_with_reducers(group_reducer, wi_index, wi_reducers, descs...);
      |                     ^
C:\Program Files (x86)\Microsoft Visual Studio\2022\BuildTools\VC\Tools\MSVC\14.41.34120\include\type_traits:1714:16: note: (skipping 12 contexts in backtrace; use -ftemplate-backtrace-limit=0 to see all)
 1714 |         return static_cast<_Callable&&>(_Obj)(static_cast<_Ty1&&>(_Arg1), static_cast<_Types2&&>(_Args2)...);
      |                ^
C:/OpenFOAM/SPUMA/src/OpenFOAM/lnInclude\syclExecutor.cpp:100:15: note: in instantiation of function template specialization 'hipsycl::sycl::handler::parallel_for<__acpp_unnamed_kernel, hipsycl::algorithms::reduction::reduction_descriptor<hipsycl::algorithms::reduction::reduction_binary_operator<int, hipsycl::sycl::plus<int>>, hipsycl::sycl::accessor<int, 1, hipsycl::sycl::access_mode::read_write, hipsycl::sycl::target::device, hipsycl::sycl::accessor_variant::unranged>>, (lambda at C:\OpenFOAM\SPUMA\src\OpenFOAM\lnInclude\syclExecutor.cpp:101:17)>' requested here
  100 |             h.parallel_for(sycl::range<1>(size), sumReduction,
      |               ^
C:/OpenFOAM/SPUMA/src/OpenFOAM/lnInclude\executor.H:85:34: note: in instantiation of function template specialization 'Foam::syclExecutor::_backendReductionSum<(lambda at C:\OpenFOAM\SPUMA\src\OpenFOAM\lnInclude\FieldFunctions.C:534:26), int>' requested here
   85 |         (static_cast<T*>(this))->_backendReductionSum(lambda, result, size);
      |                                  ^
C:/OpenFOAM/SPUMA/src/OpenFOAM/lnInclude\FieldFunctions.C:536:18: note: in instantiation of function template specialization 'Foam::executor<Foam::syclExecutor>::reductionSum<(lambda at C:\OpenFOAM\SPUMA\src\OpenFOAM\lnInclude\FieldFunctions.C:534:26), int>' requested here
  536 |             exec.reductionSum(sumOp, &result, size);
      |                  ^
C:/OpenFOAM/SPUMA/src/OpenFOAM/lnInclude\FieldFunctions.C:547:26: note: in instantiation of function template specialization 'Foam::sum<int>' requested here
  547 | TMP_UNARY_FUNCTION(Type, sum)
      |                          ^
C:/OpenFOAM/SPUMA/src/OpenFOAM/lnInclude\FieldFunctions.C:463:22: note: expanded from macro 'TMP_UNARY_FUNCTION'
  463 |     ReturnType res = Func(tf1());                                              \
      |                      ^
C:/OpenFOAM/SPUMA/src/OpenFOAM/lnInclude\globalIndexAndTransformI.H:462:30: note: in instantiation of function template specialization 'Foam::sum<int>' requested here
  462 |     label nUsedTrans = round(sum(mag(permutation)));
      |                              ^
C:/dev/llvm-acpp-msvc-21/bin/../include/AdaptiveCpp\sycl\../hipSYCL/sycl\libkernel\multi_ptr.hpp:668:9: note: 'multi_ptr<int, hipsycl::sycl::access::address_space::global_space, hipsycl::sycl::access::decorated::legacy>' has been explicitly marked deprecated here
  668 | class [[deprecated]] multi_ptr<ElementType, Space, access::decorated::legacy> {
      |         ^
In file included from fvMesh/extendedStencil/cellToCell/MeshObjects/centredCECCellToCellStencilObject.C:28:
In file included from fvMesh/extendedStencil/cellToCell/MeshObjects\centredCECCellToCellStencilObject.H:39:
In file included from lnInclude\extendedCentredCellToCellStencil.H:39:
In file included from lnInclude\extendedCellToCellStencil.H:41:
In file included from C:/OpenFOAM/SPUMA/src/OpenFOAM/lnInclude\mapDistribute.H:139:
In file included from C:/OpenFOAM/SPUMA/src/OpenFOAM/lnInclude\mapDistributeBase.H:77:
In file included from C:/OpenFOAM/SPUMA/src/OpenFOAM/lnInclude\boolList.H:32:
In file included from C:/OpenFOAM/SPUMA/src/OpenFOAM/lnInclude\List.H:47:
In file included from C:/OpenFOAM/SPUMA/src/OpenFOAM/lnInclude\autoPtr.H:348:
In file included from C:/OpenFOAM/SPUMA/src/OpenFOAM/lnInclude\autoPtrI.H:29:
In file included from C:/OpenFOAM/SPUMA/src/OpenFOAM/lnInclude\error.H:60:
In file included from C:/OpenFOAM/SPUMA/src/OpenFOAM/lnInclude\messageStream.H:57:
In file included from C:/OpenFOAM/SPUMA/src/OpenFOAM/lnInclude\label.H:42:
In file included from C:/OpenFOAM/SPUMA/src/OpenFOAM/lnInclude\int.H:41:
In file included from C:/OpenFOAM/SPUMA/src/OpenFOAM/lnInclude\deviceM.H:58:
In file included from C:/dev/llvm-acpp-msvc-21/bin/../include/AdaptiveCpp\sycl/sycl.hpp:14:
In file included from C:/dev/llvm-acpp-msvc-21/bin/../include/AdaptiveCpp\sycl\../hipSYCL/sycl/sycl.hpp:62:
In file included from C:/dev/llvm-acpp-msvc-21/bin/../include/AdaptiveCpp\sycl\../hipSYCL/sycl\libkernel/reduction.hpp:20:
C:/dev/llvm-acpp-msvc-21/bin/../include/AdaptiveCpp\hipSYCL/algorithms/reduction/reduction_descriptor.hpp:127:14: warning: 'multi_ptr<const int, hipsycl::sycl::access::address_space::global_space, hipsycl::sycl::access::decorated::legacy>' is deprecated [-Wdeprecated-declarations]
  127 |       return _output.get_pointer();
      |              ^
C:/dev/llvm-acpp-msvc-21/bin/../include/AdaptiveCpp\sycl\../hipSYCL/sycl\libkernel\multi_ptr.hpp:668:9: note: 'multi_ptr<const int, hipsycl::sycl::access::address_space::global_space, hipsycl::sycl::access::decorated::legacy>' has been explicitly marked deprecated here
  668 | class [[deprecated]] multi_ptr<ElementType, Space, access::decorated::legacy> {
      |         ^
C:/dev/llvm-acpp-msvc-21/bin/../include/AdaptiveCpp\sycl\../hipSYCL/sycl\libkernel\multi_ptr.hpp:1001:1: warning: 'multi_ptr<int, hipsycl::sycl::access::address_space::global_space, hipsycl::sycl::access::decorated::legacy>' is deprecated [-Wdeprecated-declarations]
 1001 | using global_ptr = multi_ptr<ElementType, access::address_space::global_space, IsDecorated>;
      | ^
C:/dev/llvm-acpp-msvc-21/bin/../include/AdaptiveCpp\sycl\../hipSYCL/sycl\libkernel/accessor.hpp:1274:12: note: in instantiation of template type alias 'global_ptr' requested here
 1274 |     return global_ptr<dataT>{const_cast<dataT*>(this->_ptr.get())};
      |            ^
C:/dev/llvm-acpp-msvc-21/bin/../include/AdaptiveCpp\hipSYCL/algorithms/reduction/reduction_descriptor.hpp:127:22: note: in instantiation of function template specialization 'hipsycl::sycl::accessor<int, 1, hipsycl::sycl::access_mode::read_write, hipsycl::sycl::target::device, hipsycl::sycl::accessor_variant::unranged>::get_pointer<hipsycl::sycl::target::device, void>' requested here
  127 |       return _output.get_pointer();
      |                      ^
C:/dev/llvm-acpp-msvc-21/bin/../include/AdaptiveCpp\hipSYCL/algorithms/reduction/reduction_descriptor.hpp:34:29: note: in instantiation of member function 'hipsycl::algorithms::reduction::reduction_descriptor<hipsycl::algorithms::reduction::reduction_binary_operator<int, hipsycl::sycl::plus<int>>, hipsycl::sycl::accessor<int, 1, hipsycl::sycl::access_mode::read_write, hipsycl::sycl::target::device, hipsycl::sycl::accessor_variant::unranged>>::get_final_output_destination' requested here
   34 |   value_type *output = desc.get_final_output_destination();
      |                             ^
C:/dev/llvm-acpp-msvc-21/bin/../include/AdaptiveCpp\hipSYCL/algorithms/reduction\wg_model/group_horizontal_reducer.hpp:67:28: note: in instantiation of function template specialization 'hipsycl::algorithms::reduction::detail::set_reduction_result<hipsycl::algorithms::reduction::wg_model::configured_reduction_descriptor<hipsycl::algorithms::reduction::reduction_descriptor<hipsycl::algorithms::reduction::reduction_binary_operator<int, hipsycl::sycl::plus<int>>, hipsycl::sycl::accessor<int, 1, hipsycl::sycl::access_mode::read_write, hipsycl::sycl::target::device, hipsycl::sycl::accessor_variant::unranged>>>>' requested here
   67 |         reduction::detail::set_reduction_result(descriptor, group_result,
      |                            ^
C:/dev/llvm-acpp-msvc-21/bin/../include/AdaptiveCpp\hipSYCL/algorithms/reduction/reduction_engine.hpp:84:18: note: in instantiation of function template specialization 'hipsycl::algorithms::reduction::wg_model::group_horizontal_reducer<hipsycl::algorithms::reduction::wg_model::group_reductions::generic_local_memory<hipsycl::algorithms::reduction::reduction_descriptor<hipsycl::algorithms::reduction::reduction_binary_operator<int, hipsycl::sycl::plus<int>>, hipsycl::sycl::accessor<int, 1, hipsycl::sycl::access_mode::read_write, hipsycl::sycl::target::device, hipsycl::sycl::accessor_variant::unranged>>>>::finalize<hipsycl::sycl::nd_item<>, hipsycl::algorithms::reduction::wg_model::configured_reduction_descriptor<hipsycl::algorithms::reduction::reduction_descriptor<hipsycl::algorithms::reduction::reduction_binary_operator<int, hipsycl::sycl::plus<int>>, hipsycl::sycl::accessor<int, 1, hipsycl::sycl::access_mode::read_write, hipsycl::sycl::target::device, hipsycl::sycl::accessor_variant::unranged>>>, hipsycl::algorithms::reduction::wg_model::sequential_reducer<hipsycl::algorithms::reduction::reduction_binary_operator<int, hipsycl::sycl::plus<int>>>>' requested here
   84 |   (group_reducer.finalize(wi_index, descs, std::get<Is>(reducers_tuple)), ...);
      |                  ^
C:/dev/llvm-acpp-msvc-21/bin/../include/AdaptiveCpp\hipSYCL/algorithms/reduction/reduction_engine.hpp:92:3: note: (skipping 14 contexts in backtrace; use -ftemplate-backtrace-limit=0 to see all)
   92 |   invoke_finalize_with_reducers_impl(
      |   ^
C:/OpenFOAM/SPUMA/src/OpenFOAM/lnInclude\syclExecutor.cpp:100:15: note: in instantiation of function template specialization 'hipsycl::sycl::handler::parallel_for<__acpp_unnamed_kernel, hipsycl::algorithms::reduction::reduction_descriptor<hipsycl::algorithms::reduction::reduction_binary_operator<int, hipsycl::sycl::plus<int>>, hipsycl::sycl::accessor<int, 1, hipsycl::sycl::access_mode::read_write, hipsycl::sycl::target::device, hipsycl::sycl::accessor_variant::unranged>>, (lambda at C:\OpenFOAM\SPUMA\src\OpenFOAM\lnInclude\syclExecutor.cpp:101:17)>' requested here
  100 |             h.parallel_for(sycl::range<1>(size), sumReduction,
      |               ^
C:/OpenFOAM/SPUMA/src/OpenFOAM/lnInclude\executor.H:85:34: note: in instantiation of function template specialization 'Foam::syclExecutor::_backendReductionSum<(lambda at C:\OpenFOAM\SPUMA\src\OpenFOAM\lnInclude\FieldFunctions.C:534:26), int>' requested here
   85 |         (static_cast<T*>(this))->_backendReductionSum(lambda, result, size);
      |                                  ^
C:/OpenFOAM/SPUMA/src/OpenFOAM/lnInclude\FieldFunctions.C:536:18: note: in instantiation of function template specialization 'Foam::executor<Foam::syclExecutor>::reductionSum<(lambda at C:\OpenFOAM\SPUMA\src\OpenFOAM\lnInclude\FieldFunctions.C:534:26), int>' requested here
  536 |             exec.reductionSum(sumOp, &result, size);
      |                  ^
C:/OpenFOAM/SPUMA/src/OpenFOAM/lnInclude\FieldFunctions.C:547:26: note: in instantiation of function template specialization 'Foam::sum<int>' requested here
  547 | TMP_UNARY_FUNCTION(Type, sum)
      |                          ^
C:/OpenFOAM/SPUMA/src/OpenFOAM/lnInclude\FieldFunctions.C:463:22: note: expanded from macro 'TMP_UNARY_FUNCTION'
  463 |     ReturnType res = Func(tf1());                                              \
      |                      ^
C:/OpenFOAM/SPUMA/src/OpenFOAM/lnInclude\globalIndexAndTransformI.H:462:30: note: in instantiation of function template specialization 'Foam::sum<int>' requested here
  462 |     label nUsedTrans = round(sum(mag(permutation)));
      |                              ^
C:/dev/llvm-acpp-msvc-21/bin/../include/AdaptiveCpp\sycl\../hipSYCL/sycl\libkernel\multi_ptr.hpp:668:9: note: 'multi_ptr<int, hipsycl::sycl::access::address_space::global_space, hipsycl::sycl::access::decorated::legacy>' has been explicitly marked deprecated here
  668 | class [[deprecated]] multi_ptr<ElementType, Space, access::decorated::legacy> {
      |         ^
In file included from fvMesh/extendedStencil/cellToCell/MeshObjects/centredCECCellToCellStencilObject.C:28:
In file included from fvMesh/extendedStencil/cellToCell/MeshObjects\centredCECCellToCellStencilObject.H:39:
In file included from lnInclude\extendedCentredCellToCellStencil.H:39:
In file included from lnInclude\extendedCellToCellStencil.H:41:
In file included from C:/OpenFOAM/SPUMA/src/OpenFOAM/lnInclude\mapDistribute.H:772:
In file included from C:/OpenFOAM/SPUMA/src/OpenFOAM/lnInclude\mapDistributeTemplates.C:32:
In file included from C:/OpenFOAM/SPUMA/src/OpenFOAM/lnInclude\transformField.H:43:
In file included from C:/OpenFOAM/SPUMA/src/OpenFOAM/lnInclude\septernion.H:49:
In file included from C:/OpenFOAM/SPUMA/src/OpenFOAM/lnInclude\spatialTransform.H:201:
C:/OpenFOAM/SPUMA/src/OpenFOAM/lnInclude\spatialTransformI.H:42:16: warning: instantiation of variable 'Foam::Tensor<double>::I' required here, but no definition is available [-Wundefined-var-template]
   42 |     E_(tensor::I),
      |                ^
C:/OpenFOAM/SPUMA/src/OpenFOAM/lnInclude\Tensor.H:83:29: note: forward declaration of template entity is here
   83 |         static const Tensor I;
      |                             ^
C:/OpenFOAM/SPUMA/src/OpenFOAM/lnInclude\spatialTransformI.H:42:16: note: add an explicit instantiation declaration to suppress this warning if 'Foam::Tensor<double>::I' is explicitly instantiated in another translation unit
   42 |     E_(tensor::I),
      |                ^
6 warnings generated.
  OK: 319979 bytes
Compiling fvMesh/extendedStencil/cellToCell/MeshObjects/centredCFCCellToCellStencilObject.C with omp ...
In file included from fvMesh/extendedStencil/cellToCell/MeshObjects/centredCFCCellToCellStencilObject.C:28:
In file included from fvMesh/extendedStencil/cellToCell/MeshObjects\centredCFCCellToCellStencilObject.H:39:
In file included from lnInclude\extendedCentredCellToCellStencil.H:39:
In file included from lnInclude\extendedCellToCellStencil.H:41:
In file included from C:/OpenFOAM/SPUMA/src/OpenFOAM/lnInclude\mapDistribute.H:139:
In file included from C:/OpenFOAM/SPUMA/src/OpenFOAM/lnInclude\mapDistributeBase.H:77:
In file included from C:/OpenFOAM/SPUMA/src/OpenFOAM/lnInclude\boolList.H:32:
In file included from C:/OpenFOAM/SPUMA/src/OpenFOAM/lnInclude\List.H:47:
In file included from C:/OpenFOAM/SPUMA/src/OpenFOAM/lnInclude\autoPtr.H:348:
In file included from C:/OpenFOAM/SPUMA/src/OpenFOAM/lnInclude\autoPtrI.H:29:
In file included from C:/OpenFOAM/SPUMA/src/OpenFOAM/lnInclude\error.H:60:
In file included from C:/OpenFOAM/SPUMA/src/OpenFOAM/lnInclude\messageStream.H:57:
In file included from C:/OpenFOAM/SPUMA/src/OpenFOAM/lnInclude\label.H:42:
In file included from C:/OpenFOAM/SPUMA/src/OpenFOAM/lnInclude\int.H:45:
C:/OpenFOAM/SPUMA/src/OpenFOAM/lnInclude\int64.H:77:12: warning: absolute value function 'labs' given an argument of type 'const int64_t' (aka 'const long long') but has parameter of type 'long' which may cause truncation of value [-Wabsolute-value]
   77 |     return ::labs(val);
      |            ^
C:/OpenFOAM/SPUMA/src/OpenFOAM/lnInclude\int64.H:77:12: note: use function 'std::abs' instead
   77 |     return ::labs(val);
      |            ^~~~~~
      |            std::abs
In file included from fvMesh/extendedStencil/cellToCell/MeshObjects/centredCFCCellToCellStencilObject.C:28:
In file included from fvMesh/extendedStencil/cellToCell/MeshObjects\centredCFCCellToCellStencilObject.H:39:
In file included from lnInclude\extendedCentredCellToCellStencil.H:39:
In file included from lnInclude\extendedCellToCellStencil.H:41:
In file included from C:/OpenFOAM/SPUMA/src/OpenFOAM/lnInclude\mapDistribute.H:141:
In file included from C:/OpenFOAM/SPUMA/src/OpenFOAM/lnInclude\vectorTensorTransform.H:262:
C:/OpenFOAM/SPUMA/src/OpenFOAM/lnInclude\vectorTensorTransformI.H:33:25: warning: instantiation of variable 'Foam::SphericalTensor<double>::I' required here, but no definition is available [-Wundefined-var-template]
   33 |     R_(sphericalTensor::I),
      |                         ^
C:/OpenFOAM/SPUMA/src/OpenFOAM/lnInclude\SphericalTensor.H:79:38: note: forward declaration of template entity is here
   79 |         static const SphericalTensor I;
      |                                      ^
C:/OpenFOAM/SPUMA/src/OpenFOAM/lnInclude\vectorTensorTransformI.H:33:25: note: add an explicit instantiation declaration to suppress this warning if 'Foam::SphericalTensor<double>::I' is explicitly instantiated in another translation unit
   33 |     R_(sphericalTensor::I),
      |                         ^
In file included from fvMesh/extendedStencil/cellToCell/MeshObjects/centredCFCCellToCellStencilObject.C:28:
In file included from fvMesh/extendedStencil/cellToCell/MeshObjects\centredCFCCellToCellStencilObject.H:39:
In file included from lnInclude\extendedCentredCellToCellStencil.H:39:
In file included from lnInclude\extendedCellToCellStencil.H:41:
In file included from C:/OpenFOAM/SPUMA/src/OpenFOAM/lnInclude\mapDistribute.H:139:
In file included from C:/OpenFOAM/SPUMA/src/OpenFOAM/lnInclude\mapDistributeBase.H:77:
In file included from C:/OpenFOAM/SPUMA/src/OpenFOAM/lnInclude\boolList.H:32:
In file included from C:/OpenFOAM/SPUMA/src/OpenFOAM/lnInclude\List.H:47:
In file included from C:/OpenFOAM/SPUMA/src/OpenFOAM/lnInclude\autoPtr.H:348:
In file included from C:/OpenFOAM/SPUMA/src/OpenFOAM/lnInclude\autoPtrI.H:29:
In file included from C:/OpenFOAM/SPUMA/src/OpenFOAM/lnInclude\error.H:60:
In file included from C:/OpenFOAM/SPUMA/src/OpenFOAM/lnInclude\messageStream.H:57:
In file included from C:/OpenFOAM/SPUMA/src/OpenFOAM/lnInclude\label.H:42:
In file included from C:/OpenFOAM/SPUMA/src/OpenFOAM/lnInclude\int.H:41:
In file included from C:/OpenFOAM/SPUMA/src/OpenFOAM/lnInclude\deviceM.H:58:
In file included from C:/dev/llvm-acpp-msvc-21/bin/../include/AdaptiveCpp\sycl/sycl.hpp:14:
In file included from C:/dev/llvm-acpp-msvc-21/bin/../include/AdaptiveCpp\sycl\../hipSYCL/sycl/sycl.hpp:62:
In file included from C:/dev/llvm-acpp-msvc-21/bin/../include/AdaptiveCpp\sycl\../hipSYCL/sycl\libkernel/reduction.hpp:20:
C:/dev/llvm-acpp-msvc-21/bin/../include/AdaptiveCpp\hipSYCL/algorithms/reduction/reduction_descriptor.hpp:127:22: warning: 'multi_ptr<int, hipsycl::sycl::access::address_space::global_space, hipsycl::sycl::access::decorated::legacy>' is deprecated [-Wdeprecated-declarations]
  127 |       return _output.get_pointer();
      |                      ^
C:/dev/llvm-acpp-msvc-21/bin/../include/AdaptiveCpp\hipSYCL/algorithms/reduction/reduction_descriptor.hpp:34:29: note: in instantiation of member function 'hipsycl::algorithms::reduction::reduction_descriptor<hipsycl::algorithms::reduction::reduction_binary_operator<int, hipsycl::sycl::plus<int>>, hipsycl::sycl::accessor<int, 1, hipsycl::sycl::access_mode::read_write, hipsycl::sycl::target::device, hipsycl::sycl::accessor_variant::unranged>>::get_final_output_destination' requested here
   34 |   value_type *output = desc.get_final_output_destination();
      |                             ^
C:/dev/llvm-acpp-msvc-21/bin/../include/AdaptiveCpp\hipSYCL/algorithms/reduction\wg_model/group_horizontal_reducer.hpp:67:28: note: in instantiation of function template specialization 'hipsycl::algorithms::reduction::detail::set_reduction_result<hipsycl::algorithms::reduction::wg_model::configured_reduction_descriptor<hipsycl::algorithms::reduction::reduction_descriptor<hipsycl::algorithms::reduction::reduction_binary_operator<int, hipsycl::sycl::plus<int>>, hipsycl::sycl::accessor<int, 1, hipsycl::sycl::access_mode::read_write, hipsycl::sycl::target::device, hipsycl::sycl::accessor_variant::unranged>>>>' requested here
   67 |         reduction::detail::set_reduction_result(descriptor, group_result,
      |                            ^
C:/dev/llvm-acpp-msvc-21/bin/../include/AdaptiveCpp\hipSYCL/algorithms/reduction/reduction_engine.hpp:84:18: note: in instantiation of function template specialization 'hipsycl::algorithms::reduction::wg_model::group_horizontal_reducer<hipsycl::algorithms::reduction::wg_model::group_reductions::generic_local_memory<hipsycl::algorithms::reduction::reduction_descriptor<hipsycl::algorithms::reduction::reduction_binary_operator<int, hipsycl::sycl::plus<int>>, hipsycl::sycl::accessor<int, 1, hipsycl::sycl::access_mode::read_write, hipsycl::sycl::target::device, hipsycl::sycl::accessor_variant::unranged>>>>::finalize<hipsycl::sycl::nd_item<>, hipsycl::algorithms::reduction::wg_model::configured_reduction_descriptor<hipsycl::algorithms::reduction::reduction_descriptor<hipsycl::algorithms::reduction::reduction_binary_operator<int, hipsycl::sycl::plus<int>>, hipsycl::sycl::accessor<int, 1, hipsycl::sycl::access_mode::read_write, hipsycl::sycl::target::device, hipsycl::sycl::accessor_variant::unranged>>>, hipsycl::algorithms::reduction::wg_model::sequential_reducer<hipsycl::algorithms::reduction::reduction_binary_operator<int, hipsycl::sycl::plus<int>>>>' requested here
   84 |   (group_reducer.finalize(wi_index, descs, std::get<Is>(reducers_tuple)), ...);
      |                  ^
C:/dev/llvm-acpp-msvc-21/bin/../include/AdaptiveCpp\hipSYCL/algorithms/reduction/reduction_engine.hpp:92:3: note: in instantiation of function template specialization 'hipsycl::algorithms::reduction::invoke_helpers::invoke_finalize_with_reducers_impl<hipsycl::algorithms::reduction::wg_model::group_horizontal_reducer<hipsycl::algorithms::reduction::wg_model::group_reductions::generic_local_memory<hipsycl::algorithms::reduction::reduction_descriptor<hipsycl::algorithms::reduction::reduction_binary_operator<int, hipsycl::sycl::plus<int>>, hipsycl::sycl::accessor<int, 1, hipsycl::sycl::access_mode::read_write, hipsycl::sycl::target::device, hipsycl::sycl::accessor_variant::unranged>>>>, hipsycl::sycl::nd_item<>, std::tuple<hipsycl::algorithms::reduction::wg_model::sequential_reducer<hipsycl::algorithms::reduction::reduction_binary_operator<int, hipsycl::sycl::plus<int>>>>, 0ULL, hipsycl::algorithms::reduction::wg_model::configured_reduction_descriptor<hipsycl::algorithms::reduction::reduction_descriptor<hipsycl::algorithms::reduction::reduction_binary_operator<int, hipsycl::sycl::plus<int>>, hipsycl::sycl::accessor<int, 1, hipsycl::sycl::access_mode::read_write, hipsycl::sycl::target::device, hipsycl::sycl::accessor_variant::unranged>>>>' requested here
   92 |   invoke_finalize_with_reducers_impl(
      |   ^
C:/dev/llvm-acpp-msvc-21/bin/../include/AdaptiveCpp\hipSYCL/algorithms/reduction/reduction_engine.hpp:229:21: note: in instantiation of function template specialization 'hipsycl::algorithms::reduction::invoke_helpers::invoke_finalize_with_reducers<hipsycl::algorithms::reduction::wg_model::group_horizontal_reducer<hipsycl::algorithms::reduction::wg_model::group_reductions::generic_local_memory<hipsycl::algorithms::reduction::reduction_descriptor<hipsycl::algorithms::reduction::reduction_binary_operator<int, hipsycl::sycl::plus<int>>, hipsycl::sycl::accessor<int, 1, hipsycl::sycl::access_mode::read_write, hipsycl::sycl::target::device, hipsycl::sycl::accessor_variant::unranged>>>>, hipsycl::sycl::nd_item<>, hipsycl::algorithms::reduction::wg_model::sequential_reducer<hipsycl::algorithms::reduction::reduction_binary_operator<int, hipsycl::sycl::plus<int>>>, hipsycl::algorithms::reduction::wg_model::configured_reduction_descriptor<hipsycl::algorithms::reduction::reduction_descriptor<hipsycl::algorithms::reduction::reduction_binary_operator<int, hipsycl::sycl::plus<int>>, hipsycl::sycl::accessor<int, 1, hipsycl::sycl::access_mode::read_write, hipsycl::sycl::target::device, hipsycl::sycl::accessor_variant::unranged>>>>' requested here
  229 |     invoke_helpers::invoke_finalize_with_reducers(group_reducer, wi_index, wi_reducers, descs...);
      |                     ^
C:\Program Files (x86)\Microsoft Visual Studio\2022\BuildTools\VC\Tools\MSVC\14.41.34120\include\type_traits:1714:16: note: (skipping 12 contexts in backtrace; use -ftemplate-backtrace-limit=0 to see all)
 1714 |         return static_cast<_Callable&&>(_Obj)(static_cast<_Ty1&&>(_Arg1), static_cast<_Types2&&>(_Args2)...);
      |                ^
C:/OpenFOAM/SPUMA/src/OpenFOAM/lnInclude\syclExecutor.cpp:100:15: note: in instantiation of function template specialization 'hipsycl::sycl::handler::parallel_for<__acpp_unnamed_kernel, hipsycl::algorithms::reduction::reduction_descriptor<hipsycl::algorithms::reduction::reduction_binary_operator<int, hipsycl::sycl::plus<int>>, hipsycl::sycl::accessor<int, 1, hipsycl::sycl::access_mode::read_write, hipsycl::sycl::target::device, hipsycl::sycl::accessor_variant::unranged>>, (lambda at C:\OpenFOAM\SPUMA\src\OpenFOAM\lnInclude\syclExecutor.cpp:101:17)>' requested here
  100 |             h.parallel_for(sycl::range<1>(size), sumReduction,
      |               ^
C:/OpenFOAM/SPUMA/src/OpenFOAM/lnInclude\executor.H:85:34: note: in instantiation of function template specialization 'Foam::syclExecutor::_backendReductionSum<(lambda at C:\OpenFOAM\SPUMA\src\OpenFOAM\lnInclude\FieldFunctions.C:534:26), int>' requested here
   85 |         (static_cast<T*>(this))->_backendReductionSum(lambda, result, size);
      |                                  ^
C:/OpenFOAM/SPUMA/src/OpenFOAM/lnInclude\FieldFunctions.C:536:18: note: in instantiation of function template specialization 'Foam::executor<Foam::syclExecutor>::reductionSum<(lambda at C:\OpenFOAM\SPUMA\src\OpenFOAM\lnInclude\FieldFunctions.C:534:26), int>' requested here
  536 |             exec.reductionSum(sumOp, &result, size);
      |                  ^
C:/OpenFOAM/SPUMA/src/OpenFOAM/lnInclude\FieldFunctions.C:547:26: note: in instantiation of function template specialization 'Foam::sum<int>' requested here
  547 | TMP_UNARY_FUNCTION(Type, sum)
      |                          ^
C:/OpenFOAM/SPUMA/src/OpenFOAM/lnInclude\FieldFunctions.C:463:22: note: expanded from macro 'TMP_UNARY_FUNCTION'
  463 |     ReturnType res = Func(tf1());                                              \
      |                      ^
C:/OpenFOAM/SPUMA/src/OpenFOAM/lnInclude\globalIndexAndTransformI.H:462:30: note: in instantiation of function template specialization 'Foam::sum<int>' requested here
  462 |     label nUsedTrans = round(sum(mag(permutation)));
      |                              ^
C:/dev/llvm-acpp-msvc-21/bin/../include/AdaptiveCpp\sycl\../hipSYCL/sycl\libkernel\multi_ptr.hpp:668:9: note: 'multi_ptr<int, hipsycl::sycl::access::address_space::global_space, hipsycl::sycl::access::decorated::legacy>' has been explicitly marked deprecated here
  668 | class [[deprecated]] multi_ptr<ElementType, Space, access::decorated::legacy> {
      |         ^
In file included from fvMesh/extendedStencil/cellToCell/MeshObjects/centredCFCCellToCellStencilObject.C:28:
In file included from fvMesh/extendedStencil/cellToCell/MeshObjects\centredCFCCellToCellStencilObject.H:39:
In file included from lnInclude\extendedCentredCellToCellStencil.H:39:
In file included from lnInclude\extendedCellToCellStencil.H:41:
In file included from C:/OpenFOAM/SPUMA/src/OpenFOAM/lnInclude\mapDistribute.H:139:
In file included from C:/OpenFOAM/SPUMA/src/OpenFOAM/lnInclude\mapDistributeBase.H:77:
In file included from C:/OpenFOAM/SPUMA/src/OpenFOAM/lnInclude\boolList.H:32:
In file included from C:/OpenFOAM/SPUMA/src/OpenFOAM/lnInclude\List.H:47:
In file included from C:/OpenFOAM/SPUMA/src/OpenFOAM/lnInclude\autoPtr.H:348:
In file included from C:/OpenFOAM/SPUMA/src/OpenFOAM/lnInclude\autoPtrI.H:29:
In file included from C:/OpenFOAM/SPUMA/src/OpenFOAM/lnInclude\error.H:60:
In file included from C:/OpenFOAM/SPUMA/src/OpenFOAM/lnInclude\messageStream.H:57:
In file included from C:/OpenFOAM/SPUMA/src/OpenFOAM/lnInclude\label.H:42:
In file included from C:/OpenFOAM/SPUMA/src/OpenFOAM/lnInclude\int.H:41:
In file included from C:/OpenFOAM/SPUMA/src/OpenFOAM/lnInclude\deviceM.H:58:
In file included from C:/dev/llvm-acpp-msvc-21/bin/../include/AdaptiveCpp\sycl/sycl.hpp:14:
In file included from C:/dev/llvm-acpp-msvc-21/bin/../include/AdaptiveCpp\sycl\../hipSYCL/sycl/sycl.hpp:62:
In file included from C:/dev/llvm-acpp-msvc-21/bin/../include/AdaptiveCpp\sycl\../hipSYCL/sycl\libkernel/reduction.hpp:20:
C:/dev/llvm-acpp-msvc-21/bin/../include/AdaptiveCpp\hipSYCL/algorithms/reduction/reduction_descriptor.hpp:127:14: warning: 'multi_ptr<const int, hipsycl::sycl::access::address_space::global_space, hipsycl::sycl::access::decorated::legacy>' is deprecated [-Wdeprecated-declarations]
  127 |       return _output.get_pointer();
      |              ^
C:/dev/llvm-acpp-msvc-21/bin/../include/AdaptiveCpp\sycl\../hipSYCL/sycl\libkernel\multi_ptr.hpp:668:9: note: 'multi_ptr<const int, hipsycl::sycl::access::address_space::global_space, hipsycl::sycl::access::decorated::legacy>' has been explicitly marked deprecated here
  668 | class [[deprecated]] multi_ptr<ElementType, Space, access::decorated::legacy> {
      |         ^
C:/dev/llvm-acpp-msvc-21/bin/../include/AdaptiveCpp\sycl\../hipSYCL/sycl\libkernel\multi_ptr.hpp:1001:1: warning: 'multi_ptr<int, hipsycl::sycl::access::address_space::global_space, hipsycl::sycl::access::decorated::legacy>' is deprecated [-Wdeprecated-declarations]
 1001 | using global_ptr = multi_ptr<ElementType, access::address_space::global_space, IsDecorated>;
      | ^
C:/dev/llvm-acpp-msvc-21/bin/../include/AdaptiveCpp\sycl\../hipSYCL/sycl\libkernel/accessor.hpp:1274:12: note: in instantiation of template type alias 'global_ptr' requested here
 1274 |     return global_ptr<dataT>{const_cast<dataT*>(this->_ptr.get())};
      |            ^
C:/dev/llvm-acpp-msvc-21/bin/../include/AdaptiveCpp\hipSYCL/algorithms/reduction/reduction_descriptor.hpp:127:22: note: in instantiation of function template specialization 'hipsycl::sycl::accessor<int, 1, hipsycl::sycl::access_mode::read_write, hipsycl::sycl::target::device, hipsycl::sycl::accessor_variant::unranged>::get_pointer<hipsycl::sycl::target::device, void>' requested here
  127 |       return _output.get_pointer();
      |                      ^
C:/dev/llvm-acpp-msvc-21/bin/../include/AdaptiveCpp\hipSYCL/algorithms/reduction/reduction_descriptor.hpp:34:29: note: in instantiation of member function 'hipsycl::algorithms::reduction::reduction_descriptor<hipsycl::algorithms::reduction::reduction_binary_operator<int, hipsycl::sycl::plus<int>>, hipsycl::sycl::accessor<int, 1, hipsycl::sycl::access_mode::read_write, hipsycl::sycl::target::device, hipsycl::sycl::accessor_variant::unranged>>::get_final_output_destination' requested here
   34 |   value_type *output = desc.get_final_output_destination();
      |                             ^
C:/dev/llvm-acpp-msvc-21/bin/../include/AdaptiveCpp\hipSYCL/algorithms/reduction\wg_model/group_horizontal_reducer.hpp:67:28: note: in instantiation of function template specialization 'hipsycl::algorithms::reduction::detail::set_reduction_result<hipsycl::algorithms::reduction::wg_model::configured_reduction_descriptor<hipsycl::algorithms::reduction::reduction_descriptor<hipsycl::algorithms::reduction::reduction_binary_operator<int, hipsycl::sycl::plus<int>>, hipsycl::sycl::accessor<int, 1, hipsycl::sycl::access_mode::read_write, hipsycl::sycl::target::device, hipsycl::sycl::accessor_variant::unranged>>>>' requested here
   67 |         reduction::detail::set_reduction_result(descriptor, group_result,
      |                            ^
C:/dev/llvm-acpp-msvc-21/bin/../include/AdaptiveCpp\hipSYCL/algorithms/reduction/reduction_engine.hpp:84:18: note: in instantiation of function template specialization 'hipsycl::algorithms::reduction::wg_model::group_horizontal_reducer<hipsycl::algorithms::reduction::wg_model::group_reductions::generic_local_memory<hipsycl::algorithms::reduction::reduction_descriptor<hipsycl::algorithms::reduction::reduction_binary_operator<int, hipsycl::sycl::plus<int>>, hipsycl::sycl::accessor<int, 1, hipsycl::sycl::access_mode::read_write, hipsycl::sycl::target::device, hipsycl::sycl::accessor_variant::unranged>>>>::finalize<hipsycl::sycl::nd_item<>, hipsycl::algorithms::reduction::wg_model::configured_reduction_descriptor<hipsycl::algorithms::reduction::reduction_descriptor<hipsycl::algorithms::reduction::reduction_binary_operator<int, hipsycl::sycl::plus<int>>, hipsycl::sycl::accessor<int, 1, hipsycl::sycl::access_mode::read_write, hipsycl::sycl::target::device, hipsycl::sycl::accessor_variant::unranged>>>, hipsycl::algorithms::reduction::wg_model::sequential_reducer<hipsycl::algorithms::reduction::reduction_binary_operator<int, hipsycl::sycl::plus<int>>>>' requested here
   84 |   (group_reducer.finalize(wi_index, descs, std::get<Is>(reducers_tuple)), ...);
      |                  ^
C:/dev/llvm-acpp-msvc-21/bin/../include/AdaptiveCpp\hipSYCL/algorithms/reduction/reduction_engine.hpp:92:3: note: (skipping 14 contexts in backtrace; use -ftemplate-backtrace-limit=0 to see all)
   92 |   invoke_finalize_with_reducers_impl(
      |   ^
C:/OpenFOAM/SPUMA/src/OpenFOAM/lnInclude\syclExecutor.cpp:100:15: note: in instantiation of function template specialization 'hipsycl::sycl::handler::parallel_for<__acpp_unnamed_kernel, hipsycl::algorithms::reduction::reduction_descriptor<hipsycl::algorithms::reduction::reduction_binary_operator<int, hipsycl::sycl::plus<int>>, hipsycl::sycl::accessor<int, 1, hipsycl::sycl::access_mode::read_write, hipsycl::sycl::target::device, hipsycl::sycl::accessor_variant::unranged>>, (lambda at C:\OpenFOAM\SPUMA\src\OpenFOAM\lnInclude\syclExecutor.cpp:101:17)>' requested here
  100 |             h.parallel_for(sycl::range<1>(size), sumReduction,
      |               ^
C:/OpenFOAM/SPUMA/src/OpenFOAM/lnInclude\executor.H:85:34: note: in instantiation of function template specialization 'Foam::syclExecutor::_backendReductionSum<(lambda at C:\OpenFOAM\SPUMA\src\OpenFOAM\lnInclude\FieldFunctions.C:534:26), int>' requested here
   85 |         (static_cast<T*>(this))->_backendReductionSum(lambda, result, size);
      |                                  ^
C:/OpenFOAM/SPUMA/src/OpenFOAM/lnInclude\FieldFunctions.C:536:18: note: in instantiation of function template specialization 'Foam::executor<Foam::syclExecutor>::reductionSum<(lambda at C:\OpenFOAM\SPUMA\src\OpenFOAM\lnInclude\FieldFunctions.C:534:26), int>' requested here
  536 |             exec.reductionSum(sumOp, &result, size);
      |                  ^
C:/OpenFOAM/SPUMA/src/OpenFOAM/lnInclude\FieldFunctions.C:547:26: note: in instantiation of function template specialization 'Foam::sum<int>' requested here
  547 | TMP_UNARY_FUNCTION(Type, sum)
      |                          ^
C:/OpenFOAM/SPUMA/src/OpenFOAM/lnInclude\FieldFunctions.C:463:22: note: expanded from macro 'TMP_UNARY_FUNCTION'
  463 |     ReturnType res = Func(tf1());                                              \
      |                      ^
C:/OpenFOAM/SPUMA/src/OpenFOAM/lnInclude\globalIndexAndTransformI.H:462:30: note: in instantiation of function template specialization 'Foam::sum<int>' requested here
  462 |     label nUsedTrans = round(sum(mag(permutation)));
      |                              ^
C:/dev/llvm-acpp-msvc-21/bin/../include/AdaptiveCpp\sycl\../hipSYCL/sycl\libkernel\multi_ptr.hpp:668:9: note: 'multi_ptr<int, hipsycl::sycl::access::address_space::global_space, hipsycl::sycl::access::decorated::legacy>' has been explicitly marked deprecated here
  668 | class [[deprecated]] multi_ptr<ElementType, Space, access::decorated::legacy> {
      |         ^
In file included from fvMesh/extendedStencil/cellToCell/MeshObjects/centredCFCCellToCellStencilObject.C:28:
In file included from fvMesh/extendedStencil/cellToCell/MeshObjects\centredCFCCellToCellStencilObject.H:39:
In file included from lnInclude\extendedCentredCellToCellStencil.H:39:
In file included from lnInclude\extendedCellToCellStencil.H:41:
In file included from C:/OpenFOAM/SPUMA/src/OpenFOAM/lnInclude\mapDistribute.H:772:
In file included from C:/OpenFOAM/SPUMA/src/OpenFOAM/lnInclude\mapDistributeTemplates.C:32:
In file included from C:/OpenFOAM/SPUMA/src/OpenFOAM/lnInclude\transformField.H:43:
In file included from C:/OpenFOAM/SPUMA/src/OpenFOAM/lnInclude\septernion.H:49:
In file included from C:/OpenFOAM/SPUMA/src/OpenFOAM/lnInclude\spatialTransform.H:201:
C:/OpenFOAM/SPUMA/src/OpenFOAM/lnInclude\spatialTransformI.H:42:16: warning: instantiation of variable 'Foam::Tensor<double>::I' required here, but no definition is available [-Wundefined-var-template]
   42 |     E_(tensor::I),
      |                ^
C:/OpenFOAM/SPUMA/src/OpenFOAM/lnInclude\Tensor.H:83:29: note: forward declaration of template entity is here
   83 |         static const Tensor I;
      |                             ^
C:/OpenFOAM/SPUMA/src/OpenFOAM/lnInclude\spatialTransformI.H:42:16: note: add an explicit instantiation declaration to suppress this warning if 'Foam::Tensor<double>::I' is explicitly instantiated in another translation unit
   42 |     E_(tensor::I),
      |                ^
6 warnings generated.
  OK: 319979 bytes
Compiling fvMesh/extendedStencil/cellToCell/MeshObjects/centredCPCCellToCellStencilObject.C with omp ...
In file included from fvMesh/extendedStencil/cellToCell/MeshObjects/centredCPCCellToCellStencilObject.C:28:
In file included from fvMesh/extendedStencil/cellToCell/MeshObjects\centredCPCCellToCellStencilObject.H:39:
In file included from lnInclude\extendedCentredCellToCellStencil.H:39:
In file included from lnInclude\extendedCellToCellStencil.H:41:
In file included from C:/OpenFOAM/SPUMA/src/OpenFOAM/lnInclude\mapDistribute.H:139:
In file included from C:/OpenFOAM/SPUMA/src/OpenFOAM/lnInclude\mapDistributeBase.H:77:
In file included from C:/OpenFOAM/SPUMA/src/OpenFOAM/lnInclude\boolList.H:32:
In file included from C:/OpenFOAM/SPUMA/src/OpenFOAM/lnInclude\List.H:47:
In file included from C:/OpenFOAM/SPUMA/src/OpenFOAM/lnInclude\autoPtr.H:348:
In file included from C:/OpenFOAM/SPUMA/src/OpenFOAM/lnInclude\autoPtrI.H:29:
In file included from C:/OpenFOAM/SPUMA/src/OpenFOAM/lnInclude\error.H:60:
In file included from C:/OpenFOAM/SPUMA/src/OpenFOAM/lnInclude\messageStream.H:57:
In file included from C:/OpenFOAM/SPUMA/src/OpenFOAM/lnInclude\label.H:42:
In file included from C:/OpenFOAM/SPUMA/src/OpenFOAM/lnInclude\int.H:45:
C:/OpenFOAM/SPUMA/src/OpenFOAM/lnInclude\int64.H:77:12: warning: absolute value function 'labs' given an argument of type 'const int64_t' (aka 'const long long') but has parameter of type 'long' which may cause truncation of value [-Wabsolute-value]
   77 |     return ::labs(val);
      |            ^
C:/OpenFOAM/SPUMA/src/OpenFOAM/lnInclude\int64.H:77:12: note: use function 'std::abs' instead
   77 |     return ::labs(val);
      |            ^~~~~~
      |            std::abs
In file included from fvMesh/extendedStencil/cellToCell/MeshObjects/centredCPCCellToCellStencilObject.C:28:
In file included from fvMesh/extendedStencil/cellToCell/MeshObjects\centredCPCCellToCellStencilObject.H:39:
In file included from lnInclude\extendedCentredCellToCellStencil.H:39:
In file included from lnInclude\extendedCellToCellStencil.H:41:
In file included from C:/OpenFOAM/SPUMA/src/OpenFOAM/lnInclude\mapDistribute.H:141:
In file included from C:/OpenFOAM/SPUMA/src/OpenFOAM/lnInclude\vectorTensorTransform.H:262:
C:/OpenFOAM/SPUMA/src/OpenFOAM/lnInclude\vectorTensorTransformI.H:33:25: warning: instantiation of variable 'Foam::SphericalTensor<double>::I' required here, but no definition is available [-Wundefined-var-template]
   33 |     R_(sphericalTensor::I),
      |                         ^
C:/OpenFOAM/SPUMA/src/OpenFOAM/lnInclude\SphericalTensor.H:79:38: note: forward declaration of template entity is here
   79 |         static const SphericalTensor I;
      |                                      ^
C:/OpenFOAM/SPUMA/src/OpenFOAM/lnInclude\vectorTensorTransformI.H:33:25: note: add an explicit instantiation declaration to suppress this warning if 'Foam::SphericalTensor<double>::I' is explicitly instantiated in another translation unit
   33 |     R_(sphericalTensor::I),
      |                         ^
In file included from fvMesh/extendedStencil/cellToCell/MeshObjects/centredCPCCellToCellStencilObject.C:28:
In file included from fvMesh/extendedStencil/cellToCell/MeshObjects\centredCPCCellToCellStencilObject.H:39:
In file included from lnInclude\extendedCentredCellToCellStencil.H:39:
In file included from lnInclude\extendedCellToCellStencil.H:41:
In file included from C:/OpenFOAM/SPUMA/src/OpenFOAM/lnInclude\mapDistribute.H:139:
In file included from C:/OpenFOAM/SPUMA/src/OpenFOAM/lnInclude\mapDistributeBase.H:77:
In file included from C:/OpenFOAM/SPUMA/src/OpenFOAM/lnInclude\boolList.H:32:
In file included from C:/OpenFOAM/SPUMA/src/OpenFOAM/lnInclude\List.H:47:
In file included from C:/OpenFOAM/SPUMA/src/OpenFOAM/lnInclude\autoPtr.H:348:
In file included from C:/OpenFOAM/SPUMA/src/OpenFOAM/lnInclude\autoPtrI.H:29:
In file included from C:/OpenFOAM/SPUMA/src/OpenFOAM/lnInclude\error.H:60:
In file included from C:/OpenFOAM/SPUMA/src/OpenFOAM/lnInclude\messageStream.H:57:
In file included from C:/OpenFOAM/SPUMA/src/OpenFOAM/lnInclude\label.H:42:
In file included from C:/OpenFOAM/SPUMA/src/OpenFOAM/lnInclude\int.H:41:
In file included from C:/OpenFOAM/SPUMA/src/OpenFOAM/lnInclude\deviceM.H:58:
In file included from C:/dev/llvm-acpp-msvc-21/bin/../include/AdaptiveCpp\sycl/sycl.hpp:14:
In file included from C:/dev/llvm-acpp-msvc-21/bin/../include/AdaptiveCpp\sycl\../hipSYCL/sycl/sycl.hpp:62:
In file included from C:/dev/llvm-acpp-msvc-21/bin/../include/AdaptiveCpp\sycl\../hipSYCL/sycl\libkernel/reduction.hpp:20:
C:/dev/llvm-acpp-msvc-21/bin/../include/AdaptiveCpp\hipSYCL/algorithms/reduction/reduction_descriptor.hpp:127:22: warning: 'multi_ptr<int, hipsycl::sycl::access::address_space::global_space, hipsycl::sycl::access::decorated::legacy>' is deprecated [-Wdeprecated-declarations]
  127 |       return _output.get_pointer();
      |                      ^
C:/dev/llvm-acpp-msvc-21/bin/../include/AdaptiveCpp\hipSYCL/algorithms/reduction/reduction_descriptor.hpp:34:29: note: in instantiation of member function 'hipsycl::algorithms::reduction::reduction_descriptor<hipsycl::algorithms::reduction::reduction_binary_operator<int, hipsycl::sycl::plus<int>>, hipsycl::sycl::accessor<int, 1, hipsycl::sycl::access_mode::read_write, hipsycl::sycl::target::device, hipsycl::sycl::accessor_variant::unranged>>::get_final_output_destination' requested here
   34 |   value_type *output = desc.get_final_output_destination();
      |                             ^
C:/dev/llvm-acpp-msvc-21/bin/../include/AdaptiveCpp\hipSYCL/algorithms/reduction\wg_model/group_horizontal_reducer.hpp:67:28: note: in instantiation of function template specialization 'hipsycl::algorithms::reduction::detail::set_reduction_result<hipsycl::algorithms::reduction::wg_model::configured_reduction_descriptor<hipsycl::algorithms::reduction::reduction_descriptor<hipsycl::algorithms::reduction::reduction_binary_operator<int, hipsycl::sycl::plus<int>>, hipsycl::sycl::accessor<int, 1, hipsycl::sycl::access_mode::read_write, hipsycl::sycl::target::device, hipsycl::sycl::accessor_variant::unranged>>>>' requested here
   67 |         reduction::detail::set_reduction_result(descriptor, group_result,
      |                            ^
C:/dev/llvm-acpp-msvc-21/bin/../include/AdaptiveCpp\hipSYCL/algorithms/reduction/reduction_engine.hpp:84:18: note: in instantiation of function template specialization 'hipsycl::algorithms::reduction::wg_model::group_horizontal_reducer<hipsycl::algorithms::reduction::wg_model::group_reductions::generic_local_memory<hipsycl::algorithms::reduction::reduction_descriptor<hipsycl::algorithms::reduction::reduction_binary_operator<int, hipsycl::sycl::plus<int>>, hipsycl::sycl::accessor<int, 1, hipsycl::sycl::access_mode::read_write, hipsycl::sycl::target::device, hipsycl::sycl::accessor_variant::unranged>>>>::finalize<hipsycl::sycl::nd_item<>, hipsycl::algorithms::reduction::wg_model::configured_reduction_descriptor<hipsycl::algorithms::reduction::reduction_descriptor<hipsycl::algorithms::reduction::reduction_binary_operator<int, hipsycl::sycl::plus<int>>, hipsycl::sycl::accessor<int, 1, hipsycl::sycl::access_mode::read_write, hipsycl::sycl::target::device, hipsycl::sycl::accessor_variant::unranged>>>, hipsycl::algorithms::reduction::wg_model::sequential_reducer<hipsycl::algorithms::reduction::reduction_binary_operator<int, hipsycl::sycl::plus<int>>>>' requested here
   84 |   (group_reducer.finalize(wi_index, descs, std::get<Is>(reducers_tuple)), ...);
      |                  ^
C:/dev/llvm-acpp-msvc-21/bin/../include/AdaptiveCpp\hipSYCL/algorithms/reduction/reduction_engine.hpp:92:3: note: in instantiation of function template specialization 'hipsycl::algorithms::reduction::invoke_helpers::invoke_finalize_with_reducers_impl<hipsycl::algorithms::reduction::wg_model::group_horizontal_reducer<hipsycl::algorithms::reduction::wg_model::group_reductions::generic_local_memory<hipsycl::algorithms::reduction::reduction_descriptor<hipsycl::algorithms::reduction::reduction_binary_operator<int, hipsycl::sycl::plus<int>>, hipsycl::sycl::accessor<int, 1, hipsycl::sycl::access_mode::read_write, hipsycl::sycl::target::device, hipsycl::sycl::accessor_variant::unranged>>>>, hipsycl::sycl::nd_item<>, std::tuple<hipsycl::algorithms::reduction::wg_model::sequential_reducer<hipsycl::algorithms::reduction::reduction_binary_operator<int, hipsycl::sycl::plus<int>>>>, 0ULL, hipsycl::algorithms::reduction::wg_model::configured_reduction_descriptor<hipsycl::algorithms::reduction::reduction_descriptor<hipsycl::algorithms::reduction::reduction_binary_operator<int, hipsycl::sycl::plus<int>>, hipsycl::sycl::accessor<int, 1, hipsycl::sycl::access_mode::read_write, hipsycl::sycl::target::device, hipsycl::sycl::accessor_variant::unranged>>>>' requested here
   92 |   invoke_finalize_with_reducers_impl(
      |   ^
C:/dev/llvm-acpp-msvc-21/bin/../include/AdaptiveCpp\hipSYCL/algorithms/reduction/reduction_engine.hpp:229:21: note: in instantiation of function template specialization 'hipsycl::algorithms::reduction::invoke_helpers::invoke_finalize_with_reducers<hipsycl::algorithms::reduction::wg_model::group_horizontal_reducer<hipsycl::algorithms::reduction::wg_model::group_reductions::generic_local_memory<hipsycl::algorithms::reduction::reduction_descriptor<hipsycl::algorithms::reduction::reduction_binary_operator<int, hipsycl::sycl::plus<int>>, hipsycl::sycl::accessor<int, 1, hipsycl::sycl::access_mode::read_write, hipsycl::sycl::target::device, hipsycl::sycl::accessor_variant::unranged>>>>, hipsycl::sycl::nd_item<>, hipsycl::algorithms::reduction::wg_model::sequential_reducer<hipsycl::algorithms::reduction::reduction_binary_operator<int, hipsycl::sycl::plus<int>>>, hipsycl::algorithms::reduction::wg_model::configured_reduction_descriptor<hipsycl::algorithms::reduction::reduction_descriptor<hipsycl::algorithms::reduction::reduction_binary_operator<int, hipsycl::sycl::plus<int>>, hipsycl::sycl::accessor<int, 1, hipsycl::sycl::access_mode::read_write, hipsycl::sycl::target::device, hipsycl::sycl::accessor_variant::unranged>>>>' requested here
  229 |     invoke_helpers::invoke_finalize_with_reducers(group_reducer, wi_index, wi_reducers, descs...);
      |                     ^
C:\Program Files (x86)\Microsoft Visual Studio\2022\BuildTools\VC\Tools\MSVC\14.41.34120\include\type_traits:1714:16: note: (skipping 12 contexts in backtrace; use -ftemplate-backtrace-limit=0 to see all)
 1714 |         return static_cast<_Callable&&>(_Obj)(static_cast<_Ty1&&>(_Arg1), static_cast<_Types2&&>(_Args2)...);
      |                ^
C:/OpenFOAM/SPUMA/src/OpenFOAM/lnInclude\syclExecutor.cpp:100:15: note: in instantiation of function template specialization 'hipsycl::sycl::handler::parallel_for<__acpp_unnamed_kernel, hipsycl::algorithms::reduction::reduction_descriptor<hipsycl::algorithms::reduction::reduction_binary_operator<int, hipsycl::sycl::plus<int>>, hipsycl::sycl::accessor<int, 1, hipsycl::sycl::access_mode::read_write, hipsycl::sycl::target::device, hipsycl::sycl::accessor_variant::unranged>>, (lambda at C:\OpenFOAM\SPUMA\src\OpenFOAM\lnInclude\syclExecutor.cpp:101:17)>' requested here
  100 |             h.parallel_for(sycl::range<1>(size), sumReduction,
      |               ^
C:/OpenFOAM/SPUMA/src/OpenFOAM/lnInclude\executor.H:85:34: note: in instantiation of function template specialization 'Foam::syclExecutor::_backendReductionSum<(lambda at C:\OpenFOAM\SPUMA\src\OpenFOAM\lnInclude\FieldFunctions.C:534:26), int>' requested here
   85 |         (static_cast<T*>(this))->_backendReductionSum(lambda, result, size);
      |                                  ^
C:/OpenFOAM/SPUMA/src/OpenFOAM/lnInclude\FieldFunctions.C:536:18: note: in instantiation of function template specialization 'Foam::executor<Foam::syclExecutor>::reductionSum<(lambda at C:\OpenFOAM\SPUMA\src\OpenFOAM\lnInclude\FieldFunctions.C:534:26), int>' requested here
  536 |             exec.reductionSum(sumOp, &result, size);
      |                  ^
C:/OpenFOAM/SPUMA/src/OpenFOAM/lnInclude\FieldFunctions.C:547:26: note: in instantiation of function template specialization 'Foam::sum<int>' requested here
  547 | TMP_UNARY_FUNCTION(Type, sum)
      |                          ^
C:/OpenFOAM/SPUMA/src/OpenFOAM/lnInclude\FieldFunctions.C:463:22: note: expanded from macro 'TMP_UNARY_FUNCTION'
  463 |     ReturnType res = Func(tf1());                                              \
      |                      ^
C:/OpenFOAM/SPUMA/src/OpenFOAM/lnInclude\globalIndexAndTransformI.H:462:30: note: in instantiation of function template specialization 'Foam::sum<int>' requested here
  462 |     label nUsedTrans = round(sum(mag(permutation)));
      |                              ^
C:/dev/llvm-acpp-msvc-21/bin/../include/AdaptiveCpp\sycl\../hipSYCL/sycl\libkernel\multi_ptr.hpp:668:9: note: 'multi_ptr<int, hipsycl::sycl::access::address_space::global_space, hipsycl::sycl::access::decorated::legacy>' has been explicitly marked deprecated here
  668 | class [[deprecated]] multi_ptr<ElementType, Space, access::decorated::legacy> {
      |         ^
In file included from fvMesh/extendedStencil/cellToCell/MeshObjects/centredCPCCellToCellStencilObject.C:28:
In file included from fvMesh/extendedStencil/cellToCell/MeshObjects\centredCPCCellToCellStencilObject.H:39:
In file included from lnInclude\extendedCentredCellToCellStencil.H:39:
In file included from lnInclude\extendedCellToCellStencil.H:41:
In file included from C:/OpenFOAM/SPUMA/src/OpenFOAM/lnInclude\mapDistribute.H:139:
In file included from C:/OpenFOAM/SPUMA/src/OpenFOAM/lnInclude\mapDistributeBase.H:77:
In file included from C:/OpenFOAM/SPUMA/src/OpenFOAM/lnInclude\boolList.H:32:
In file included from C:/OpenFOAM/SPUMA/src/OpenFOAM/lnInclude\List.H:47:
In file included from C:/OpenFOAM/SPUMA/src/OpenFOAM/lnInclude\autoPtr.H:348:
In file included from C:/OpenFOAM/SPUMA/src/OpenFOAM/lnInclude\autoPtrI.H:29:
In file included from C:/OpenFOAM/SPUMA/src/OpenFOAM/lnInclude\error.H:60:
In file included from C:/OpenFOAM/SPUMA/src/OpenFOAM/lnInclude\messageStream.H:57:
In file included from C:/OpenFOAM/SPUMA/src/OpenFOAM/lnInclude\label.H:42:
In file included from C:/OpenFOAM/SPUMA/src/OpenFOAM/lnInclude\int.H:41:
In file included from C:/OpenFOAM/SPUMA/src/OpenFOAM/lnInclude\deviceM.H:58:
In file included from C:/dev/llvm-acpp-msvc-21/bin/../include/AdaptiveCpp\sycl/sycl.hpp:14:
In file included from C:/dev/llvm-acpp-msvc-21/bin/../include/AdaptiveCpp\sycl\../hipSYCL/sycl/sycl.hpp:62:
In file included from C:/dev/llvm-acpp-msvc-21/bin/../include/AdaptiveCpp\sycl\../hipSYCL/sycl\libkernel/reduction.hpp:20:
C:/dev/llvm-acpp-msvc-21/bin/../include/AdaptiveCpp\hipSYCL/algorithms/reduction/reduction_descriptor.hpp:127:14: warning: 'multi_ptr<const int, hipsycl::sycl::access::address_space::global_space, hipsycl::sycl::access::decorated::legacy>' is deprecated [-Wdeprecated-declarations]
  127 |       return _output.get_pointer();
      |              ^
C:/dev/llvm-acpp-msvc-21/bin/../include/AdaptiveCpp\sycl\../hipSYCL/sycl\libkernel\multi_ptr.hpp:668:9: note: 'multi_ptr<const int, hipsycl::sycl::access::address_space::global_space, hipsycl::sycl::access::decorated::legacy>' has been explicitly marked deprecated here
  668 | class [[deprecated]] multi_ptr<ElementType, Space, access::decorated::legacy> {
      |         ^
C:/dev/llvm-acpp-msvc-21/bin/../include/AdaptiveCpp\sycl\../hipSYCL/sycl\libkernel\multi_ptr.hpp:1001:1: warning: 'multi_ptr<int, hipsycl::sycl::access::address_space::global_space, hipsycl::sycl::access::decorated::legacy>' is deprecated [-Wdeprecated-declarations]
 1001 | using global_ptr = multi_ptr<ElementType, access::address_space::global_space, IsDecorated>;
      | ^
C:/dev/llvm-acpp-msvc-21/bin/../include/AdaptiveCpp\sycl\../hipSYCL/sycl\libkernel/accessor.hpp:1274:12: note: in instantiation of template type alias 'global_ptr' requested here
 1274 |     return global_ptr<dataT>{const_cast<dataT*>(this->_ptr.get())};
      |            ^
C:/dev/llvm-acpp-msvc-21/bin/../include/AdaptiveCpp\hipSYCL/algorithms/reduction/reduction_descriptor.hpp:127:22: note: in instantiation of function template specialization 'hipsycl::sycl::accessor<int, 1, hipsycl::sycl::access_mode::read_write, hipsycl::sycl::target::device, hipsycl::sycl::accessor_variant::unranged>::get_pointer<hipsycl::sycl::target::device, void>' requested here
  127 |       return _output.get_pointer();
      |                      ^
C:/dev/llvm-acpp-msvc-21/bin/../include/AdaptiveCpp\hipSYCL/algorithms/reduction/reduction_descriptor.hpp:34:29: note: in instantiation of member function 'hipsycl::algorithms::reduction::reduction_descriptor<hipsycl::algorithms::reduction::reduction_binary_operator<int, hipsycl::sycl::plus<int>>, hipsycl::sycl::accessor<int, 1, hipsycl::sycl::access_mode::read_write, hipsycl::sycl::target::device, hipsycl::sycl::accessor_variant::unranged>>::get_final_output_destination' requested here
   34 |   value_type *output = desc.get_final_output_destination();
      |                             ^
C:/dev/llvm-acpp-msvc-21/bin/../include/AdaptiveCpp\hipSYCL/algorithms/reduction\wg_model/group_horizontal_reducer.hpp:67:28: note: in instantiation of function template specialization 'hipsycl::algorithms::reduction::detail::set_reduction_result<hipsycl::algorithms::reduction::wg_model::configured_reduction_descriptor<hipsycl::algorithms::reduction::reduction_descriptor<hipsycl::algorithms::reduction::reduction_binary_operator<int, hipsycl::sycl::plus<int>>, hipsycl::sycl::accessor<int, 1, hipsycl::sycl::access_mode::read_write, hipsycl::sycl::target::device, hipsycl::sycl::accessor_variant::unranged>>>>' requested here
   67 |         reduction::detail::set_reduction_result(descriptor, group_result,
      |                            ^
C:/dev/llvm-acpp-msvc-21/bin/../include/AdaptiveCpp\hipSYCL/algorithms/reduction/reduction_engine.hpp:84:18: note: in instantiation of function template specialization 'hipsycl::algorithms::reduction::wg_model::group_horizontal_reducer<hipsycl::algorithms::reduction::wg_model::group_reductions::generic_local_memory<hipsycl::algorithms::reduction::reduction_descriptor<hipsycl::algorithms::reduction::reduction_binary_operator<int, hipsycl::sycl::plus<int>>, hipsycl::sycl::accessor<int, 1, hipsycl::sycl::access_mode::read_write, hipsycl::sycl::target::device, hipsycl::sycl::accessor_variant::unranged>>>>::finalize<hipsycl::sycl::nd_item<>, hipsycl::algorithms::reduction::wg_model::configured_reduction_descriptor<hipsycl::algorithms::reduction::reduction_descriptor<hipsycl::algorithms::reduction::reduction_binary_operator<int, hipsycl::sycl::plus<int>>, hipsycl::sycl::accessor<int, 1, hipsycl::sycl::access_mode::read_write, hipsycl::sycl::target::device, hipsycl::sycl::accessor_variant::unranged>>>, hipsycl::algorithms::reduction::wg_model::sequential_reducer<hipsycl::algorithms::reduction::reduction_binary_operator<int, hipsycl::sycl::plus<int>>>>' requested here
   84 |   (group_reducer.finalize(wi_index, descs, std::get<Is>(reducers_tuple)), ...);
      |                  ^
C:/dev/llvm-acpp-msvc-21/bin/../include/AdaptiveCpp\hipSYCL/algorithms/reduction/reduction_engine.hpp:92:3: note: (skipping 14 contexts in backtrace; use -ftemplate-backtrace-limit=0 to see all)
   92 |   invoke_finalize_with_reducers_impl(
      |   ^
C:/OpenFOAM/SPUMA/src/OpenFOAM/lnInclude\syclExecutor.cpp:100:15: note: in instantiation of function template specialization 'hipsycl::sycl::handler::parallel_for<__acpp_unnamed_kernel, hipsycl::algorithms::reduction::reduction_descriptor<hipsycl::algorithms::reduction::reduction_binary_operator<int, hipsycl::sycl::plus<int>>, hipsycl::sycl::accessor<int, 1, hipsycl::sycl::access_mode::read_write, hipsycl::sycl::target::device, hipsycl::sycl::accessor_variant::unranged>>, (lambda at C:\OpenFOAM\SPUMA\src\OpenFOAM\lnInclude\syclExecutor.cpp:101:17)>' requested here
  100 |             h.parallel_for(sycl::range<1>(size), sumReduction,
      |               ^
C:/OpenFOAM/SPUMA/src/OpenFOAM/lnInclude\executor.H:85:34: note: in instantiation of function template specialization 'Foam::syclExecutor::_backendReductionSum<(lambda at C:\OpenFOAM\SPUMA\src\OpenFOAM\lnInclude\FieldFunctions.C:534:26), int>' requested here
   85 |         (static_cast<T*>(this))->_backendReductionSum(lambda, result, size);
      |                                  ^
C:/OpenFOAM/SPUMA/src/OpenFOAM/lnInclude\FieldFunctions.C:536:18: note: in instantiation of function template specialization 'Foam::executor<Foam::syclExecutor>::reductionSum<(lambda at C:\OpenFOAM\SPUMA\src\OpenFOAM\lnInclude\FieldFunctions.C:534:26), int>' requested here
  536 |             exec.reductionSum(sumOp, &result, size);
      |                  ^
C:/OpenFOAM/SPUMA/src/OpenFOAM/lnInclude\FieldFunctions.C:547:26: note: in instantiation of function template specialization 'Foam::sum<int>' requested here
  547 | TMP_UNARY_FUNCTION(Type, sum)
      |                          ^
C:/OpenFOAM/SPUMA/src/OpenFOAM/lnInclude\FieldFunctions.C:463:22: note: expanded from macro 'TMP_UNARY_FUNCTION'
  463 |     ReturnType res = Func(tf1());                                              \
      |                      ^
C:/OpenFOAM/SPUMA/src/OpenFOAM/lnInclude\globalIndexAndTransformI.H:462:30: note: in instantiation of function template specialization 'Foam::sum<int>' requested here
  462 |     label nUsedTrans = round(sum(mag(permutation)));
      |                              ^
C:/dev/llvm-acpp-msvc-21/bin/../include/AdaptiveCpp\sycl\../hipSYCL/sycl\libkernel\multi_ptr.hpp:668:9: note: 'multi_ptr<int, hipsycl::sycl::access::address_space::global_space, hipsycl::sycl::access::decorated::legacy>' has been explicitly marked deprecated here
  668 | class [[deprecated]] multi_ptr<ElementType, Space, access::decorated::legacy> {
      |         ^
In file included from fvMesh/extendedStencil/cellToCell/MeshObjects/centredCPCCellToCellStencilObject.C:28:
In file included from fvMesh/extendedStencil/cellToCell/MeshObjects\centredCPCCellToCellStencilObject.H:39:
In file included from lnInclude\extendedCentredCellToCellStencil.H:39:
In file included from lnInclude\extendedCellToCellStencil.H:41:
In file included from C:/OpenFOAM/SPUMA/src/OpenFOAM/lnInclude\mapDistribute.H:772:
In file included from C:/OpenFOAM/SPUMA/src/OpenFOAM/lnInclude\mapDistributeTemplates.C:32:
In file included from C:/OpenFOAM/SPUMA/src/OpenFOAM/lnInclude\transformField.H:43:
In file included from C:/OpenFOAM/SPUMA/src/OpenFOAM/lnInclude\septernion.H:49:
In file included from C:/OpenFOAM/SPUMA/src/OpenFOAM/lnInclude\spatialTransform.H:201:
C:/OpenFOAM/SPUMA/src/OpenFOAM/lnInclude\spatialTransformI.H:42:16: warning: instantiation of variable 'Foam::Tensor<double>::I' required here, but no definition is available [-Wundefined-var-template]
   42 |     E_(tensor::I),
      |                ^
C:/OpenFOAM/SPUMA/src/OpenFOAM/lnInclude\Tensor.H:83:29: note: forward declaration of template entity is here
   83 |         static const Tensor I;
      |                             ^
C:/OpenFOAM/SPUMA/src/OpenFOAM/lnInclude\spatialTransformI.H:42:16: note: add an explicit instantiation declaration to suppress this warning if 'Foam::Tensor<double>::I' is explicitly instantiated in another translation unit
   42 |     E_(tensor::I),
      |                ^
6 warnings generated.
  OK: 319979 bytes
Compiling fvMesh/extendedStencil/cellToFace/extendedCellToFaceStencil.C with omp ...
In file included from fvMesh/extendedStencil/cellToFace/extendedCellToFaceStencil.C:28:
In file included from fvMesh/extendedStencil/cellToFace\extendedCellToFaceStencil.H:53:
In file included from C:/OpenFOAM/SPUMA/src/OpenFOAM/lnInclude\mapDistribute.H:139:
In file included from C:/OpenFOAM/SPUMA/src/OpenFOAM/lnInclude\mapDistributeBase.H:77:
In file included from C:/OpenFOAM/SPUMA/src/OpenFOAM/lnInclude\boolList.H:32:
In file included from C:/OpenFOAM/SPUMA/src/OpenFOAM/lnInclude\List.H:47:
In file included from C:/OpenFOAM/SPUMA/src/OpenFOAM/lnInclude\autoPtr.H:348:
In file included from C:/OpenFOAM/SPUMA/src/OpenFOAM/lnInclude\autoPtrI.H:29:
In file included from C:/OpenFOAM/SPUMA/src/OpenFOAM/lnInclude\error.H:60:
In file included from C:/OpenFOAM/SPUMA/src/OpenFOAM/lnInclude\messageStream.H:57:
In file included from C:/OpenFOAM/SPUMA/src/OpenFOAM/lnInclude\label.H:42:
In file included from C:/OpenFOAM/SPUMA/src/OpenFOAM/lnInclude\int.H:45:
C:/OpenFOAM/SPUMA/src/OpenFOAM/lnInclude\int64.H:77:12: warning: absolute value function 'labs' given an argument of type 'const int64_t' (aka 'const long long') but has parameter of type 'long' which may cause truncation of value [-Wabsolute-value]
   77 |     return ::labs(val);
      |            ^
C:/OpenFOAM/SPUMA/src/OpenFOAM/lnInclude\int64.H:77:12: note: use function 'std::abs' instead
   77 |     return ::labs(val);
      |            ^~~~~~
      |            std::abs
In file included from fvMesh/extendedStencil/cellToFace/extendedCellToFaceStencil.C:28:
In file included from fvMesh/extendedStencil/cellToFace\extendedCellToFaceStencil.H:53:
In file included from C:/OpenFOAM/SPUMA/src/OpenFOAM/lnInclude\mapDistribute.H:141:
In file included from C:/OpenFOAM/SPUMA/src/OpenFOAM/lnInclude\vectorTensorTransform.H:262:
C:/OpenFOAM/SPUMA/src/OpenFOAM/lnInclude\vectorTensorTransformI.H:33:25: warning: instantiation of variable 'Foam::SphericalTensor<double>::I' required here, but no definition is available [-Wundefined-var-template]
   33 |     R_(sphericalTensor::I),
      |                         ^
C:/OpenFOAM/SPUMA/src/OpenFOAM/lnInclude\SphericalTensor.H:79:38: note: forward declaration of template entity is here
   79 |         static const SphericalTensor I;
      |                                      ^
C:/OpenFOAM/SPUMA/src/OpenFOAM/lnInclude\vectorTensorTransformI.H:33:25: note: add an explicit instantiation declaration to suppress this warning if 'Foam::SphericalTensor<double>::I' is explicitly instantiated in another translation unit
   33 |     R_(sphericalTensor::I),
      |                         ^
In file included from fvMesh/extendedStencil/cellToFace/extendedCellToFaceStencil.C:28:
In file included from fvMesh/extendedStencil/cellToFace\extendedCellToFaceStencil.H:53:
In file included from C:/OpenFOAM/SPUMA/src/OpenFOAM/lnInclude\mapDistribute.H:139:
In file included from C:/OpenFOAM/SPUMA/src/OpenFOAM/lnInclude\mapDistributeBase.H:77:
In file included from C:/OpenFOAM/SPUMA/src/OpenFOAM/lnInclude\boolList.H:32:
In file included from C:/OpenFOAM/SPUMA/src/OpenFOAM/lnInclude\List.H:47:
In file included from C:/OpenFOAM/SPUMA/src/OpenFOAM/lnInclude\autoPtr.H:348:
In file included from C:/OpenFOAM/SPUMA/src/OpenFOAM/lnInclude\autoPtrI.H:29:
In file included from C:/OpenFOAM/SPUMA/src/OpenFOAM/lnInclude\error.H:60:
In file included from C:/OpenFOAM/SPUMA/src/OpenFOAM/lnInclude\messageStream.H:57:
In file included from C:/OpenFOAM/SPUMA/src/OpenFOAM/lnInclude\label.H:42:
In file included from C:/OpenFOAM/SPUMA/src/OpenFOAM/lnInclude\int.H:41:
In file included from C:/OpenFOAM/SPUMA/src/OpenFOAM/lnInclude\deviceM.H:58:
In file included from C:/dev/llvm-acpp-msvc-21/bin/../include/AdaptiveCpp\sycl/sycl.hpp:14:
In file included from C:/dev/llvm-acpp-msvc-21/bin/../include/AdaptiveCpp\sycl\../hipSYCL/sycl/sycl.hpp:62:
In file included from C:/dev/llvm-acpp-msvc-21/bin/../include/AdaptiveCpp\sycl\../hipSYCL/sycl\libkernel/reduction.hpp:20:
C:/dev/llvm-acpp-msvc-21/bin/../include/AdaptiveCpp\hipSYCL/algorithms/reduction/reduction_descriptor.hpp:127:22: warning: 'multi_ptr<int, hipsycl::sycl::access::address_space::global_space, hipsycl::sycl::access::decorated::legacy>' is deprecated [-Wdeprecated-declarations]
  127 |       return _output.get_pointer();
      |                      ^
C:/dev/llvm-acpp-msvc-21/bin/../include/AdaptiveCpp\hipSYCL/algorithms/reduction/reduction_descriptor.hpp:34:29: note: in instantiation of member function 'hipsycl::algorithms::reduction::reduction_descriptor<hipsycl::algorithms::reduction::reduction_binary_operator<int, hipsycl::sycl::plus<int>>, hipsycl::sycl::accessor<int, 1, hipsycl::sycl::access_mode::read_write, hipsycl::sycl::target::device, hipsycl::sycl::accessor_variant::unranged>>::get_final_output_destination' requested here
   34 |   value_type *output = desc.get_final_output_destination();
      |                             ^
C:/dev/llvm-acpp-msvc-21/bin/../include/AdaptiveCpp\hipSYCL/algorithms/reduction\wg_model/group_horizontal_reducer.hpp:67:28: note: in instantiation of function template specialization 'hipsycl::algorithms::reduction::detail::set_reduction_result<hipsycl::algorithms::reduction::wg_model::configured_reduction_descriptor<hipsycl::algorithms::reduction::reduction_descriptor<hipsycl::algorithms::reduction::reduction_binary_operator<int, hipsycl::sycl::plus<int>>, hipsycl::sycl::accessor<int, 1, hipsycl::sycl::access_mode::read_write, hipsycl::sycl::target::device, hipsycl::sycl::accessor_variant::unranged>>>>' requested here
   67 |         reduction::detail::set_reduction_result(descriptor, group_result,
      |                            ^
C:/dev/llvm-acpp-msvc-21/bin/../include/AdaptiveCpp\hipSYCL/algorithms/reduction/reduction_engine.hpp:84:18: note: in instantiation of function template specialization 'hipsycl::algorithms::reduction::wg_model::group_horizontal_reducer<hipsycl::algorithms::reduction::wg_model::group_reductions::generic_local_memory<hipsycl::algorithms::reduction::reduction_descriptor<hipsycl::algorithms::reduction::reduction_binary_operator<int, hipsycl::sycl::plus<int>>, hipsycl::sycl::accessor<int, 1, hipsycl::sycl::access_mode::read_write, hipsycl::sycl::target::device, hipsycl::sycl::accessor_variant::unranged>>>>::finalize<hipsycl::sycl::nd_item<>, hipsycl::algorithms::reduction::wg_model::configured_reduction_descriptor<hipsycl::algorithms::reduction::reduction_descriptor<hipsycl::algorithms::reduction::reduction_binary_operator<int, hipsycl::sycl::plus<int>>, hipsycl::sycl::accessor<int, 1, hipsycl::sycl::access_mode::read_write, hipsycl::sycl::target::device, hipsycl::sycl::accessor_variant::unranged>>>, hipsycl::algorithms::reduction::wg_model::sequential_reducer<hipsycl::algorithms::reduction::reduction_binary_operator<int, hipsycl::sycl::plus<int>>>>' requested here
   84 |   (group_reducer.finalize(wi_index, descs, std::get<Is>(reducers_tuple)), ...);
      |                  ^
C:/dev/llvm-acpp-msvc-21/bin/../include/AdaptiveCpp\hipSYCL/algorithms/reduction/reduction_engine.hpp:92:3: note: in instantiation of function template specialization 'hipsycl::algorithms::reduction::invoke_helpers::invoke_finalize_with_reducers_impl<hipsycl::algorithms::reduction::wg_model::group_horizontal_reducer<hipsycl::algorithms::reduction::wg_model::group_reductions::generic_local_memory<hipsycl::algorithms::reduction::reduction_descriptor<hipsycl::algorithms::reduction::reduction_binary_operator<int, hipsycl::sycl::plus<int>>, hipsycl::sycl::accessor<int, 1, hipsycl::sycl::access_mode::read_write, hipsycl::sycl::target::device, hipsycl::sycl::accessor_variant::unranged>>>>, hipsycl::sycl::nd_item<>, std::tuple<hipsycl::algorithms::reduction::wg_model::sequential_reducer<hipsycl::algorithms::reduction::reduction_binary_operator<int, hipsycl::sycl::plus<int>>>>, 0ULL, hipsycl::algorithms::reduction::wg_model::configured_reduction_descriptor<hipsycl::algorithms::reduction::reduction_descriptor<hipsycl::algorithms::reduction::reduction_binary_operator<int, hipsycl::sycl::plus<int>>, hipsycl::sycl::accessor<int, 1, hipsycl::sycl::access_mode::read_write, hipsycl::sycl::target::device, hipsycl::sycl::accessor_variant::unranged>>>>' requested here
   92 |   invoke_finalize_with_reducers_impl(
      |   ^
C:/dev/llvm-acpp-msvc-21/bin/../include/AdaptiveCpp\hipSYCL/algorithms/reduction/reduction_engine.hpp:229:21: note: in instantiation of function template specialization 'hipsycl::algorithms::reduction::invoke_helpers::invoke_finalize_with_reducers<hipsycl::algorithms::reduction::wg_model::group_horizontal_reducer<hipsycl::algorithms::reduction::wg_model::group_reductions::generic_local_memory<hipsycl::algorithms::reduction::reduction_descriptor<hipsycl::algorithms::reduction::reduction_binary_operator<int, hipsycl::sycl::plus<int>>, hipsycl::sycl::accessor<int, 1, hipsycl::sycl::access_mode::read_write, hipsycl::sycl::target::device, hipsycl::sycl::accessor_variant::unranged>>>>, hipsycl::sycl::nd_item<>, hipsycl::algorithms::reduction::wg_model::sequential_reducer<hipsycl::algorithms::reduction::reduction_binary_operator<int, hipsycl::sycl::plus<int>>>, hipsycl::algorithms::reduction::wg_model::configured_reduction_descriptor<hipsycl::algorithms::reduction::reduction_descriptor<hipsycl::algorithms::reduction::reduction_binary_operator<int, hipsycl::sycl::plus<int>>, hipsycl::sycl::accessor<int, 1, hipsycl::sycl::access_mode::read_write, hipsycl::sycl::target::device, hipsycl::sycl::accessor_variant::unranged>>>>' requested here
  229 |     invoke_helpers::invoke_finalize_with_reducers(group_reducer, wi_index, wi_reducers, descs...);
      |                     ^
C:\Program Files (x86)\Microsoft Visual Studio\2022\BuildTools\VC\Tools\MSVC\14.41.34120\include\type_traits:1714:16: note: (skipping 12 contexts in backtrace; use -ftemplate-backtrace-limit=0 to see all)
 1714 |         return static_cast<_Callable&&>(_Obj)(static_cast<_Ty1&&>(_Arg1), static_cast<_Types2&&>(_Args2)...);
      |                ^
C:/OpenFOAM/SPUMA/src/OpenFOAM/lnInclude\syclExecutor.cpp:100:15: note: in instantiation of function template specialization 'hipsycl::sycl::handler::parallel_for<__acpp_unnamed_kernel, hipsycl::algorithms::reduction::reduction_descriptor<hipsycl::algorithms::reduction::reduction_binary_operator<int, hipsycl::sycl::plus<int>>, hipsycl::sycl::accessor<int, 1, hipsycl::sycl::access_mode::read_write, hipsycl::sycl::target::device, hipsycl::sycl::accessor_variant::unranged>>, (lambda at C:\OpenFOAM\SPUMA\src\OpenFOAM\lnInclude\syclExecutor.cpp:101:17)>' requested here
  100 |             h.parallel_for(sycl::range<1>(size), sumReduction,
      |               ^
C:/OpenFOAM/SPUMA/src/OpenFOAM/lnInclude\executor.H:85:34: note: in instantiation of function template specialization 'Foam::syclExecutor::_backendReductionSum<(lambda at C:\OpenFOAM\SPUMA\src\OpenFOAM\lnInclude\FieldFunctions.C:534:26), int>' requested here
   85 |         (static_cast<T*>(this))->_backendReductionSum(lambda, result, size);
      |                                  ^
C:/OpenFOAM/SPUMA/src/OpenFOAM/lnInclude\FieldFunctions.C:536:18: note: in instantiation of function template specialization 'Foam::executor<Foam::syclExecutor>::reductionSum<(lambda at C:\OpenFOAM\SPUMA\src\OpenFOAM\lnInclude\FieldFunctions.C:534:26), int>' requested here
  536 |             exec.reductionSum(sumOp, &result, size);
      |                  ^
C:/OpenFOAM/SPUMA/src/OpenFOAM/lnInclude\FieldFunctions.C:547:26: note: in instantiation of function template specialization 'Foam::sum<int>' requested here
  547 | TMP_UNARY_FUNCTION(Type, sum)
      |                          ^
C:/OpenFOAM/SPUMA/src/OpenFOAM/lnInclude\FieldFunctions.C:463:22: note: expanded from macro 'TMP_UNARY_FUNCTION'
  463 |     ReturnType res = Func(tf1());                                              \
      |                      ^
C:/OpenFOAM/SPUMA/src/OpenFOAM/lnInclude\globalIndexAndTransformI.H:462:30: note: in instantiation of function template specialization 'Foam::sum<int>' requested here
  462 |     label nUsedTrans = round(sum(mag(permutation)));
      |                              ^
C:/dev/llvm-acpp-msvc-21/bin/../include/AdaptiveCpp\sycl\../hipSYCL/sycl\libkernel\multi_ptr.hpp:668:9: note: 'multi_ptr<int, hipsycl::sycl::access::address_space::global_space, hipsycl::sycl::access::decorated::legacy>' has been explicitly marked deprecated here
  668 | class [[deprecated]] multi_ptr<ElementType, Space, access::decorated::legacy> {
      |         ^
In file included from fvMesh/extendedStencil/cellToFace/extendedCellToFaceStencil.C:28:
In file included from fvMesh/extendedStencil/cellToFace\extendedCellToFaceStencil.H:53:
In file included from C:/OpenFOAM/SPUMA/src/OpenFOAM/lnInclude\mapDistribute.H:139:
In file included from C:/OpenFOAM/SPUMA/src/OpenFOAM/lnInclude\mapDistributeBase.H:77:
In file included from C:/OpenFOAM/SPUMA/src/OpenFOAM/lnInclude\boolList.H:32:
In file included from C:/OpenFOAM/SPUMA/src/OpenFOAM/lnInclude\List.H:47:
In file included from C:/OpenFOAM/SPUMA/src/OpenFOAM/lnInclude\autoPtr.H:348:
In file included from C:/OpenFOAM/SPUMA/src/OpenFOAM/lnInclude\autoPtrI.H:29:
In file included from C:/OpenFOAM/SPUMA/src/OpenFOAM/lnInclude\error.H:60:
In file included from C:/OpenFOAM/SPUMA/src/OpenFOAM/lnInclude\messageStream.H:57:
In file included from C:/OpenFOAM/SPUMA/src/OpenFOAM/lnInclude\label.H:42:
In file included from C:/OpenFOAM/SPUMA/src/OpenFOAM/lnInclude\int.H:41:
In file included from C:/OpenFOAM/SPUMA/src/OpenFOAM/lnInclude\deviceM.H:58:
In file included from C:/dev/llvm-acpp-msvc-21/bin/../include/AdaptiveCpp\sycl/sycl.hpp:14:
In file included from C:/dev/llvm-acpp-msvc-21/bin/../include/AdaptiveCpp\sycl\../hipSYCL/sycl/sycl.hpp:62:
In file included from C:/dev/llvm-acpp-msvc-21/bin/../include/AdaptiveCpp\sycl\../hipSYCL/sycl\libkernel/reduction.hpp:20:
C:/dev/llvm-acpp-msvc-21/bin/../include/AdaptiveCpp\hipSYCL/algorithms/reduction/reduction_descriptor.hpp:127:14: warning: 'multi_ptr<const int, hipsycl::sycl::access::address_space::global_space, hipsycl::sycl::access::decorated::legacy>' is deprecated [-Wdeprecated-declarations]
  127 |       return _output.get_pointer();
      |              ^
C:/dev/llvm-acpp-msvc-21/bin/../include/AdaptiveCpp\sycl\../hipSYCL/sycl\libkernel\multi_ptr.hpp:668:9: note: 'multi_ptr<const int, hipsycl::sycl::access::address_space::global_space, hipsycl::sycl::access::decorated::legacy>' has been explicitly marked deprecated here
  668 | class [[deprecated]] multi_ptr<ElementType, Space, access::decorated::legacy> {
      |         ^
C:/dev/llvm-acpp-msvc-21/bin/../include/AdaptiveCpp\sycl\../hipSYCL/sycl\libkernel\multi_ptr.hpp:1001:1: warning: 'multi_ptr<int, hipsycl::sycl::access::address_space::global_space, hipsycl::sycl::access::decorated::legacy>' is deprecated [-Wdeprecated-declarations]
 1001 | using global_ptr = multi_ptr<ElementType, access::address_space::global_space, IsDecorated>;
      | ^
C:/dev/llvm-acpp-msvc-21/bin/../include/AdaptiveCpp\sycl\../hipSYCL/sycl\libkernel/accessor.hpp:1274:12: note: in instantiation of template type alias 'global_ptr' requested here
 1274 |     return global_ptr<dataT>{const_cast<dataT*>(this->_ptr.get())};
      |            ^
C:/dev/llvm-acpp-msvc-21/bin/../include/AdaptiveCpp\hipSYCL/algorithms/reduction/reduction_descriptor.hpp:127:22: note: in instantiation of function template specialization 'hipsycl::sycl::accessor<int, 1, hipsycl::sycl::access_mode::read_write, hipsycl::sycl::target::device, hipsycl::sycl::accessor_variant::unranged>::get_pointer<hipsycl::sycl::target::device, void>' requested here
  127 |       return _output.get_pointer();
      |                      ^
C:/dev/llvm-acpp-msvc-21/bin/../include/AdaptiveCpp\hipSYCL/algorithms/reduction/reduction_descriptor.hpp:34:29: note: in instantiation of member function 'hipsycl::algorithms::reduction::reduction_descriptor<hipsycl::algorithms::reduction::reduction_binary_operator<int, hipsycl::sycl::plus<int>>, hipsycl::sycl::accessor<int, 1, hipsycl::sycl::access_mode::read_write, hipsycl::sycl::target::device, hipsycl::sycl::accessor_variant::unranged>>::get_final_output_destination' requested here
   34 |   value_type *output = desc.get_final_output_destination();
      |                             ^
C:/dev/llvm-acpp-msvc-21/bin/../include/AdaptiveCpp\hipSYCL/algorithms/reduction\wg_model/group_horizontal_reducer.hpp:67:28: note: in instantiation of function template specialization 'hipsycl::algorithms::reduction::detail::set_reduction_result<hipsycl::algorithms::reduction::wg_model::configured_reduction_descriptor<hipsycl::algorithms::reduction::reduction_descriptor<hipsycl::algorithms::reduction::reduction_binary_operator<int, hipsycl::sycl::plus<int>>, hipsycl::sycl::accessor<int, 1, hipsycl::sycl::access_mode::read_write, hipsycl::sycl::target::device, hipsycl::sycl::accessor_variant::unranged>>>>' requested here
   67 |         reduction::detail::set_reduction_result(descriptor, group_result,
      |                            ^
C:/dev/llvm-acpp-msvc-21/bin/../include/AdaptiveCpp\hipSYCL/algorithms/reduction/reduction_engine.hpp:84:18: note: in instantiation of function template specialization 'hipsycl::algorithms::reduction::wg_model::group_horizontal_reducer<hipsycl::algorithms::reduction::wg_model::group_reductions::generic_local_memory<hipsycl::algorithms::reduction::reduction_descriptor<hipsycl::algorithms::reduction::reduction_binary_operator<int, hipsycl::sycl::plus<int>>, hipsycl::sycl::accessor<int, 1, hipsycl::sycl::access_mode::read_write, hipsycl::sycl::target::device, hipsycl::sycl::accessor_variant::unranged>>>>::finalize<hipsycl::sycl::nd_item<>, hipsycl::algorithms::reduction::wg_model::configured_reduction_descriptor<hipsycl::algorithms::reduction::reduction_descriptor<hipsycl::algorithms::reduction::reduction_binary_operator<int, hipsycl::sycl::plus<int>>, hipsycl::sycl::accessor<int, 1, hipsycl::sycl::access_mode::read_write, hipsycl::sycl::target::device, hipsycl::sycl::accessor_variant::unranged>>>, hipsycl::algorithms::reduction::wg_model::sequential_reducer<hipsycl::algorithms::reduction::reduction_binary_operator<int, hipsycl::sycl::plus<int>>>>' requested here
   84 |   (group_reducer.finalize(wi_index, descs, std::get<Is>(reducers_tuple)), ...);
      |                  ^
C:/dev/llvm-acpp-msvc-21/bin/../include/AdaptiveCpp\hipSYCL/algorithms/reduction/reduction_engine.hpp:92:3: note: (skipping 14 contexts in backtrace; use -ftemplate-backtrace-limit=0 to see all)
   92 |   invoke_finalize_with_reducers_impl(
      |   ^
C:/OpenFOAM/SPUMA/src/OpenFOAM/lnInclude\syclExecutor.cpp:100:15: note: in instantiation of function template specialization 'hipsycl::sycl::handler::parallel_for<__acpp_unnamed_kernel, hipsycl::algorithms::reduction::reduction_descriptor<hipsycl::algorithms::reduction::reduction_binary_operator<int, hipsycl::sycl::plus<int>>, hipsycl::sycl::accessor<int, 1, hipsycl::sycl::access_mode::read_write, hipsycl::sycl::target::device, hipsycl::sycl::accessor_variant::unranged>>, (lambda at C:\OpenFOAM\SPUMA\src\OpenFOAM\lnInclude\syclExecutor.cpp:101:17)>' requested here
  100 |             h.parallel_for(sycl::range<1>(size), sumReduction,
      |               ^
C:/OpenFOAM/SPUMA/src/OpenFOAM/lnInclude\executor.H:85:34: note: in instantiation of function template specialization 'Foam::syclExecutor::_backendReductionSum<(lambda at C:\OpenFOAM\SPUMA\src\OpenFOAM\lnInclude\FieldFunctions.C:534:26), int>' requested here
   85 |         (static_cast<T*>(this))->_backendReductionSum(lambda, result, size);
      |                                  ^
C:/OpenFOAM/SPUMA/src/OpenFOAM/lnInclude\FieldFunctions.C:536:18: note: in instantiation of function template specialization 'Foam::executor<Foam::syclExecutor>::reductionSum<(lambda at C:\OpenFOAM\SPUMA\src\OpenFOAM\lnInclude\FieldFunctions.C:534:26), int>' requested here
  536 |             exec.reductionSum(sumOp, &result, size);
      |                  ^
C:/OpenFOAM/SPUMA/src/OpenFOAM/lnInclude\FieldFunctions.C:547:26: note: in instantiation of function template specialization 'Foam::sum<int>' requested here
  547 | TMP_UNARY_FUNCTION(Type, sum)
      |                          ^
C:/OpenFOAM/SPUMA/src/OpenFOAM/lnInclude\FieldFunctions.C:463:22: note: expanded from macro 'TMP_UNARY_FUNCTION'
  463 |     ReturnType res = Func(tf1());                                              \
      |                      ^
C:/OpenFOAM/SPUMA/src/OpenFOAM/lnInclude\globalIndexAndTransformI.H:462:30: note: in instantiation of function template specialization 'Foam::sum<int>' requested here
  462 |     label nUsedTrans = round(sum(mag(permutation)));
      |                              ^
C:/dev/llvm-acpp-msvc-21/bin/../include/AdaptiveCpp\sycl\../hipSYCL/sycl\libkernel\multi_ptr.hpp:668:9: note: 'multi_ptr<int, hipsycl::sycl::access::address_space::global_space, hipsycl::sycl::access::decorated::legacy>' has been explicitly marked deprecated here
  668 | class [[deprecated]] multi_ptr<ElementType, Space, access::decorated::legacy> {
      |         ^
In file included from fvMesh/extendedStencil/cellToFace/extendedCellToFaceStencil.C:28:
In file included from fvMesh/extendedStencil/cellToFace\extendedCellToFaceStencil.H:53:
In file included from C:/OpenFOAM/SPUMA/src/OpenFOAM/lnInclude\mapDistribute.H:772:
In file included from C:/OpenFOAM/SPUMA/src/OpenFOAM/lnInclude\mapDistributeTemplates.C:32:
In file included from C:/OpenFOAM/SPUMA/src/OpenFOAM/lnInclude\transformField.H:43:
In file included from C:/OpenFOAM/SPUMA/src/OpenFOAM/lnInclude\septernion.H:49:
In file included from C:/OpenFOAM/SPUMA/src/OpenFOAM/lnInclude\spatialTransform.H:201:
C:/OpenFOAM/SPUMA/src/OpenFOAM/lnInclude\spatialTransformI.H:42:16: warning: instantiation of variable 'Foam::Tensor<double>::I' required here, but no definition is available [-Wundefined-var-template]
   42 |     E_(tensor::I),
      |                ^
C:/OpenFOAM/SPUMA/src/OpenFOAM/lnInclude\Tensor.H:83:29: note: forward declaration of template entity is here
   83 |         static const Tensor I;
      |                             ^
C:/OpenFOAM/SPUMA/src/OpenFOAM/lnInclude\spatialTransformI.H:42:16: note: add an explicit instantiation declaration to suppress this warning if 'Foam::Tensor<double>::I' is explicitly instantiated in another translation unit
   42 |     E_(tensor::I),
      |                ^
6 warnings generated.
  OK: 326439 bytes
Compiling fvMesh/extendedStencil/cellToFace/extendedCentredCellToFaceStencil.C with omp ...
In file included from fvMesh/extendedStencil/cellToFace/extendedCentredCellToFaceStencil.C:28:
In file included from C:/OpenFOAM/SPUMA/src/OpenFOAM/lnInclude\mapDistribute.H:139:
In file included from C:/OpenFOAM/SPUMA/src/OpenFOAM/lnInclude\mapDistributeBase.H:77:
In file included from C:/OpenFOAM/SPUMA/src/OpenFOAM/lnInclude\boolList.H:32:
In file included from C:/OpenFOAM/SPUMA/src/OpenFOAM/lnInclude\List.H:47:
In file included from C:/OpenFOAM/SPUMA/src/OpenFOAM/lnInclude\autoPtr.H:348:
In file included from C:/OpenFOAM/SPUMA/src/OpenFOAM/lnInclude\autoPtrI.H:29:
In file included from C:/OpenFOAM/SPUMA/src/OpenFOAM/lnInclude\error.H:60:
In file included from C:/OpenFOAM/SPUMA/src/OpenFOAM/lnInclude\messageStream.H:57:
In file included from C:/OpenFOAM/SPUMA/src/OpenFOAM/lnInclude\label.H:42:
In file included from C:/OpenFOAM/SPUMA/src/OpenFOAM/lnInclude\int.H:45:
C:/OpenFOAM/SPUMA/src/OpenFOAM/lnInclude\int64.H:77:12: warning: absolute value function 'labs' given an argument of type 'const int64_t' (aka 'const long long') but has parameter of type 'long' which may cause truncation of value [-Wabsolute-value]
   77 |     return ::labs(val);
      |            ^
C:/OpenFOAM/SPUMA/src/OpenFOAM/lnInclude\int64.H:77:12: note: use function 'std::abs' instead
   77 |     return ::labs(val);
      |            ^~~~~~
      |            std::abs
In file included from fvMesh/extendedStencil/cellToFace/extendedCentredCellToFaceStencil.C:28:
In file included from C:/OpenFOAM/SPUMA/src/OpenFOAM/lnInclude\mapDistribute.H:141:
In file included from C:/OpenFOAM/SPUMA/src/OpenFOAM/lnInclude\vectorTensorTransform.H:262:
C:/OpenFOAM/SPUMA/src/OpenFOAM/lnInclude\vectorTensorTransformI.H:33:25: warning: instantiation of variable 'Foam::SphericalTensor<double>::I' required here, but no definition is available [-Wundefined-var-template]
   33 |     R_(sphericalTensor::I),
      |                         ^
C:/OpenFOAM/SPUMA/src/OpenFOAM/lnInclude\SphericalTensor.H:79:38: note: forward declaration of template entity is here
   79 |         static const SphericalTensor I;
      |                                      ^
C:/OpenFOAM/SPUMA/src/OpenFOAM/lnInclude\vectorTensorTransformI.H:33:25: note: add an explicit instantiation declaration to suppress this warning if 'Foam::SphericalTensor<double>::I' is explicitly instantiated in another translation unit
   33 |     R_(sphericalTensor::I),
      |                         ^
In file included from fvMesh/extendedStencil/cellToFace/extendedCentredCellToFaceStencil.C:28:
In file included from C:/OpenFOAM/SPUMA/src/OpenFOAM/lnInclude\mapDistribute.H:139:
In file included from C:/OpenFOAM/SPUMA/src/OpenFOAM/lnInclude\mapDistributeBase.H:77:
In file included from C:/OpenFOAM/SPUMA/src/OpenFOAM/lnInclude\boolList.H:32:
In file included from C:/OpenFOAM/SPUMA/src/OpenFOAM/lnInclude\List.H:47:
In file included from C:/OpenFOAM/SPUMA/src/OpenFOAM/lnInclude\autoPtr.H:348:
In file included from C:/OpenFOAM/SPUMA/src/OpenFOAM/lnInclude\autoPtrI.H:29:
In file included from C:/OpenFOAM/SPUMA/src/OpenFOAM/lnInclude\error.H:60:
In file included from C:/OpenFOAM/SPUMA/src/OpenFOAM/lnInclude\messageStream.H:57:
In file included from C:/OpenFOAM/SPUMA/src/OpenFOAM/lnInclude\label.H:42:
In file included from C:/OpenFOAM/SPUMA/src/OpenFOAM/lnInclude\int.H:41:
In file included from C:/OpenFOAM/SPUMA/src/OpenFOAM/lnInclude\deviceM.H:58:
In file included from C:/dev/llvm-acpp-msvc-21/bin/../include/AdaptiveCpp\sycl/sycl.hpp:14:
In file included from C:/dev/llvm-acpp-msvc-21/bin/../include/AdaptiveCpp\sycl\../hipSYCL/sycl/sycl.hpp:62:
In file included from C:/dev/llvm-acpp-msvc-21/bin/../include/AdaptiveCpp\sycl\../hipSYCL/sycl\libkernel/reduction.hpp:20:
C:/dev/llvm-acpp-msvc-21/bin/../include/AdaptiveCpp\hipSYCL/algorithms/reduction/reduction_descriptor.hpp:127:22: warning: 'multi_ptr<int, hipsycl::sycl::access::address_space::global_space, hipsycl::sycl::access::decorated::legacy>' is deprecated [-Wdeprecated-declarations]
  127 |       return _output.get_pointer();
      |                      ^
C:/dev/llvm-acpp-msvc-21/bin/../include/AdaptiveCpp\hipSYCL/algorithms/reduction/reduction_descriptor.hpp:34:29: note: in instantiation of member function 'hipsycl::algorithms::reduction::reduction_descriptor<hipsycl::algorithms::reduction::reduction_binary_operator<int, hipsycl::sycl::plus<int>>, hipsycl::sycl::accessor<int, 1, hipsycl::sycl::access_mode::read_write, hipsycl::sycl::target::device, hipsycl::sycl::accessor_variant::unranged>>::get_final_output_destination' requested here
   34 |   value_type *output = desc.get_final_output_destination();
      |                             ^
C:/dev/llvm-acpp-msvc-21/bin/../include/AdaptiveCpp\hipSYCL/algorithms/reduction\wg_model/group_horizontal_reducer.hpp:67:28: note: in instantiation of function template specialization 'hipsycl::algorithms::reduction::detail::set_reduction_result<hipsycl::algorithms::reduction::wg_model::configured_reduction_descriptor<hipsycl::algorithms::reduction::reduction_descriptor<hipsycl::algorithms::reduction::reduction_binary_operator<int, hipsycl::sycl::plus<int>>, hipsycl::sycl::accessor<int, 1, hipsycl::sycl::access_mode::read_write, hipsycl::sycl::target::device, hipsycl::sycl::accessor_variant::unranged>>>>' requested here
   67 |         reduction::detail::set_reduction_result(descriptor, group_result,
      |                            ^
C:/dev/llvm-acpp-msvc-21/bin/../include/AdaptiveCpp\hipSYCL/algorithms/reduction/reduction_engine.hpp:84:18: note: in instantiation of function template specialization 'hipsycl::algorithms::reduction::wg_model::group_horizontal_reducer<hipsycl::algorithms::reduction::wg_model::group_reductions::generic_local_memory<hipsycl::algorithms::reduction::reduction_descriptor<hipsycl::algorithms::reduction::reduction_binary_operator<int, hipsycl::sycl::plus<int>>, hipsycl::sycl::accessor<int, 1, hipsycl::sycl::access_mode::read_write, hipsycl::sycl::target::device, hipsycl::sycl::accessor_variant::unranged>>>>::finalize<hipsycl::sycl::nd_item<>, hipsycl::algorithms::reduction::wg_model::configured_reduction_descriptor<hipsycl::algorithms::reduction::reduction_descriptor<hipsycl::algorithms::reduction::reduction_binary_operator<int, hipsycl::sycl::plus<int>>, hipsycl::sycl::accessor<int, 1, hipsycl::sycl::access_mode::read_write, hipsycl::sycl::target::device, hipsycl::sycl::accessor_variant::unranged>>>, hipsycl::algorithms::reduction::wg_model::sequential_reducer<hipsycl::algorithms::reduction::reduction_binary_operator<int, hipsycl::sycl::plus<int>>>>' requested here
   84 |   (group_reducer.finalize(wi_index, descs, std::get<Is>(reducers_tuple)), ...);
      |                  ^
C:/dev/llvm-acpp-msvc-21/bin/../include/AdaptiveCpp\hipSYCL/algorithms/reduction/reduction_engine.hpp:92:3: note: in instantiation of function template specialization 'hipsycl::algorithms::reduction::invoke_helpers::invoke_finalize_with_reducers_impl<hipsycl::algorithms::reduction::wg_model::group_horizontal_reducer<hipsycl::algorithms::reduction::wg_model::group_reductions::generic_local_memory<hipsycl::algorithms::reduction::reduction_descriptor<hipsycl::algorithms::reduction::reduction_binary_operator<int, hipsycl::sycl::plus<int>>, hipsycl::sycl::accessor<int, 1, hipsycl::sycl::access_mode::read_write, hipsycl::sycl::target::device, hipsycl::sycl::accessor_variant::unranged>>>>, hipsycl::sycl::nd_item<>, std::tuple<hipsycl::algorithms::reduction::wg_model::sequential_reducer<hipsycl::algorithms::reduction::reduction_binary_operator<int, hipsycl::sycl::plus<int>>>>, 0ULL, hipsycl::algorithms::reduction::wg_model::configured_reduction_descriptor<hipsycl::algorithms::reduction::reduction_descriptor<hipsycl::algorithms::reduction::reduction_binary_operator<int, hipsycl::sycl::plus<int>>, hipsycl::sycl::accessor<int, 1, hipsycl::sycl::access_mode::read_write, hipsycl::sycl::target::device, hipsycl::sycl::accessor_variant::unranged>>>>' requested here
   92 |   invoke_finalize_with_reducers_impl(
      |   ^
C:/dev/llvm-acpp-msvc-21/bin/../include/AdaptiveCpp\hipSYCL/algorithms/reduction/reduction_engine.hpp:229:21: note: in instantiation of function template specialization 'hipsycl::algorithms::reduction::invoke_helpers::invoke_finalize_with_reducers<hipsycl::algorithms::reduction::wg_model::group_horizontal_reducer<hipsycl::algorithms::reduction::wg_model::group_reductions::generic_local_memory<hipsycl::algorithms::reduction::reduction_descriptor<hipsycl::algorithms::reduction::reduction_binary_operator<int, hipsycl::sycl::plus<int>>, hipsycl::sycl::accessor<int, 1, hipsycl::sycl::access_mode::read_write, hipsycl::sycl::target::device, hipsycl::sycl::accessor_variant::unranged>>>>, hipsycl::sycl::nd_item<>, hipsycl::algorithms::reduction::wg_model::sequential_reducer<hipsycl::algorithms::reduction::reduction_binary_operator<int, hipsycl::sycl::plus<int>>>, hipsycl::algorithms::reduction::wg_model::configured_reduction_descriptor<hipsycl::algorithms::reduction::reduction_descriptor<hipsycl::algorithms::reduction::reduction_binary_operator<int, hipsycl::sycl::plus<int>>, hipsycl::sycl::accessor<int, 1, hipsycl::sycl::access_mode::read_write, hipsycl::sycl::target::device, hipsycl::sycl::accessor_variant::unranged>>>>' requested here
  229 |     invoke_helpers::invoke_finalize_with_reducers(group_reducer, wi_index, wi_reducers, descs...);
      |                     ^
C:\Program Files (x86)\Microsoft Visual Studio\2022\BuildTools\VC\Tools\MSVC\14.41.34120\include\type_traits:1714:16: note: (skipping 12 contexts in backtrace; use -ftemplate-backtrace-limit=0 to see all)
 1714 |         return static_cast<_Callable&&>(_Obj)(static_cast<_Ty1&&>(_Arg1), static_cast<_Types2&&>(_Args2)...);
      |                ^
C:/OpenFOAM/SPUMA/src/OpenFOAM/lnInclude\syclExecutor.cpp:100:15: note: in instantiation of function template specialization 'hipsycl::sycl::handler::parallel_for<__acpp_unnamed_kernel, hipsycl::algorithms::reduction::reduction_descriptor<hipsycl::algorithms::reduction::reduction_binary_operator<int, hipsycl::sycl::plus<int>>, hipsycl::sycl::accessor<int, 1, hipsycl::sycl::access_mode::read_write, hipsycl::sycl::target::device, hipsycl::sycl::accessor_variant::unranged>>, (lambda at C:\OpenFOAM\SPUMA\src\OpenFOAM\lnInclude\syclExecutor.cpp:101:17)>' requested here
  100 |             h.parallel_for(sycl::range<1>(size), sumReduction,
      |               ^
C:/OpenFOAM/SPUMA/src/OpenFOAM/lnInclude\executor.H:85:34: note: in instantiation of function template specialization 'Foam::syclExecutor::_backendReductionSum<(lambda at C:\OpenFOAM\SPUMA\src\OpenFOAM\lnInclude\FieldFunctions.C:534:26), int>' requested here
   85 |         (static_cast<T*>(this))->_backendReductionSum(lambda, result, size);
      |                                  ^
C:/OpenFOAM/SPUMA/src/OpenFOAM/lnInclude\FieldFunctions.C:536:18: note: in instantiation of function template specialization 'Foam::executor<Foam::syclExecutor>::reductionSum<(lambda at C:\OpenFOAM\SPUMA\src\OpenFOAM\lnInclude\FieldFunctions.C:534:26), int>' requested here
  536 |             exec.reductionSum(sumOp, &result, size);
      |                  ^
C:/OpenFOAM/SPUMA/src/OpenFOAM/lnInclude\FieldFunctions.C:547:26: note: in instantiation of function template specialization 'Foam::sum<int>' requested here
  547 | TMP_UNARY_FUNCTION(Type, sum)
      |                          ^
C:/OpenFOAM/SPUMA/src/OpenFOAM/lnInclude\FieldFunctions.C:463:22: note: expanded from macro 'TMP_UNARY_FUNCTION'
  463 |     ReturnType res = Func(tf1());                                              \
      |                      ^
C:/OpenFOAM/SPUMA/src/OpenFOAM/lnInclude\globalIndexAndTransformI.H:462:30: note: in instantiation of function template specialization 'Foam::sum<int>' requested here
  462 |     label nUsedTrans = round(sum(mag(permutation)));
      |                              ^
C:/dev/llvm-acpp-msvc-21/bin/../include/AdaptiveCpp\sycl\../hipSYCL/sycl\libkernel\multi_ptr.hpp:668:9: note: 'multi_ptr<int, hipsycl::sycl::access::address_space::global_space, hipsycl::sycl::access::decorated::legacy>' has been explicitly marked deprecated here
  668 | class [[deprecated]] multi_ptr<ElementType, Space, access::decorated::legacy> {
      |         ^
In file included from fvMesh/extendedStencil/cellToFace/extendedCentredCellToFaceStencil.C:28:
In file included from C:/OpenFOAM/SPUMA/src/OpenFOAM/lnInclude\mapDistribute.H:139:
In file included from C:/OpenFOAM/SPUMA/src/OpenFOAM/lnInclude\mapDistributeBase.H:77:
In file included from C:/OpenFOAM/SPUMA/src/OpenFOAM/lnInclude\boolList.H:32:
In file included from C:/OpenFOAM/SPUMA/src/OpenFOAM/lnInclude\List.H:47:
In file included from C:/OpenFOAM/SPUMA/src/OpenFOAM/lnInclude\autoPtr.H:348:
In file included from C:/OpenFOAM/SPUMA/src/OpenFOAM/lnInclude\autoPtrI.H:29:
In file included from C:/OpenFOAM/SPUMA/src/OpenFOAM/lnInclude\error.H:60:
In file included from C:/OpenFOAM/SPUMA/src/OpenFOAM/lnInclude\messageStream.H:57:
In file included from C:/OpenFOAM/SPUMA/src/OpenFOAM/lnInclude\label.H:42:
In file included from C:/OpenFOAM/SPUMA/src/OpenFOAM/lnInclude\int.H:41:
In file included from C:/OpenFOAM/SPUMA/src/OpenFOAM/lnInclude\deviceM.H:58:
In file included from C:/dev/llvm-acpp-msvc-21/bin/../include/AdaptiveCpp\sycl/sycl.hpp:14:
In file included from C:/dev/llvm-acpp-msvc-21/bin/../include/AdaptiveCpp\sycl\../hipSYCL/sycl/sycl.hpp:62:
In file included from C:/dev/llvm-acpp-msvc-21/bin/../include/AdaptiveCpp\sycl\../hipSYCL/sycl\libkernel/reduction.hpp:20:
C:/dev/llvm-acpp-msvc-21/bin/../include/AdaptiveCpp\hipSYCL/algorithms/reduction/reduction_descriptor.hpp:127:14: warning: 'multi_ptr<const int, hipsycl::sycl::access::address_space::global_space, hipsycl::sycl::access::decorated::legacy>' is deprecated [-Wdeprecated-declarations]
  127 |       return _output.get_pointer();
      |              ^
C:/dev/llvm-acpp-msvc-21/bin/../include/AdaptiveCpp\sycl\../hipSYCL/sycl\libkernel\multi_ptr.hpp:668:9: note: 'multi_ptr<const int, hipsycl::sycl::access::address_space::global_space, hipsycl::sycl::access::decorated::legacy>' has been explicitly marked deprecated here
  668 | class [[deprecated]] multi_ptr<ElementType, Space, access::decorated::legacy> {
      |         ^
C:/dev/llvm-acpp-msvc-21/bin/../include/AdaptiveCpp\sycl\../hipSYCL/sycl\libkernel\multi_ptr.hpp:1001:1: warning: 'multi_ptr<int, hipsycl::sycl::access::address_space::global_space, hipsycl::sycl::access::decorated::legacy>' is deprecated [-Wdeprecated-declarations]
 1001 | using global_ptr = multi_ptr<ElementType, access::address_space::global_space, IsDecorated>;
      | ^
C:/dev/llvm-acpp-msvc-21/bin/../include/AdaptiveCpp\sycl\../hipSYCL/sycl\libkernel/accessor.hpp:1274:12: note: in instantiation of template type alias 'global_ptr' requested here
 1274 |     return global_ptr<dataT>{const_cast<dataT*>(this->_ptr.get())};
      |            ^
C:/dev/llvm-acpp-msvc-21/bin/../include/AdaptiveCpp\hipSYCL/algorithms/reduction/reduction_descriptor.hpp:127:22: note: in instantiation of function template specialization 'hipsycl::sycl::accessor<int, 1, hipsycl::sycl::access_mode::read_write, hipsycl::sycl::target::device, hipsycl::sycl::accessor_variant::unranged>::get_pointer<hipsycl::sycl::target::device, void>' requested here
  127 |       return _output.get_pointer();
      |                      ^
C:/dev/llvm-acpp-msvc-21/bin/../include/AdaptiveCpp\hipSYCL/algorithms/reduction/reduction_descriptor.hpp:34:29: note: in instantiation of member function 'hipsycl::algorithms::reduction::reduction_descriptor<hipsycl::algorithms::reduction::reduction_binary_operator<int, hipsycl::sycl::plus<int>>, hipsycl::sycl::accessor<int, 1, hipsycl::sycl::access_mode::read_write, hipsycl::sycl::target::device, hipsycl::sycl::accessor_variant::unranged>>::get_final_output_destination' requested here
   34 |   value_type *output = desc.get_final_output_destination();
      |                             ^
C:/dev/llvm-acpp-msvc-21/bin/../include/AdaptiveCpp\hipSYCL/algorithms/reduction\wg_model/group_horizontal_reducer.hpp:67:28: note: in instantiation of function template specialization 'hipsycl::algorithms::reduction::detail::set_reduction_result<hipsycl::algorithms::reduction::wg_model::configured_reduction_descriptor<hipsycl::algorithms::reduction::reduction_descriptor<hipsycl::algorithms::reduction::reduction_binary_operator<int, hipsycl::sycl::plus<int>>, hipsycl::sycl::accessor<int, 1, hipsycl::sycl::access_mode::read_write, hipsycl::sycl::target::device, hipsycl::sycl::accessor_variant::unranged>>>>' requested here
   67 |         reduction::detail::set_reduction_result(descriptor, group_result,
      |                            ^
C:/dev/llvm-acpp-msvc-21/bin/../include/AdaptiveCpp\hipSYCL/algorithms/reduction/reduction_engine.hpp:84:18: note: in instantiation of function template specialization 'hipsycl::algorithms::reduction::wg_model::group_horizontal_reducer<hipsycl::algorithms::reduction::wg_model::group_reductions::generic_local_memory<hipsycl::algorithms::reduction::reduction_descriptor<hipsycl::algorithms::reduction::reduction_binary_operator<int, hipsycl::sycl::plus<int>>, hipsycl::sycl::accessor<int, 1, hipsycl::sycl::access_mode::read_write, hipsycl::sycl::target::device, hipsycl::sycl::accessor_variant::unranged>>>>::finalize<hipsycl::sycl::nd_item<>, hipsycl::algorithms::reduction::wg_model::configured_reduction_descriptor<hipsycl::algorithms::reduction::reduction_descriptor<hipsycl::algorithms::reduction::reduction_binary_operator<int, hipsycl::sycl::plus<int>>, hipsycl::sycl::accessor<int, 1, hipsycl::sycl::access_mode::read_write, hipsycl::sycl::target::device, hipsycl::sycl::accessor_variant::unranged>>>, hipsycl::algorithms::reduction::wg_model::sequential_reducer<hipsycl::algorithms::reduction::reduction_binary_operator<int, hipsycl::sycl::plus<int>>>>' requested here
   84 |   (group_reducer.finalize(wi_index, descs, std::get<Is>(reducers_tuple)), ...);
      |                  ^
C:/dev/llvm-acpp-msvc-21/bin/../include/AdaptiveCpp\hipSYCL/algorithms/reduction/reduction_engine.hpp:92:3: note: (skipping 14 contexts in backtrace; use -ftemplate-backtrace-limit=0 to see all)
   92 |   invoke_finalize_with_reducers_impl(
      |   ^
C:/OpenFOAM/SPUMA/src/OpenFOAM/lnInclude\syclExecutor.cpp:100:15: note: in instantiation of function template specialization 'hipsycl::sycl::handler::parallel_for<__acpp_unnamed_kernel, hipsycl::algorithms::reduction::reduction_descriptor<hipsycl::algorithms::reduction::reduction_binary_operator<int, hipsycl::sycl::plus<int>>, hipsycl::sycl::accessor<int, 1, hipsycl::sycl::access_mode::read_write, hipsycl::sycl::target::device, hipsycl::sycl::accessor_variant::unranged>>, (lambda at C:\OpenFOAM\SPUMA\src\OpenFOAM\lnInclude\syclExecutor.cpp:101:17)>' requested here
  100 |             h.parallel_for(sycl::range<1>(size), sumReduction,
      |               ^
C:/OpenFOAM/SPUMA/src/OpenFOAM/lnInclude\executor.H:85:34: note: in instantiation of function template specialization 'Foam::syclExecutor::_backendReductionSum<(lambda at C:\OpenFOAM\SPUMA\src\OpenFOAM\lnInclude\FieldFunctions.C:534:26), int>' requested here
   85 |         (static_cast<T*>(this))->_backendReductionSum(lambda, result, size);
      |                                  ^
C:/OpenFOAM/SPUMA/src/OpenFOAM/lnInclude\FieldFunctions.C:536:18: note: in instantiation of function template specialization 'Foam::executor<Foam::syclExecutor>::reductionSum<(lambda at C:\OpenFOAM\SPUMA\src\OpenFOAM\lnInclude\FieldFunctions.C:534:26), int>' requested here
  536 |             exec.reductionSum(sumOp, &result, size);
      |                  ^
C:/OpenFOAM/SPUMA/src/OpenFOAM/lnInclude\FieldFunctions.C:547:26: note: in instantiation of function template specialization 'Foam::sum<int>' requested here
  547 | TMP_UNARY_FUNCTION(Type, sum)
      |                          ^
C:/OpenFOAM/SPUMA/src/OpenFOAM/lnInclude\FieldFunctions.C:463:22: note: expanded from macro 'TMP_UNARY_FUNCTION'
  463 |     ReturnType res = Func(tf1());                                              \
      |                      ^
C:/OpenFOAM/SPUMA/src/OpenFOAM/lnInclude\globalIndexAndTransformI.H:462:30: note: in instantiation of function template specialization 'Foam::sum<int>' requested here
  462 |     label nUsedTrans = round(sum(mag(permutation)));
      |                              ^
C:/dev/llvm-acpp-msvc-21/bin/../include/AdaptiveCpp\sycl\../hipSYCL/sycl\libkernel\multi_ptr.hpp:668:9: note: 'multi_ptr<int, hipsycl::sycl::access::address_space::global_space, hipsycl::sycl::access::decorated::legacy>' has been explicitly marked deprecated here
  668 | class [[deprecated]] multi_ptr<ElementType, Space, access::decorated::legacy> {
      |         ^
In file included from fvMesh/extendedStencil/cellToFace/extendedCentredCellToFaceStencil.C:28:
In file included from C:/OpenFOAM/SPUMA/src/OpenFOAM/lnInclude\mapDistribute.H:772:
In file included from C:/OpenFOAM/SPUMA/src/OpenFOAM/lnInclude\mapDistributeTemplates.C:32:
In file included from C:/OpenFOAM/SPUMA/src/OpenFOAM/lnInclude\transformField.H:43:
In file included from C:/OpenFOAM/SPUMA/src/OpenFOAM/lnInclude\septernion.H:49:
In file included from C:/OpenFOAM/SPUMA/src/OpenFOAM/lnInclude\spatialTransform.H:201:
C:/OpenFOAM/SPUMA/src/OpenFOAM/lnInclude\spatialTransformI.H:42:16: warning: instantiation of variable 'Foam::Tensor<double>::I' required here, but no definition is available [-Wundefined-var-template]
   42 |     E_(tensor::I),
      |                ^
C:/OpenFOAM/SPUMA/src/OpenFOAM/lnInclude\Tensor.H:83:29: note: forward declaration of template entity is here
   83 |         static const Tensor I;
      |                             ^
C:/OpenFOAM/SPUMA/src/OpenFOAM/lnInclude\spatialTransformI.H:42:16: note: add an explicit instantiation declaration to suppress this warning if 'Foam::Tensor<double>::I' is explicitly instantiated in another translation unit
   42 |     E_(tensor::I),
      |                ^
6 warnings generated.
  OK: 278800 bytes
Compiling fvMesh/extendedStencil/cellToFace/extendedUpwindCellToFaceStencil.C with omp ...
In file included from fvMesh/extendedStencil/cellToFace/extendedUpwindCellToFaceStencil.C:29:
In file included from fvMesh/extendedStencil/cellToFace\extendedUpwindCellToFaceStencil.H:49:
In file included from fvMesh/extendedStencil/cellToFace\extendedCellToFaceStencil.H:53:
In file included from C:/OpenFOAM/SPUMA/src/OpenFOAM/lnInclude\mapDistribute.H:139:
In file included from C:/OpenFOAM/SPUMA/src/OpenFOAM/lnInclude\mapDistributeBase.H:77:
In file included from C:/OpenFOAM/SPUMA/src/OpenFOAM/lnInclude\boolList.H:32:
In file included from C:/OpenFOAM/SPUMA/src/OpenFOAM/lnInclude\List.H:47:
In file included from C:/OpenFOAM/SPUMA/src/OpenFOAM/lnInclude\autoPtr.H:348:
In file included from C:/OpenFOAM/SPUMA/src/OpenFOAM/lnInclude\autoPtrI.H:29:
In file included from C:/OpenFOAM/SPUMA/src/OpenFOAM/lnInclude\error.H:60:
In file included from C:/OpenFOAM/SPUMA/src/OpenFOAM/lnInclude\messageStream.H:57:
In file included from C:/OpenFOAM/SPUMA/src/OpenFOAM/lnInclude\label.H:42:
In file included from C:/OpenFOAM/SPUMA/src/OpenFOAM/lnInclude\int.H:45:
C:/OpenFOAM/SPUMA/src/OpenFOAM/lnInclude\int64.H:77:12: warning: absolute value function 'labs' given an argument of type 'const int64_t' (aka 'const long long') but has parameter of type 'long' which may cause truncation of value [-Wabsolute-value]
   77 |     return ::labs(val);
      |            ^
C:/OpenFOAM/SPUMA/src/OpenFOAM/lnInclude\int64.H:77:12: note: use function 'std::abs' instead
   77 |     return ::labs(val);
      |            ^~~~~~
      |            std::abs
In file included from fvMesh/extendedStencil/cellToFace/extendedUpwindCellToFaceStencil.C:29:
In file included from fvMesh/extendedStencil/cellToFace\extendedUpwindCellToFaceStencil.H:49:
In file included from fvMesh/extendedStencil/cellToFace\extendedCellToFaceStencil.H:53:
In file included from C:/OpenFOAM/SPUMA/src/OpenFOAM/lnInclude\mapDistribute.H:141:
In file included from C:/OpenFOAM/SPUMA/src/OpenFOAM/lnInclude\vectorTensorTransform.H:262:
C:/OpenFOAM/SPUMA/src/OpenFOAM/lnInclude\vectorTensorTransformI.H:33:25: warning: instantiation of variable 'Foam::SphericalTensor<double>::I' required here, but no definition is available [-Wundefined-var-template]
   33 |     R_(sphericalTensor::I),
      |                         ^
C:/OpenFOAM/SPUMA/src/OpenFOAM/lnInclude\SphericalTensor.H:79:38: note: forward declaration of template entity is here
   79 |         static const SphericalTensor I;
      |                                      ^
C:/OpenFOAM/SPUMA/src/OpenFOAM/lnInclude\vectorTensorTransformI.H:33:25: note: add an explicit instantiation declaration to suppress this warning if 'Foam::SphericalTensor<double>::I' is explicitly instantiated in another translation unit
   33 |     R_(sphericalTensor::I),
      |                         ^
In file included from fvMesh/extendedStencil/cellToFace/extendedUpwindCellToFaceStencil.C:29:
In file included from fvMesh/extendedStencil/cellToFace\extendedUpwindCellToFaceStencil.H:49:
In file included from fvMesh/extendedStencil/cellToFace\extendedCellToFaceStencil.H:53:
In file included from C:/OpenFOAM/SPUMA/src/OpenFOAM/lnInclude\mapDistribute.H:139:
In file included from C:/OpenFOAM/SPUMA/src/OpenFOAM/lnInclude\mapDistributeBase.H:77:
In file included from C:/OpenFOAM/SPUMA/src/OpenFOAM/lnInclude\boolList.H:32:
In file included from C:/OpenFOAM/SPUMA/src/OpenFOAM/lnInclude\List.H:47:
In file included from C:/OpenFOAM/SPUMA/src/OpenFOAM/lnInclude\autoPtr.H:348:
In file included from C:/OpenFOAM/SPUMA/src/OpenFOAM/lnInclude\autoPtrI.H:29:
In file included from C:/OpenFOAM/SPUMA/src/OpenFOAM/lnInclude\error.H:60:
In file included from C:/OpenFOAM/SPUMA/src/OpenFOAM/lnInclude\messageStream.H:57:
In file included from C:/OpenFOAM/SPUMA/src/OpenFOAM/lnInclude\label.H:42:
In file included from C:/OpenFOAM/SPUMA/src/OpenFOAM/lnInclude\int.H:41:
In file included from C:/OpenFOAM/SPUMA/src/OpenFOAM/lnInclude\deviceM.H:58:
In file included from C:/dev/llvm-acpp-msvc-21/bin/../include/AdaptiveCpp\sycl/sycl.hpp:14:
In file included from C:/dev/llvm-acpp-msvc-21/bin/../include/AdaptiveCpp\sycl\../hipSYCL/sycl/sycl.hpp:62:
In file included from C:/dev/llvm-acpp-msvc-21/bin/../include/AdaptiveCpp\sycl\../hipSYCL/sycl\libkernel/reduction.hpp:20:
C:/dev/llvm-acpp-msvc-21/bin/../include/AdaptiveCpp\hipSYCL/algorithms/reduction/reduction_descriptor.hpp:127:22: warning: 'multi_ptr<int, hipsycl::sycl::access::address_space::global_space, hipsycl::sycl::access::decorated::legacy>' is deprecated [-Wdeprecated-declarations]
  127 |       return _output.get_pointer();
      |                      ^
C:/dev/llvm-acpp-msvc-21/bin/../include/AdaptiveCpp\hipSYCL/algorithms/reduction/reduction_descriptor.hpp:34:29: note: in instantiation of member function 'hipsycl::algorithms::reduction::reduction_descriptor<hipsycl::algorithms::reduction::reduction_binary_operator<int, hipsycl::sycl::plus<int>>, hipsycl::sycl::accessor<int, 1, hipsycl::sycl::access_mode::read_write, hipsycl::sycl::target::device, hipsycl::sycl::accessor_variant::unranged>>::get_final_output_destination' requested here
   34 |   value_type *output = desc.get_final_output_destination();
      |                             ^
C:/dev/llvm-acpp-msvc-21/bin/../include/AdaptiveCpp\hipSYCL/algorithms/reduction\wg_model/group_horizontal_reducer.hpp:67:28: note: in instantiation of function template specialization 'hipsycl::algorithms::reduction::detail::set_reduction_result<hipsycl::algorithms::reduction::wg_model::configured_reduction_descriptor<hipsycl::algorithms::reduction::reduction_descriptor<hipsycl::algorithms::reduction::reduction_binary_operator<int, hipsycl::sycl::plus<int>>, hipsycl::sycl::accessor<int, 1, hipsycl::sycl::access_mode::read_write, hipsycl::sycl::target::device, hipsycl::sycl::accessor_variant::unranged>>>>' requested here
   67 |         reduction::detail::set_reduction_result(descriptor, group_result,
      |                            ^
C:/dev/llvm-acpp-msvc-21/bin/../include/AdaptiveCpp\hipSYCL/algorithms/reduction/reduction_engine.hpp:84:18: note: in instantiation of function template specialization 'hipsycl::algorithms::reduction::wg_model::group_horizontal_reducer<hipsycl::algorithms::reduction::wg_model::group_reductions::generic_local_memory<hipsycl::algorithms::reduction::reduction_descriptor<hipsycl::algorithms::reduction::reduction_binary_operator<int, hipsycl::sycl::plus<int>>, hipsycl::sycl::accessor<int, 1, hipsycl::sycl::access_mode::read_write, hipsycl::sycl::target::device, hipsycl::sycl::accessor_variant::unranged>>>>::finalize<hipsycl::sycl::nd_item<>, hipsycl::algorithms::reduction::wg_model::configured_reduction_descriptor<hipsycl::algorithms::reduction::reduction_descriptor<hipsycl::algorithms::reduction::reduction_binary_operator<int, hipsycl::sycl::plus<int>>, hipsycl::sycl::accessor<int, 1, hipsycl::sycl::access_mode::read_write, hipsycl::sycl::target::device, hipsycl::sycl::accessor_variant::unranged>>>, hipsycl::algorithms::reduction::wg_model::sequential_reducer<hipsycl::algorithms::reduction::reduction_binary_operator<int, hipsycl::sycl::plus<int>>>>' requested here
   84 |   (group_reducer.finalize(wi_index, descs, std::get<Is>(reducers_tuple)), ...);
      |                  ^
C:/dev/llvm-acpp-msvc-21/bin/../include/AdaptiveCpp\hipSYCL/algorithms/reduction/reduction_engine.hpp:92:3: note: in instantiation of function template specialization 'hipsycl::algorithms::reduction::invoke_helpers::invoke_finalize_with_reducers_impl<hipsycl::algorithms::reduction::wg_model::group_horizontal_reducer<hipsycl::algorithms::reduction::wg_model::group_reductions::generic_local_memory<hipsycl::algorithms::reduction::reduction_descriptor<hipsycl::algorithms::reduction::reduction_binary_operator<int, hipsycl::sycl::plus<int>>, hipsycl::sycl::accessor<int, 1, hipsycl::sycl::access_mode::read_write, hipsycl::sycl::target::device, hipsycl::sycl::accessor_variant::unranged>>>>, hipsycl::sycl::nd_item<>, std::tuple<hipsycl::algorithms::reduction::wg_model::sequential_reducer<hipsycl::algorithms::reduction::reduction_binary_operator<int, hipsycl::sycl::plus<int>>>>, 0ULL, hipsycl::algorithms::reduction::wg_model::configured_reduction_descriptor<hipsycl::algorithms::reduction::reduction_descriptor<hipsycl::algorithms::reduction::reduction_binary_operator<int, hipsycl::sycl::plus<int>>, hipsycl::sycl::accessor<int, 1, hipsycl::sycl::access_mode::read_write, hipsycl::sycl::target::device, hipsycl::sycl::accessor_variant::unranged>>>>' requested here
   92 |   invoke_finalize_with_reducers_impl(
      |   ^
C:/dev/llvm-acpp-msvc-21/bin/../include/AdaptiveCpp\hipSYCL/algorithms/reduction/reduction_engine.hpp:229:21: note: in instantiation of function template specialization 'hipsycl::algorithms::reduction::invoke_helpers::invoke_finalize_with_reducers<hipsycl::algorithms::reduction::wg_model::group_horizontal_reducer<hipsycl::algorithms::reduction::wg_model::group_reductions::generic_local_memory<hipsycl::algorithms::reduction::reduction_descriptor<hipsycl::algorithms::reduction::reduction_binary_operator<int, hipsycl::sycl::plus<int>>, hipsycl::sycl::accessor<int, 1, hipsycl::sycl::access_mode::read_write, hipsycl::sycl::target::device, hipsycl::sycl::accessor_variant::unranged>>>>, hipsycl::sycl::nd_item<>, hipsycl::algorithms::reduction::wg_model::sequential_reducer<hipsycl::algorithms::reduction::reduction_binary_operator<int, hipsycl::sycl::plus<int>>>, hipsycl::algorithms::reduction::wg_model::configured_reduction_descriptor<hipsycl::algorithms::reduction::reduction_descriptor<hipsycl::algorithms::reduction::reduction_binary_operator<int, hipsycl::sycl::plus<int>>, hipsycl::sycl::accessor<int, 1, hipsycl::sycl::access_mode::read_write, hipsycl::sycl::target::device, hipsycl::sycl::accessor_variant::unranged>>>>' requested here
  229 |     invoke_helpers::invoke_finalize_with_reducers(group_reducer, wi_index, wi_reducers, descs...);
      |                     ^
C:\Program Files (x86)\Microsoft Visual Studio\2022\BuildTools\VC\Tools\MSVC\14.41.34120\include\type_traits:1714:16: note: (skipping 12 contexts in backtrace; use -ftemplate-backtrace-limit=0 to see all)
 1714 |         return static_cast<_Callable&&>(_Obj)(static_cast<_Ty1&&>(_Arg1), static_cast<_Types2&&>(_Args2)...);
      |                ^
C:/OpenFOAM/SPUMA/src/OpenFOAM/lnInclude\syclExecutor.cpp:100:15: note: in instantiation of function template specialization 'hipsycl::sycl::handler::parallel_for<__acpp_unnamed_kernel, hipsycl::algorithms::reduction::reduction_descriptor<hipsycl::algorithms::reduction::reduction_binary_operator<int, hipsycl::sycl::plus<int>>, hipsycl::sycl::accessor<int, 1, hipsycl::sycl::access_mode::read_write, hipsycl::sycl::target::device, hipsycl::sycl::accessor_variant::unranged>>, (lambda at C:\OpenFOAM\SPUMA\src\OpenFOAM\lnInclude\syclExecutor.cpp:101:17)>' requested here
  100 |             h.parallel_for(sycl::range<1>(size), sumReduction,
      |               ^
C:/OpenFOAM/SPUMA/src/OpenFOAM/lnInclude\executor.H:85:34: note: in instantiation of function template specialization 'Foam::syclExecutor::_backendReductionSum<(lambda at C:\OpenFOAM\SPUMA\src\OpenFOAM\lnInclude\FieldFunctions.C:534:26), int>' requested here
   85 |         (static_cast<T*>(this))->_backendReductionSum(lambda, result, size);
      |                                  ^
C:/OpenFOAM/SPUMA/src/OpenFOAM/lnInclude\FieldFunctions.C:536:18: note: in instantiation of function template specialization 'Foam::executor<Foam::syclExecutor>::reductionSum<(lambda at C:\OpenFOAM\SPUMA\src\OpenFOAM\lnInclude\FieldFunctions.C:534:26), int>' requested here
  536 |             exec.reductionSum(sumOp, &result, size);
      |                  ^
C:/OpenFOAM/SPUMA/src/OpenFOAM/lnInclude\FieldFunctions.C:547:26: note: in instantiation of function template specialization 'Foam::sum<int>' requested here
  547 | TMP_UNARY_FUNCTION(Type, sum)
      |                          ^
C:/OpenFOAM/SPUMA/src/OpenFOAM/lnInclude\FieldFunctions.C:463:22: note: expanded from macro 'TMP_UNARY_FUNCTION'
  463 |     ReturnType res = Func(tf1());                                              \
      |                      ^
C:/OpenFOAM/SPUMA/src/OpenFOAM/lnInclude\globalIndexAndTransformI.H:462:30: note: in instantiation of function template specialization 'Foam::sum<int>' requested here
  462 |     label nUsedTrans = round(sum(mag(permutation)));
      |                              ^
C:/dev/llvm-acpp-msvc-21/bin/../include/AdaptiveCpp\sycl\../hipSYCL/sycl\libkernel\multi_ptr.hpp:668:9: note: 'multi_ptr<int, hipsycl::sycl::access::address_space::global_space, hipsycl::sycl::access::decorated::legacy>' has been explicitly marked deprecated here
  668 | class [[deprecated]] multi_ptr<ElementType, Space, access::decorated::legacy> {
      |         ^
In file included from fvMesh/extendedStencil/cellToFace/extendedUpwindCellToFaceStencil.C:29:
In file included from fvMesh/extendedStencil/cellToFace\extendedUpwindCellToFaceStencil.H:49:
In file included from fvMesh/extendedStencil/cellToFace\extendedCellToFaceStencil.H:53:
In file included from C:/OpenFOAM/SPUMA/src/OpenFOAM/lnInclude\mapDistribute.H:139:
In file included from C:/OpenFOAM/SPUMA/src/OpenFOAM/lnInclude\mapDistributeBase.H:77:
In file included from C:/OpenFOAM/SPUMA/src/OpenFOAM/lnInclude\boolList.H:32:
In file included from C:/OpenFOAM/SPUMA/src/OpenFOAM/lnInclude\List.H:47:
In file included from C:/OpenFOAM/SPUMA/src/OpenFOAM/lnInclude\autoPtr.H:348:
In file included from C:/OpenFOAM/SPUMA/src/OpenFOAM/lnInclude\autoPtrI.H:29:
In file included from C:/OpenFOAM/SPUMA/src/OpenFOAM/lnInclude\error.H:60:
In file included from C:/OpenFOAM/SPUMA/src/OpenFOAM/lnInclude\messageStream.H:57:
In file included from C:/OpenFOAM/SPUMA/src/OpenFOAM/lnInclude\label.H:42:
In file included from C:/OpenFOAM/SPUMA/src/OpenFOAM/lnInclude\int.H:41:
In file included from C:/OpenFOAM/SPUMA/src/OpenFOAM/lnInclude\deviceM.H:58:
In file included from C:/dev/llvm-acpp-msvc-21/bin/../include/AdaptiveCpp\sycl/sycl.hpp:14:
In file included from C:/dev/llvm-acpp-msvc-21/bin/../include/AdaptiveCpp\sycl\../hipSYCL/sycl/sycl.hpp:62:
In file included from C:/dev/llvm-acpp-msvc-21/bin/../include/AdaptiveCpp\sycl\../hipSYCL/sycl\libkernel/reduction.hpp:20:
C:/dev/llvm-acpp-msvc-21/bin/../include/AdaptiveCpp\hipSYCL/algorithms/reduction/reduction_descriptor.hpp:127:14: warning: 'multi_ptr<const int, hipsycl::sycl::access::address_space::global_space, hipsycl::sycl::access::decorated::legacy>' is deprecated [-Wdeprecated-declarations]
  127 |       return _output.get_pointer();
      |              ^
C:/dev/llvm-acpp-msvc-21/bin/../include/AdaptiveCpp\sycl\../hipSYCL/sycl\libkernel\multi_ptr.hpp:668:9: note: 'multi_ptr<const int, hipsycl::sycl::access::address_space::global_space, hipsycl::sycl::access::decorated::legacy>' has been explicitly marked deprecated here
  668 | class [[deprecated]] multi_ptr<ElementType, Space, access::decorated::legacy> {
      |         ^
C:/dev/llvm-acpp-msvc-21/bin/../include/AdaptiveCpp\sycl\../hipSYCL/sycl\libkernel\multi_ptr.hpp:1001:1: warning: 'multi_ptr<int, hipsycl::sycl::access::address_space::global_space, hipsycl::sycl::access::decorated::legacy>' is deprecated [-Wdeprecated-declarations]
 1001 | using global_ptr = multi_ptr<ElementType, access::address_space::global_space, IsDecorated>;
      | ^
C:/dev/llvm-acpp-msvc-21/bin/../include/AdaptiveCpp\sycl\../hipSYCL/sycl\libkernel/accessor.hpp:1274:12: note: in instantiation of template type alias 'global_ptr' requested here
 1274 |     return global_ptr<dataT>{const_cast<dataT*>(this->_ptr.get())};
      |            ^
C:/dev/llvm-acpp-msvc-21/bin/../include/AdaptiveCpp\hipSYCL/algorithms/reduction/reduction_descriptor.hpp:127:22: note: in instantiation of function template specialization 'hipsycl::sycl::accessor<int, 1, hipsycl::sycl::access_mode::read_write, hipsycl::sycl::target::device, hipsycl::sycl::accessor_variant::unranged>::get_pointer<hipsycl::sycl::target::device, void>' requested here
  127 |       return _output.get_pointer();
      |                      ^
C:/dev/llvm-acpp-msvc-21/bin/../include/AdaptiveCpp\hipSYCL/algorithms/reduction/reduction_descriptor.hpp:34:29: note: in instantiation of member function 'hipsycl::algorithms::reduction::reduction_descriptor<hipsycl::algorithms::reduction::reduction_binary_operator<int, hipsycl::sycl::plus<int>>, hipsycl::sycl::accessor<int, 1, hipsycl::sycl::access_mode::read_write, hipsycl::sycl::target::device, hipsycl::sycl::accessor_variant::unranged>>::get_final_output_destination' requested here
   34 |   value_type *output = desc.get_final_output_destination();
      |                             ^
C:/dev/llvm-acpp-msvc-21/bin/../include/AdaptiveCpp\hipSYCL/algorithms/reduction\wg_model/group_horizontal_reducer.hpp:67:28: note: in instantiation of function template specialization 'hipsycl::algorithms::reduction::detail::set_reduction_result<hipsycl::algorithms::reduction::wg_model::configured_reduction_descriptor<hipsycl::algorithms::reduction::reduction_descriptor<hipsycl::algorithms::reduction::reduction_binary_operator<int, hipsycl::sycl::plus<int>>, hipsycl::sycl::accessor<int, 1, hipsycl::sycl::access_mode::read_write, hipsycl::sycl::target::device, hipsycl::sycl::accessor_variant::unranged>>>>' requested here
   67 |         reduction::detail::set_reduction_result(descriptor, group_result,
      |                            ^
C:/dev/llvm-acpp-msvc-21/bin/../include/AdaptiveCpp\hipSYCL/algorithms/reduction/reduction_engine.hpp:84:18: note: in instantiation of function template specialization 'hipsycl::algorithms::reduction::wg_model::group_horizontal_reducer<hipsycl::algorithms::reduction::wg_model::group_reductions::generic_local_memory<hipsycl::algorithms::reduction::reduction_descriptor<hipsycl::algorithms::reduction::reduction_binary_operator<int, hipsycl::sycl::plus<int>>, hipsycl::sycl::accessor<int, 1, hipsycl::sycl::access_mode::read_write, hipsycl::sycl::target::device, hipsycl::sycl::accessor_variant::unranged>>>>::finalize<hipsycl::sycl::nd_item<>, hipsycl::algorithms::reduction::wg_model::configured_reduction_descriptor<hipsycl::algorithms::reduction::reduction_descriptor<hipsycl::algorithms::reduction::reduction_binary_operator<int, hipsycl::sycl::plus<int>>, hipsycl::sycl::accessor<int, 1, hipsycl::sycl::access_mode::read_write, hipsycl::sycl::target::device, hipsycl::sycl::accessor_variant::unranged>>>, hipsycl::algorithms::reduction::wg_model::sequential_reducer<hipsycl::algorithms::reduction::reduction_binary_operator<int, hipsycl::sycl::plus<int>>>>' requested here
   84 |   (group_reducer.finalize(wi_index, descs, std::get<Is>(reducers_tuple)), ...);
      |                  ^
C:/dev/llvm-acpp-msvc-21/bin/../include/AdaptiveCpp\hipSYCL/algorithms/reduction/reduction_engine.hpp:92:3: note: (skipping 14 contexts in backtrace; use -ftemplate-backtrace-limit=0 to see all)
   92 |   invoke_finalize_with_reducers_impl(
      |   ^
C:/OpenFOAM/SPUMA/src/OpenFOAM/lnInclude\syclExecutor.cpp:100:15: note: in instantiation of function template specialization 'hipsycl::sycl::handler::parallel_for<__acpp_unnamed_kernel, hipsycl::algorithms::reduction::reduction_descriptor<hipsycl::algorithms::reduction::reduction_binary_operator<int, hipsycl::sycl::plus<int>>, hipsycl::sycl::accessor<int, 1, hipsycl::sycl::access_mode::read_write, hipsycl::sycl::target::device, hipsycl::sycl::accessor_variant::unranged>>, (lambda at C:\OpenFOAM\SPUMA\src\OpenFOAM\lnInclude\syclExecutor.cpp:101:17)>' requested here
  100 |             h.parallel_for(sycl::range<1>(size), sumReduction,
      |               ^
C:/OpenFOAM/SPUMA/src/OpenFOAM/lnInclude\executor.H:85:34: note: in instantiation of function template specialization 'Foam::syclExecutor::_backendReductionSum<(lambda at C:\OpenFOAM\SPUMA\src\OpenFOAM\lnInclude\FieldFunctions.C:534:26), int>' requested here
   85 |         (static_cast<T*>(this))->_backendReductionSum(lambda, result, size);
      |                                  ^
C:/OpenFOAM/SPUMA/src/OpenFOAM/lnInclude\FieldFunctions.C:536:18: note: in instantiation of function template specialization 'Foam::executor<Foam::syclExecutor>::reductionSum<(lambda at C:\OpenFOAM\SPUMA\src\OpenFOAM\lnInclude\FieldFunctions.C:534:26), int>' requested here
  536 |             exec.reductionSum(sumOp, &result, size);
      |                  ^
C:/OpenFOAM/SPUMA/src/OpenFOAM/lnInclude\FieldFunctions.C:547:26: note: in instantiation of function template specialization 'Foam::sum<int>' requested here
  547 | TMP_UNARY_FUNCTION(Type, sum)
      |                          ^
C:/OpenFOAM/SPUMA/src/OpenFOAM/lnInclude\FieldFunctions.C:463:22: note: expanded from macro 'TMP_UNARY_FUNCTION'
  463 |     ReturnType res = Func(tf1());                                              \
      |                      ^
C:/OpenFOAM/SPUMA/src/OpenFOAM/lnInclude\globalIndexAndTransformI.H:462:30: note: in instantiation of function template specialization 'Foam::sum<int>' requested here
  462 |     label nUsedTrans = round(sum(mag(permutation)));
      |                              ^
C:/dev/llvm-acpp-msvc-21/bin/../include/AdaptiveCpp\sycl\../hipSYCL/sycl\libkernel\multi_ptr.hpp:668:9: note: 'multi_ptr<int, hipsycl::sycl::access::address_space::global_space, hipsycl::sycl::access::decorated::legacy>' has been explicitly marked deprecated here
  668 | class [[deprecated]] multi_ptr<ElementType, Space, access::decorated::legacy> {
      |         ^
In file included from fvMesh/extendedStencil/cellToFace/extendedUpwindCellToFaceStencil.C:29:
In file included from fvMesh/extendedStencil/cellToFace\extendedUpwindCellToFaceStencil.H:49:
In file included from fvMesh/extendedStencil/cellToFace\extendedCellToFaceStencil.H:53:
In file included from C:/OpenFOAM/SPUMA/src/OpenFOAM/lnInclude\mapDistribute.H:772:
In file included from C:/OpenFOAM/SPUMA/src/OpenFOAM/lnInclude\mapDistributeTemplates.C:32:
In file included from C:/OpenFOAM/SPUMA/src/OpenFOAM/lnInclude\transformField.H:43:
In file included from C:/OpenFOAM/SPUMA/src/OpenFOAM/lnInclude\septernion.H:49:
In file included from C:/OpenFOAM/SPUMA/src/OpenFOAM/lnInclude\spatialTransform.H:201:
C:/OpenFOAM/SPUMA/src/OpenFOAM/lnInclude\spatialTransformI.H:42:16: warning: instantiation of variable 'Foam::Tensor<double>::I' required here, but no definition is available [-Wundefined-var-template]
   42 |     E_(tensor::I),
      |                ^
C:/OpenFOAM/SPUMA/src/OpenFOAM/lnInclude\Tensor.H:83:29: note: forward declaration of template entity is here
   83 |         static const Tensor I;
      |                             ^
C:/OpenFOAM/SPUMA/src/OpenFOAM/lnInclude\spatialTransformI.H:42:16: note: add an explicit instantiation declaration to suppress this warning if 'Foam::Tensor<double>::I' is explicitly instantiated in another translation unit
   42 |     E_(tensor::I),
      |                ^
6 warnings generated.
  OK: 440140 bytes
Compiling fvMesh/extendedStencil/cellToFace/MeshObjects/centredCECCellToFaceStencilObject.C with omp ...
In file included from fvMesh/extendedStencil/cellToFace/MeshObjects/centredCECCellToFaceStencilObject.C:28:
In file included from fvMesh/extendedStencil/cellToFace/MeshObjects\centredCECCellToFaceStencilObject.H:39:
In file included from lnInclude\extendedCentredCellToFaceStencil.H:39:
In file included from lnInclude\extendedCellToFaceStencil.H:53:
In file included from C:/OpenFOAM/SPUMA/src/OpenFOAM/lnInclude\mapDistribute.H:139:
In file included from C:/OpenFOAM/SPUMA/src/OpenFOAM/lnInclude\mapDistributeBase.H:77:
In file included from C:/OpenFOAM/SPUMA/src/OpenFOAM/lnInclude\boolList.H:32:
In file included from C:/OpenFOAM/SPUMA/src/OpenFOAM/lnInclude\List.H:47:
In file included from C:/OpenFOAM/SPUMA/src/OpenFOAM/lnInclude\autoPtr.H:348:
In file included from C:/OpenFOAM/SPUMA/src/OpenFOAM/lnInclude\autoPtrI.H:29:
In file included from C:/OpenFOAM/SPUMA/src/OpenFOAM/lnInclude\error.H:60:
In file included from C:/OpenFOAM/SPUMA/src/OpenFOAM/lnInclude\messageStream.H:57:
In file included from C:/OpenFOAM/SPUMA/src/OpenFOAM/lnInclude\label.H:42:
In file included from C:/OpenFOAM/SPUMA/src/OpenFOAM/lnInclude\int.H:45:
C:/OpenFOAM/SPUMA/src/OpenFOAM/lnInclude\int64.H:77:12: warning: absolute value function 'labs' given an argument of type 'const int64_t' (aka 'const long long') but has parameter of type 'long' which may cause truncation of value [-Wabsolute-value]
   77 |     return ::labs(val);
      |            ^
C:/OpenFOAM/SPUMA/src/OpenFOAM/lnInclude\int64.H:77:12: note: use function 'std::abs' instead
   77 |     return ::labs(val);
      |            ^~~~~~
      |            std::abs
In file included from fvMesh/extendedStencil/cellToFace/MeshObjects/centredCECCellToFaceStencilObject.C:28:
In file included from fvMesh/extendedStencil/cellToFace/MeshObjects\centredCECCellToFaceStencilObject.H:39:
In file included from lnInclude\extendedCentredCellToFaceStencil.H:39:
In file included from lnInclude\extendedCellToFaceStencil.H:53:
In file included from C:/OpenFOAM/SPUMA/src/OpenFOAM/lnInclude\mapDistribute.H:141:
In file included from C:/OpenFOAM/SPUMA/src/OpenFOAM/lnInclude\vectorTensorTransform.H:262:
C:/OpenFOAM/SPUMA/src/OpenFOAM/lnInclude\vectorTensorTransformI.H:33:25: warning: instantiation of variable 'Foam::SphericalTensor<double>::I' required here, but no definition is available [-Wundefined-var-template]
   33 |     R_(sphericalTensor::I),
      |                         ^
C:/OpenFOAM/SPUMA/src/OpenFOAM/lnInclude\SphericalTensor.H:79:38: note: forward declaration of template entity is here
   79 |         static const SphericalTensor I;
      |                                      ^
C:/OpenFOAM/SPUMA/src/OpenFOAM/lnInclude\vectorTensorTransformI.H:33:25: note: add an explicit instantiation declaration to suppress this warning if 'Foam::SphericalTensor<double>::I' is explicitly instantiated in another translation unit
   33 |     R_(sphericalTensor::I),
      |                         ^
In file included from fvMesh/extendedStencil/cellToFace/MeshObjects/centredCECCellToFaceStencilObject.C:28:
In file included from fvMesh/extendedStencil/cellToFace/MeshObjects\centredCECCellToFaceStencilObject.H:39:
In file included from lnInclude\extendedCentredCellToFaceStencil.H:39:
In file included from lnInclude\extendedCellToFaceStencil.H:53:
In file included from C:/OpenFOAM/SPUMA/src/OpenFOAM/lnInclude\mapDistribute.H:139:
In file included from C:/OpenFOAM/SPUMA/src/OpenFOAM/lnInclude\mapDistributeBase.H:77:
In file included from C:/OpenFOAM/SPUMA/src/OpenFOAM/lnInclude\boolList.H:32:
In file included from C:/OpenFOAM/SPUMA/src/OpenFOAM/lnInclude\List.H:47:
In file included from C:/OpenFOAM/SPUMA/src/OpenFOAM/lnInclude\autoPtr.H:348:
In file included from C:/OpenFOAM/SPUMA/src/OpenFOAM/lnInclude\autoPtrI.H:29:
In file included from C:/OpenFOAM/SPUMA/src/OpenFOAM/lnInclude\error.H:60:
In file included from C:/OpenFOAM/SPUMA/src/OpenFOAM/lnInclude\messageStream.H:57:
In file included from C:/OpenFOAM/SPUMA/src/OpenFOAM/lnInclude\label.H:42:
In file included from C:/OpenFOAM/SPUMA/src/OpenFOAM/lnInclude\int.H:41:
In file included from C:/OpenFOAM/SPUMA/src/OpenFOAM/lnInclude\deviceM.H:58:
In file included from C:/dev/llvm-acpp-msvc-21/bin/../include/AdaptiveCpp\sycl/sycl.hpp:14:
In file included from C:/dev/llvm-acpp-msvc-21/bin/../include/AdaptiveCpp\sycl\../hipSYCL/sycl/sycl.hpp:62:
In file included from C:/dev/llvm-acpp-msvc-21/bin/../include/AdaptiveCpp\sycl\../hipSYCL/sycl\libkernel/reduction.hpp:20:
C:/dev/llvm-acpp-msvc-21/bin/../include/AdaptiveCpp\hipSYCL/algorithms/reduction/reduction_descriptor.hpp:127:22: warning: 'multi_ptr<int, hipsycl::sycl::access::address_space::global_space, hipsycl::sycl::access::decorated::legacy>' is deprecated [-Wdeprecated-declarations]
  127 |       return _output.get_pointer();
      |                      ^
C:/dev/llvm-acpp-msvc-21/bin/../include/AdaptiveCpp\hipSYCL/algorithms/reduction/reduction_descriptor.hpp:34:29: note: in instantiation of member function 'hipsycl::algorithms::reduction::reduction_descriptor<hipsycl::algorithms::reduction::reduction_binary_operator<int, hipsycl::sycl::plus<int>>, hipsycl::sycl::accessor<int, 1, hipsycl::sycl::access_mode::read_write, hipsycl::sycl::target::device, hipsycl::sycl::accessor_variant::unranged>>::get_final_output_destination' requested here
   34 |   value_type *output = desc.get_final_output_destination();
      |                             ^
C:/dev/llvm-acpp-msvc-21/bin/../include/AdaptiveCpp\hipSYCL/algorithms/reduction\wg_model/group_horizontal_reducer.hpp:67:28: note: in instantiation of function template specialization 'hipsycl::algorithms::reduction::detail::set_reduction_result<hipsycl::algorithms::reduction::wg_model::configured_reduction_descriptor<hipsycl::algorithms::reduction::reduction_descriptor<hipsycl::algorithms::reduction::reduction_binary_operator<int, hipsycl::sycl::plus<int>>, hipsycl::sycl::accessor<int, 1, hipsycl::sycl::access_mode::read_write, hipsycl::sycl::target::device, hipsycl::sycl::accessor_variant::unranged>>>>' requested here
   67 |         reduction::detail::set_reduction_result(descriptor, group_result,
      |                            ^
C:/dev/llvm-acpp-msvc-21/bin/../include/AdaptiveCpp\hipSYCL/algorithms/reduction/reduction_engine.hpp:84:18: note: in instantiation of function template specialization 'hipsycl::algorithms::reduction::wg_model::group_horizontal_reducer<hipsycl::algorithms::reduction::wg_model::group_reductions::generic_local_memory<hipsycl::algorithms::reduction::reduction_descriptor<hipsycl::algorithms::reduction::reduction_binary_operator<int, hipsycl::sycl::plus<int>>, hipsycl::sycl::accessor<int, 1, hipsycl::sycl::access_mode::read_write, hipsycl::sycl::target::device, hipsycl::sycl::accessor_variant::unranged>>>>::finalize<hipsycl::sycl::nd_item<>, hipsycl::algorithms::reduction::wg_model::configured_reduction_descriptor<hipsycl::algorithms::reduction::reduction_descriptor<hipsycl::algorithms::reduction::reduction_binary_operator<int, hipsycl::sycl::plus<int>>, hipsycl::sycl::accessor<int, 1, hipsycl::sycl::access_mode::read_write, hipsycl::sycl::target::device, hipsycl::sycl::accessor_variant::unranged>>>, hipsycl::algorithms::reduction::wg_model::sequential_reducer<hipsycl::algorithms::reduction::reduction_binary_operator<int, hipsycl::sycl::plus<int>>>>' requested here
   84 |   (group_reducer.finalize(wi_index, descs, std::get<Is>(reducers_tuple)), ...);
      |                  ^
C:/dev/llvm-acpp-msvc-21/bin/../include/AdaptiveCpp\hipSYCL/algorithms/reduction/reduction_engine.hpp:92:3: note: in instantiation of function template specialization 'hipsycl::algorithms::reduction::invoke_helpers::invoke_finalize_with_reducers_impl<hipsycl::algorithms::reduction::wg_model::group_horizontal_reducer<hipsycl::algorithms::reduction::wg_model::group_reductions::generic_local_memory<hipsycl::algorithms::reduction::reduction_descriptor<hipsycl::algorithms::reduction::reduction_binary_operator<int, hipsycl::sycl::plus<int>>, hipsycl::sycl::accessor<int, 1, hipsycl::sycl::access_mode::read_write, hipsycl::sycl::target::device, hipsycl::sycl::accessor_variant::unranged>>>>, hipsycl::sycl::nd_item<>, std::tuple<hipsycl::algorithms::reduction::wg_model::sequential_reducer<hipsycl::algorithms::reduction::reduction_binary_operator<int, hipsycl::sycl::plus<int>>>>, 0ULL, hipsycl::algorithms::reduction::wg_model::configured_reduction_descriptor<hipsycl::algorithms::reduction::reduction_descriptor<hipsycl::algorithms::reduction::reduction_binary_operator<int, hipsycl::sycl::plus<int>>, hipsycl::sycl::accessor<int, 1, hipsycl::sycl::access_mode::read_write, hipsycl::sycl::target::device, hipsycl::sycl::accessor_variant::unranged>>>>' requested here
   92 |   invoke_finalize_with_reducers_impl(
      |   ^
C:/dev/llvm-acpp-msvc-21/bin/../include/AdaptiveCpp\hipSYCL/algorithms/reduction/reduction_engine.hpp:229:21: note: in instantiation of function template specialization 'hipsycl::algorithms::reduction::invoke_helpers::invoke_finalize_with_reducers<hipsycl::algorithms::reduction::wg_model::group_horizontal_reducer<hipsycl::algorithms::reduction::wg_model::group_reductions::generic_local_memory<hipsycl::algorithms::reduction::reduction_descriptor<hipsycl::algorithms::reduction::reduction_binary_operator<int, hipsycl::sycl::plus<int>>, hipsycl::sycl::accessor<int, 1, hipsycl::sycl::access_mode::read_write, hipsycl::sycl::target::device, hipsycl::sycl::accessor_variant::unranged>>>>, hipsycl::sycl::nd_item<>, hipsycl::algorithms::reduction::wg_model::sequential_reducer<hipsycl::algorithms::reduction::reduction_binary_operator<int, hipsycl::sycl::plus<int>>>, hipsycl::algorithms::reduction::wg_model::configured_reduction_descriptor<hipsycl::algorithms::reduction::reduction_descriptor<hipsycl::algorithms::reduction::reduction_binary_operator<int, hipsycl::sycl::plus<int>>, hipsycl::sycl::accessor<int, 1, hipsycl::sycl::access_mode::read_write, hipsycl::sycl::target::device, hipsycl::sycl::accessor_variant::unranged>>>>' requested here
  229 |     invoke_helpers::invoke_finalize_with_reducers(group_reducer, wi_index, wi_reducers, descs...);
      |                     ^
C:\Program Files (x86)\Microsoft Visual Studio\2022\BuildTools\VC\Tools\MSVC\14.41.34120\include\type_traits:1714:16: note: (skipping 12 contexts in backtrace; use -ftemplate-backtrace-limit=0 to see all)
 1714 |         return static_cast<_Callable&&>(_Obj)(static_cast<_Ty1&&>(_Arg1), static_cast<_Types2&&>(_Args2)...);
      |                ^
C:/OpenFOAM/SPUMA/src/OpenFOAM/lnInclude\syclExecutor.cpp:100:15: note: in instantiation of function template specialization 'hipsycl::sycl::handler::parallel_for<__acpp_unnamed_kernel, hipsycl::algorithms::reduction::reduction_descriptor<hipsycl::algorithms::reduction::reduction_binary_operator<int, hipsycl::sycl::plus<int>>, hipsycl::sycl::accessor<int, 1, hipsycl::sycl::access_mode::read_write, hipsycl::sycl::target::device, hipsycl::sycl::accessor_variant::unranged>>, (lambda at C:\OpenFOAM\SPUMA\src\OpenFOAM\lnInclude\syclExecutor.cpp:101:17)>' requested here
  100 |             h.parallel_for(sycl::range<1>(size), sumReduction,
      |               ^
C:/OpenFOAM/SPUMA/src/OpenFOAM/lnInclude\executor.H:85:34: note: in instantiation of function template specialization 'Foam::syclExecutor::_backendReductionSum<(lambda at C:\OpenFOAM\SPUMA\src\OpenFOAM\lnInclude\FieldFunctions.C:534:26), int>' requested here
   85 |         (static_cast<T*>(this))->_backendReductionSum(lambda, result, size);
      |                                  ^
C:/OpenFOAM/SPUMA/src/OpenFOAM/lnInclude\FieldFunctions.C:536:18: note: in instantiation of function template specialization 'Foam::executor<Foam::syclExecutor>::reductionSum<(lambda at C:\OpenFOAM\SPUMA\src\OpenFOAM\lnInclude\FieldFunctions.C:534:26), int>' requested here
  536 |             exec.reductionSum(sumOp, &result, size);
      |                  ^
C:/OpenFOAM/SPUMA/src/OpenFOAM/lnInclude\FieldFunctions.C:547:26: note: in instantiation of function template specialization 'Foam::sum<int>' requested here
  547 | TMP_UNARY_FUNCTION(Type, sum)
      |                          ^
C:/OpenFOAM/SPUMA/src/OpenFOAM/lnInclude\FieldFunctions.C:463:22: note: expanded from macro 'TMP_UNARY_FUNCTION'
  463 |     ReturnType res = Func(tf1());                                              \
      |                      ^
C:/OpenFOAM/SPUMA/src/OpenFOAM/lnInclude\globalIndexAndTransformI.H:462:30: note: in instantiation of function template specialization 'Foam::sum<int>' requested here
  462 |     label nUsedTrans = round(sum(mag(permutation)));
      |                              ^
C:/dev/llvm-acpp-msvc-21/bin/../include/AdaptiveCpp\sycl\../hipSYCL/sycl\libkernel\multi_ptr.hpp:668:9: note: 'multi_ptr<int, hipsycl::sycl::access::address_space::global_space, hipsycl::sycl::access::decorated::legacy>' has been explicitly marked deprecated here
  668 | class [[deprecated]] multi_ptr<ElementType, Space, access::decorated::legacy> {
      |         ^
In file included from fvMesh/extendedStencil/cellToFace/MeshObjects/centredCECCellToFaceStencilObject.C:28:
In file included from fvMesh/extendedStencil/cellToFace/MeshObjects\centredCECCellToFaceStencilObject.H:39:
In file included from lnInclude\extendedCentredCellToFaceStencil.H:39:
In file included from lnInclude\extendedCellToFaceStencil.H:53:
In file included from C:/OpenFOAM/SPUMA/src/OpenFOAM/lnInclude\mapDistribute.H:139:
In file included from C:/OpenFOAM/SPUMA/src/OpenFOAM/lnInclude\mapDistributeBase.H:77:
In file included from C:/OpenFOAM/SPUMA/src/OpenFOAM/lnInclude\boolList.H:32:
In file included from C:/OpenFOAM/SPUMA/src/OpenFOAM/lnInclude\List.H:47:
In file included from C:/OpenFOAM/SPUMA/src/OpenFOAM/lnInclude\autoPtr.H:348:
In file included from C:/OpenFOAM/SPUMA/src/OpenFOAM/lnInclude\autoPtrI.H:29:
In file included from C:/OpenFOAM/SPUMA/src/OpenFOAM/lnInclude\error.H:60:
In file included from C:/OpenFOAM/SPUMA/src/OpenFOAM/lnInclude\messageStream.H:57:
In file included from C:/OpenFOAM/SPUMA/src/OpenFOAM/lnInclude\label.H:42:
In file included from C:/OpenFOAM/SPUMA/src/OpenFOAM/lnInclude\int.H:41:
In file included from C:/OpenFOAM/SPUMA/src/OpenFOAM/lnInclude\deviceM.H:58:
In file included from C:/dev/llvm-acpp-msvc-21/bin/../include/AdaptiveCpp\sycl/sycl.hpp:14:
In file included from C:/dev/llvm-acpp-msvc-21/bin/../include/AdaptiveCpp\sycl\../hipSYCL/sycl/sycl.hpp:62:
In file included from C:/dev/llvm-acpp-msvc-21/bin/../include/AdaptiveCpp\sycl\../hipSYCL/sycl\libkernel/reduction.hpp:20:
C:/dev/llvm-acpp-msvc-21/bin/../include/AdaptiveCpp\hipSYCL/algorithms/reduction/reduction_descriptor.hpp:127:14: warning: 'multi_ptr<const int, hipsycl::sycl::access::address_space::global_space, hipsycl::sycl::access::decorated::legacy>' is deprecated [-Wdeprecated-declarations]
  127 |       return _output.get_pointer();
      |              ^
C:/dev/llvm-acpp-msvc-21/bin/../include/AdaptiveCpp\sycl\../hipSYCL/sycl\libkernel\multi_ptr.hpp:668:9: note: 'multi_ptr<const int, hipsycl::sycl::access::address_space::global_space, hipsycl::sycl::access::decorated::legacy>' has been explicitly marked deprecated here
  668 | class [[deprecated]] multi_ptr<ElementType, Space, access::decorated::legacy> {
      |         ^
C:/dev/llvm-acpp-msvc-21/bin/../include/AdaptiveCpp\sycl\../hipSYCL/sycl\libkernel\multi_ptr.hpp:1001:1: warning: 'multi_ptr<int, hipsycl::sycl::access::address_space::global_space, hipsycl::sycl::access::decorated::legacy>' is deprecated [-Wdeprecated-declarations]
 1001 | using global_ptr = multi_ptr<ElementType, access::address_space::global_space, IsDecorated>;
      | ^
C:/dev/llvm-acpp-msvc-21/bin/../include/AdaptiveCpp\sycl\../hipSYCL/sycl\libkernel/accessor.hpp:1274:12: note: in instantiation of template type alias 'global_ptr' requested here
 1274 |     return global_ptr<dataT>{const_cast<dataT*>(this->_ptr.get())};
      |            ^
C:/dev/llvm-acpp-msvc-21/bin/../include/AdaptiveCpp\hipSYCL/algorithms/reduction/reduction_descriptor.hpp:127:22: note: in instantiation of function template specialization 'hipsycl::sycl::accessor<int, 1, hipsycl::sycl::access_mode::read_write, hipsycl::sycl::target::device, hipsycl::sycl::accessor_variant::unranged>::get_pointer<hipsycl::sycl::target::device, void>' requested here
  127 |       return _output.get_pointer();
      |                      ^
C:/dev/llvm-acpp-msvc-21/bin/../include/AdaptiveCpp\hipSYCL/algorithms/reduction/reduction_descriptor.hpp:34:29: note: in instantiation of member function 'hipsycl::algorithms::reduction::reduction_descriptor<hipsycl::algorithms::reduction::reduction_binary_operator<int, hipsycl::sycl::plus<int>>, hipsycl::sycl::accessor<int, 1, hipsycl::sycl::access_mode::read_write, hipsycl::sycl::target::device, hipsycl::sycl::accessor_variant::unranged>>::get_final_output_destination' requested here
   34 |   value_type *output = desc.get_final_output_destination();
      |                             ^
C:/dev/llvm-acpp-msvc-21/bin/../include/AdaptiveCpp\hipSYCL/algorithms/reduction\wg_model/group_horizontal_reducer.hpp:67:28: note: in instantiation of function template specialization 'hipsycl::algorithms::reduction::detail::set_reduction_result<hipsycl::algorithms::reduction::wg_model::configured_reduction_descriptor<hipsycl::algorithms::reduction::reduction_descriptor<hipsycl::algorithms::reduction::reduction_binary_operator<int, hipsycl::sycl::plus<int>>, hipsycl::sycl::accessor<int, 1, hipsycl::sycl::access_mode::read_write, hipsycl::sycl::target::device, hipsycl::sycl::accessor_variant::unranged>>>>' requested here
   67 |         reduction::detail::set_reduction_result(descriptor, group_result,
      |                            ^
C:/dev/llvm-acpp-msvc-21/bin/../include/AdaptiveCpp\hipSYCL/algorithms/reduction/reduction_engine.hpp:84:18: note: in instantiation of function template specialization 'hipsycl::algorithms::reduction::wg_model::group_horizontal_reducer<hipsycl::algorithms::reduction::wg_model::group_reductions::generic_local_memory<hipsycl::algorithms::reduction::reduction_descriptor<hipsycl::algorithms::reduction::reduction_binary_operator<int, hipsycl::sycl::plus<int>>, hipsycl::sycl::accessor<int, 1, hipsycl::sycl::access_mode::read_write, hipsycl::sycl::target::device, hipsycl::sycl::accessor_variant::unranged>>>>::finalize<hipsycl::sycl::nd_item<>, hipsycl::algorithms::reduction::wg_model::configured_reduction_descriptor<hipsycl::algorithms::reduction::reduction_descriptor<hipsycl::algorithms::reduction::reduction_binary_operator<int, hipsycl::sycl::plus<int>>, hipsycl::sycl::accessor<int, 1, hipsycl::sycl::access_mode::read_write, hipsycl::sycl::target::device, hipsycl::sycl::accessor_variant::unranged>>>, hipsycl::algorithms::reduction::wg_model::sequential_reducer<hipsycl::algorithms::reduction::reduction_binary_operator<int, hipsycl::sycl::plus<int>>>>' requested here
   84 |   (group_reducer.finalize(wi_index, descs, std::get<Is>(reducers_tuple)), ...);
      |                  ^
C:/dev/llvm-acpp-msvc-21/bin/../include/AdaptiveCpp\hipSYCL/algorithms/reduction/reduction_engine.hpp:92:3: note: (skipping 14 contexts in backtrace; use -ftemplate-backtrace-limit=0 to see all)
   92 |   invoke_finalize_with_reducers_impl(
      |   ^
C:/OpenFOAM/SPUMA/src/OpenFOAM/lnInclude\syclExecutor.cpp:100:15: note: in instantiation of function template specialization 'hipsycl::sycl::handler::parallel_for<__acpp_unnamed_kernel, hipsycl::algorithms::reduction::reduction_descriptor<hipsycl::algorithms::reduction::reduction_binary_operator<int, hipsycl::sycl::plus<int>>, hipsycl::sycl::accessor<int, 1, hipsycl::sycl::access_mode::read_write, hipsycl::sycl::target::device, hipsycl::sycl::accessor_variant::unranged>>, (lambda at C:\OpenFOAM\SPUMA\src\OpenFOAM\lnInclude\syclExecutor.cpp:101:17)>' requested here
  100 |             h.parallel_for(sycl::range<1>(size), sumReduction,
      |               ^
C:/OpenFOAM/SPUMA/src/OpenFOAM/lnInclude\executor.H:85:34: note: in instantiation of function template specialization 'Foam::syclExecutor::_backendReductionSum<(lambda at C:\OpenFOAM\SPUMA\src\OpenFOAM\lnInclude\FieldFunctions.C:534:26), int>' requested here
   85 |         (static_cast<T*>(this))->_backendReductionSum(lambda, result, size);
      |                                  ^
C:/OpenFOAM/SPUMA/src/OpenFOAM/lnInclude\FieldFunctions.C:536:18: note: in instantiation of function template specialization 'Foam::executor<Foam::syclExecutor>::reductionSum<(lambda at C:\OpenFOAM\SPUMA\src\OpenFOAM\lnInclude\FieldFunctions.C:534:26), int>' requested here
  536 |             exec.reductionSum(sumOp, &result, size);
      |                  ^
C:/OpenFOAM/SPUMA/src/OpenFOAM/lnInclude\FieldFunctions.C:547:26: note: in instantiation of function template specialization 'Foam::sum<int>' requested here
  547 | TMP_UNARY_FUNCTION(Type, sum)
      |                          ^
C:/OpenFOAM/SPUMA/src/OpenFOAM/lnInclude\FieldFunctions.C:463:22: note: expanded from macro 'TMP_UNARY_FUNCTION'
  463 |     ReturnType res = Func(tf1());                                              \
      |                      ^
C:/OpenFOAM/SPUMA/src/OpenFOAM/lnInclude\globalIndexAndTransformI.H:462:30: note: in instantiation of function template specialization 'Foam::sum<int>' requested here
  462 |     label nUsedTrans = round(sum(mag(permutation)));
      |                              ^
C:/dev/llvm-acpp-msvc-21/bin/../include/AdaptiveCpp\sycl\../hipSYCL/sycl\libkernel\multi_ptr.hpp:668:9: note: 'multi_ptr<int, hipsycl::sycl::access::address_space::global_space, hipsycl::sycl::access::decorated::legacy>' has been explicitly marked deprecated here
  668 | class [[deprecated]] multi_ptr<ElementType, Space, access::decorated::legacy> {
      |         ^
In file included from fvMesh/extendedStencil/cellToFace/MeshObjects/centredCECCellToFaceStencilObject.C:28:
In file included from fvMesh/extendedStencil/cellToFace/MeshObjects\centredCECCellToFaceStencilObject.H:39:
In file included from lnInclude\extendedCentredCellToFaceStencil.H:39:
In file included from lnInclude\extendedCellToFaceStencil.H:53:
In file included from C:/OpenFOAM/SPUMA/src/OpenFOAM/lnInclude\mapDistribute.H:772:
In file included from C:/OpenFOAM/SPUMA/src/OpenFOAM/lnInclude\mapDistributeTemplates.C:32:
In file included from C:/OpenFOAM/SPUMA/src/OpenFOAM/lnInclude\transformField.H:43:
In file included from C:/OpenFOAM/SPUMA/src/OpenFOAM/lnInclude\septernion.H:49:
In file included from C:/OpenFOAM/SPUMA/src/OpenFOAM/lnInclude\spatialTransform.H:201:
C:/OpenFOAM/SPUMA/src/OpenFOAM/lnInclude\spatialTransformI.H:42:16: warning: instantiation of variable 'Foam::Tensor<double>::I' required here, but no definition is available [-Wundefined-var-template]
   42 |     E_(tensor::I),
      |                ^
C:/OpenFOAM/SPUMA/src/OpenFOAM/lnInclude\Tensor.H:83:29: note: forward declaration of template entity is here
   83 |         static const Tensor I;
      |                             ^
C:/OpenFOAM/SPUMA/src/OpenFOAM/lnInclude\spatialTransformI.H:42:16: note: add an explicit instantiation declaration to suppress this warning if 'Foam::Tensor<double>::I' is explicitly instantiated in another translation unit
   42 |     E_(tensor::I),
      |                ^
6 warnings generated.
  OK: 319979 bytes
Compiling fvMesh/extendedStencil/cellToFace/MeshObjects/centredCFCCellToFaceStencilObject.C with omp ...
In file included from fvMesh/extendedStencil/cellToFace/MeshObjects/centredCFCCellToFaceStencilObject.C:28:
In file included from fvMesh/extendedStencil/cellToFace/MeshObjects\centredCFCCellToFaceStencilObject.H:39:
In file included from lnInclude\extendedCentredCellToFaceStencil.H:39:
In file included from lnInclude\extendedCellToFaceStencil.H:53:
In file included from C:/OpenFOAM/SPUMA/src/OpenFOAM/lnInclude\mapDistribute.H:139:
In file included from C:/OpenFOAM/SPUMA/src/OpenFOAM/lnInclude\mapDistributeBase.H:77:
In file included from C:/OpenFOAM/SPUMA/src/OpenFOAM/lnInclude\boolList.H:32:
In file included from C:/OpenFOAM/SPUMA/src/OpenFOAM/lnInclude\List.H:47:
In file included from C:/OpenFOAM/SPUMA/src/OpenFOAM/lnInclude\autoPtr.H:348:
In file included from C:/OpenFOAM/SPUMA/src/OpenFOAM/lnInclude\autoPtrI.H:29:
In file included from C:/OpenFOAM/SPUMA/src/OpenFOAM/lnInclude\error.H:60:
In file included from C:/OpenFOAM/SPUMA/src/OpenFOAM/lnInclude\messageStream.H:57:
In file included from C:/OpenFOAM/SPUMA/src/OpenFOAM/lnInclude\label.H:42:
In file included from C:/OpenFOAM/SPUMA/src/OpenFOAM/lnInclude\int.H:45:
C:/OpenFOAM/SPUMA/src/OpenFOAM/lnInclude\int64.H:77:12: warning: absolute value function 'labs' given an argument of type 'const int64_t' (aka 'const long long') but has parameter of type 'long' which may cause truncation of value [-Wabsolute-value]
   77 |     return ::labs(val);
      |            ^
C:/OpenFOAM/SPUMA/src/OpenFOAM/lnInclude\int64.H:77:12: note: use function 'std::abs' instead
   77 |     return ::labs(val);
      |            ^~~~~~
      |            std::abs
In file included from fvMesh/extendedStencil/cellToFace/MeshObjects/centredCFCCellToFaceStencilObject.C:28:
In file included from fvMesh/extendedStencil/cellToFace/MeshObjects\centredCFCCellToFaceStencilObject.H:39:
In file included from lnInclude\extendedCentredCellToFaceStencil.H:39:
In file included from lnInclude\extendedCellToFaceStencil.H:53:
In file included from C:/OpenFOAM/SPUMA/src/OpenFOAM/lnInclude\mapDistribute.H:141:
In file included from C:/OpenFOAM/SPUMA/src/OpenFOAM/lnInclude\vectorTensorTransform.H:262:
C:/OpenFOAM/SPUMA/src/OpenFOAM/lnInclude\vectorTensorTransformI.H:33:25: warning: instantiation of variable 'Foam::SphericalTensor<double>::I' required here, but no definition is available [-Wundefined-var-template]
   33 |     R_(sphericalTensor::I),
      |                         ^
C:/OpenFOAM/SPUMA/src/OpenFOAM/lnInclude\SphericalTensor.H:79:38: note: forward declaration of template entity is here
   79 |         static const SphericalTensor I;
      |                                      ^
C:/OpenFOAM/SPUMA/src/OpenFOAM/lnInclude\vectorTensorTransformI.H:33:25: note: add an explicit instantiation declaration to suppress this warning if 'Foam::SphericalTensor<double>::I' is explicitly instantiated in another translation unit
   33 |     R_(sphericalTensor::I),
      |                         ^
In file included from fvMesh/extendedStencil/cellToFace/MeshObjects/centredCFCCellToFaceStencilObject.C:28:
In file included from fvMesh/extendedStencil/cellToFace/MeshObjects\centredCFCCellToFaceStencilObject.H:39:
In file included from lnInclude\extendedCentredCellToFaceStencil.H:39:
In file included from lnInclude\extendedCellToFaceStencil.H:53:
In file included from C:/OpenFOAM/SPUMA/src/OpenFOAM/lnInclude\mapDistribute.H:139:
In file included from C:/OpenFOAM/SPUMA/src/OpenFOAM/lnInclude\mapDistributeBase.H:77:
In file included from C:/OpenFOAM/SPUMA/src/OpenFOAM/lnInclude\boolList.H:32:
In file included from C:/OpenFOAM/SPUMA/src/OpenFOAM/lnInclude\List.H:47:
In file included from C:/OpenFOAM/SPUMA/src/OpenFOAM/lnInclude\autoPtr.H:348:
In file included from C:/OpenFOAM/SPUMA/src/OpenFOAM/lnInclude\autoPtrI.H:29:
In file included from C:/OpenFOAM/SPUMA/src/OpenFOAM/lnInclude\error.H:60:
In file included from C:/OpenFOAM/SPUMA/src/OpenFOAM/lnInclude\messageStream.H:57:
In file included from C:/OpenFOAM/SPUMA/src/OpenFOAM/lnInclude\label.H:42:
In file included from C:/OpenFOAM/SPUMA/src/OpenFOAM/lnInclude\int.H:41:
In file included from C:/OpenFOAM/SPUMA/src/OpenFOAM/lnInclude\deviceM.H:58:
In file included from C:/dev/llvm-acpp-msvc-21/bin/../include/AdaptiveCpp\sycl/sycl.hpp:14:
In file included from C:/dev/llvm-acpp-msvc-21/bin/../include/AdaptiveCpp\sycl\../hipSYCL/sycl/sycl.hpp:62:
In file included from C:/dev/llvm-acpp-msvc-21/bin/../include/AdaptiveCpp\sycl\../hipSYCL/sycl\libkernel/reduction.hpp:20:
C:/dev/llvm-acpp-msvc-21/bin/../include/AdaptiveCpp\hipSYCL/algorithms/reduction/reduction_descriptor.hpp:127:22: warning: 'multi_ptr<int, hipsycl::sycl::access::address_space::global_space, hipsycl::sycl::access::decorated::legacy>' is deprecated [-Wdeprecated-declarations]
  127 |       return _output.get_pointer();
      |                      ^
C:/dev/llvm-acpp-msvc-21/bin/../include/AdaptiveCpp\hipSYCL/algorithms/reduction/reduction_descriptor.hpp:34:29: note: in instantiation of member function 'hipsycl::algorithms::reduction::reduction_descriptor<hipsycl::algorithms::reduction::reduction_binary_operator<int, hipsycl::sycl::plus<int>>, hipsycl::sycl::accessor<int, 1, hipsycl::sycl::access_mode::read_write, hipsycl::sycl::target::device, hipsycl::sycl::accessor_variant::unranged>>::get_final_output_destination' requested here
   34 |   value_type *output = desc.get_final_output_destination();
      |                             ^
C:/dev/llvm-acpp-msvc-21/bin/../include/AdaptiveCpp\hipSYCL/algorithms/reduction\wg_model/group_horizontal_reducer.hpp:67:28: note: in instantiation of function template specialization 'hipsycl::algorithms::reduction::detail::set_reduction_result<hipsycl::algorithms::reduction::wg_model::configured_reduction_descriptor<hipsycl::algorithms::reduction::reduction_descriptor<hipsycl::algorithms::reduction::reduction_binary_operator<int, hipsycl::sycl::plus<int>>, hipsycl::sycl::accessor<int, 1, hipsycl::sycl::access_mode::read_write, hipsycl::sycl::target::device, hipsycl::sycl::accessor_variant::unranged>>>>' requested here
   67 |         reduction::detail::set_reduction_result(descriptor, group_result,
      |                            ^
C:/dev/llvm-acpp-msvc-21/bin/../include/AdaptiveCpp\hipSYCL/algorithms/reduction/reduction_engine.hpp:84:18: note: in instantiation of function template specialization 'hipsycl::algorithms::reduction::wg_model::group_horizontal_reducer<hipsycl::algorithms::reduction::wg_model::group_reductions::generic_local_memory<hipsycl::algorithms::reduction::reduction_descriptor<hipsycl::algorithms::reduction::reduction_binary_operator<int, hipsycl::sycl::plus<int>>, hipsycl::sycl::accessor<int, 1, hipsycl::sycl::access_mode::read_write, hipsycl::sycl::target::device, hipsycl::sycl::accessor_variant::unranged>>>>::finalize<hipsycl::sycl::nd_item<>, hipsycl::algorithms::reduction::wg_model::configured_reduction_descriptor<hipsycl::algorithms::reduction::reduction_descriptor<hipsycl::algorithms::reduction::reduction_binary_operator<int, hipsycl::sycl::plus<int>>, hipsycl::sycl::accessor<int, 1, hipsycl::sycl::access_mode::read_write, hipsycl::sycl::target::device, hipsycl::sycl::accessor_variant::unranged>>>, hipsycl::algorithms::reduction::wg_model::sequential_reducer<hipsycl::algorithms::reduction::reduction_binary_operator<int, hipsycl::sycl::plus<int>>>>' requested here
   84 |   (group_reducer.finalize(wi_index, descs, std::get<Is>(reducers_tuple)), ...);
      |                  ^
C:/dev/llvm-acpp-msvc-21/bin/../include/AdaptiveCpp\hipSYCL/algorithms/reduction/reduction_engine.hpp:92:3: note: in instantiation of function template specialization 'hipsycl::algorithms::reduction::invoke_helpers::invoke_finalize_with_reducers_impl<hipsycl::algorithms::reduction::wg_model::group_horizontal_reducer<hipsycl::algorithms::reduction::wg_model::group_reductions::generic_local_memory<hipsycl::algorithms::reduction::reduction_descriptor<hipsycl::algorithms::reduction::reduction_binary_operator<int, hipsycl::sycl::plus<int>>, hipsycl::sycl::accessor<int, 1, hipsycl::sycl::access_mode::read_write, hipsycl::sycl::target::device, hipsycl::sycl::accessor_variant::unranged>>>>, hipsycl::sycl::nd_item<>, std::tuple<hipsycl::algorithms::reduction::wg_model::sequential_reducer<hipsycl::algorithms::reduction::reduction_binary_operator<int, hipsycl::sycl::plus<int>>>>, 0ULL, hipsycl::algorithms::reduction::wg_model::configured_reduction_descriptor<hipsycl::algorithms::reduction::reduction_descriptor<hipsycl::algorithms::reduction::reduction_binary_operator<int, hipsycl::sycl::plus<int>>, hipsycl::sycl::accessor<int, 1, hipsycl::sycl::access_mode::read_write, hipsycl::sycl::target::device, hipsycl::sycl::accessor_variant::unranged>>>>' requested here
   92 |   invoke_finalize_with_reducers_impl(
      |   ^
C:/dev/llvm-acpp-msvc-21/bin/../include/AdaptiveCpp\hipSYCL/algorithms/reduction/reduction_engine.hpp:229:21: note: in instantiation of function template specialization 'hipsycl::algorithms::reduction::invoke_helpers::invoke_finalize_with_reducers<hipsycl::algorithms::reduction::wg_model::group_horizontal_reducer<hipsycl::algorithms::reduction::wg_model::group_reductions::generic_local_memory<hipsycl::algorithms::reduction::reduction_descriptor<hipsycl::algorithms::reduction::reduction_binary_operator<int, hipsycl::sycl::plus<int>>, hipsycl::sycl::accessor<int, 1, hipsycl::sycl::access_mode::read_write, hipsycl::sycl::target::device, hipsycl::sycl::accessor_variant::unranged>>>>, hipsycl::sycl::nd_item<>, hipsycl::algorithms::reduction::wg_model::sequential_reducer<hipsycl::algorithms::reduction::reduction_binary_operator<int, hipsycl::sycl::plus<int>>>, hipsycl::algorithms::reduction::wg_model::configured_reduction_descriptor<hipsycl::algorithms::reduction::reduction_descriptor<hipsycl::algorithms::reduction::reduction_binary_operator<int, hipsycl::sycl::plus<int>>, hipsycl::sycl::accessor<int, 1, hipsycl::sycl::access_mode::read_write, hipsycl::sycl::target::device, hipsycl::sycl::accessor_variant::unranged>>>>' requested here
  229 |     invoke_helpers::invoke_finalize_with_reducers(group_reducer, wi_index, wi_reducers, descs...);
      |                     ^
C:\Program Files (x86)\Microsoft Visual Studio\2022\BuildTools\VC\Tools\MSVC\14.41.34120\include\type_traits:1714:16: note: (skipping 12 contexts in backtrace; use -ftemplate-backtrace-limit=0 to see all)
 1714 |         return static_cast<_Callable&&>(_Obj)(static_cast<_Ty1&&>(_Arg1), static_cast<_Types2&&>(_Args2)...);
      |                ^
C:/OpenFOAM/SPUMA/src/OpenFOAM/lnInclude\syclExecutor.cpp:100:15: note: in instantiation of function template specialization 'hipsycl::sycl::handler::parallel_for<__acpp_unnamed_kernel, hipsycl::algorithms::reduction::reduction_descriptor<hipsycl::algorithms::reduction::reduction_binary_operator<int, hipsycl::sycl::plus<int>>, hipsycl::sycl::accessor<int, 1, hipsycl::sycl::access_mode::read_write, hipsycl::sycl::target::device, hipsycl::sycl::accessor_variant::unranged>>, (lambda at C:\OpenFOAM\SPUMA\src\OpenFOAM\lnInclude\syclExecutor.cpp:101:17)>' requested here
  100 |             h.parallel_for(sycl::range<1>(size), sumReduction,
      |               ^
C:/OpenFOAM/SPUMA/src/OpenFOAM/lnInclude\executor.H:85:34: note: in instantiation of function template specialization 'Foam::syclExecutor::_backendReductionSum<(lambda at C:\OpenFOAM\SPUMA\src\OpenFOAM\lnInclude\FieldFunctions.C:534:26), int>' requested here
   85 |         (static_cast<T*>(this))->_backendReductionSum(lambda, result, size);
      |                                  ^
C:/OpenFOAM/SPUMA/src/OpenFOAM/lnInclude\FieldFunctions.C:536:18: note: in instantiation of function template specialization 'Foam::executor<Foam::syclExecutor>::reductionSum<(lambda at C:\OpenFOAM\SPUMA\src\OpenFOAM\lnInclude\FieldFunctions.C:534:26), int>' requested here
  536 |             exec.reductionSum(sumOp, &result, size);
      |                  ^
C:/OpenFOAM/SPUMA/src/OpenFOAM/lnInclude\FieldFunctions.C:547:26: note: in instantiation of function template specialization 'Foam::sum<int>' requested here
  547 | TMP_UNARY_FUNCTION(Type, sum)
      |                          ^
C:/OpenFOAM/SPUMA/src/OpenFOAM/lnInclude\FieldFunctions.C:463:22: note: expanded from macro 'TMP_UNARY_FUNCTION'
  463 |     ReturnType res = Func(tf1());                                              \
      |                      ^
C:/OpenFOAM/SPUMA/src/OpenFOAM/lnInclude\globalIndexAndTransformI.H:462:30: note: in instantiation of function template specialization 'Foam::sum<int>' requested here
  462 |     label nUsedTrans = round(sum(mag(permutation)));
      |                              ^
C:/dev/llvm-acpp-msvc-21/bin/../include/AdaptiveCpp\sycl\../hipSYCL/sycl\libkernel\multi_ptr.hpp:668:9: note: 'multi_ptr<int, hipsycl::sycl::access::address_space::global_space, hipsycl::sycl::access::decorated::legacy>' has been explicitly marked deprecated here
  668 | class [[deprecated]] multi_ptr<ElementType, Space, access::decorated::legacy> {
      |         ^
In file included from fvMesh/extendedStencil/cellToFace/MeshObjects/centredCFCCellToFaceStencilObject.C:28:
In file included from fvMesh/extendedStencil/cellToFace/MeshObjects\centredCFCCellToFaceStencilObject.H:39:
In file included from lnInclude\extendedCentredCellToFaceStencil.H:39:
In file included from lnInclude\extendedCellToFaceStencil.H:53:
In file included from C:/OpenFOAM/SPUMA/src/OpenFOAM/lnInclude\mapDistribute.H:139:
In file included from C:/OpenFOAM/SPUMA/src/OpenFOAM/lnInclude\mapDistributeBase.H:77:
In file included from C:/OpenFOAM/SPUMA/src/OpenFOAM/lnInclude\boolList.H:32:
In file included from C:/OpenFOAM/SPUMA/src/OpenFOAM/lnInclude\List.H:47:
In file included from C:/OpenFOAM/SPUMA/src/OpenFOAM/lnInclude\autoPtr.H:348:
In file included from C:/OpenFOAM/SPUMA/src/OpenFOAM/lnInclude\autoPtrI.H:29:
In file included from C:/OpenFOAM/SPUMA/src/OpenFOAM/lnInclude\error.H:60:
In file included from C:/OpenFOAM/SPUMA/src/OpenFOAM/lnInclude\messageStream.H:57:
In file included from C:/OpenFOAM/SPUMA/src/OpenFOAM/lnInclude\label.H:42:
In file included from C:/OpenFOAM/SPUMA/src/OpenFOAM/lnInclude\int.H:41:
In file included from C:/OpenFOAM/SPUMA/src/OpenFOAM/lnInclude\deviceM.H:58:
In file included from C:/dev/llvm-acpp-msvc-21/bin/../include/AdaptiveCpp\sycl/sycl.hpp:14:
In file included from C:/dev/llvm-acpp-msvc-21/bin/../include/AdaptiveCpp\sycl\../hipSYCL/sycl/sycl.hpp:62:
In file included from C:/dev/llvm-acpp-msvc-21/bin/../include/AdaptiveCpp\sycl\../hipSYCL/sycl\libkernel/reduction.hpp:20:
C:/dev/llvm-acpp-msvc-21/bin/../include/AdaptiveCpp\hipSYCL/algorithms/reduction/reduction_descriptor.hpp:127:14: warning: 'multi_ptr<const int, hipsycl::sycl::access::address_space::global_space, hipsycl::sycl::access::decorated::legacy>' is deprecated [-Wdeprecated-declarations]
  127 |       return _output.get_pointer();
      |              ^
C:/dev/llvm-acpp-msvc-21/bin/../include/AdaptiveCpp\sycl\../hipSYCL/sycl\libkernel\multi_ptr.hpp:668:9: note: 'multi_ptr<const int, hipsycl::sycl::access::address_space::global_space, hipsycl::sycl::access::decorated::legacy>' has been explicitly marked deprecated here
  668 | class [[deprecated]] multi_ptr<ElementType, Space, access::decorated::legacy> {
      |         ^
C:/dev/llvm-acpp-msvc-21/bin/../include/AdaptiveCpp\sycl\../hipSYCL/sycl\libkernel\multi_ptr.hpp:1001:1: warning: 'multi_ptr<int, hipsycl::sycl::access::address_space::global_space, hipsycl::sycl::access::decorated::legacy>' is deprecated [-Wdeprecated-declarations]
 1001 | using global_ptr = multi_ptr<ElementType, access::address_space::global_space, IsDecorated>;
      | ^
C:/dev/llvm-acpp-msvc-21/bin/../include/AdaptiveCpp\sycl\../hipSYCL/sycl\libkernel/accessor.hpp:1274:12: note: in instantiation of template type alias 'global_ptr' requested here
 1274 |     return global_ptr<dataT>{const_cast<dataT*>(this->_ptr.get())};
      |            ^
C:/dev/llvm-acpp-msvc-21/bin/../include/AdaptiveCpp\hipSYCL/algorithms/reduction/reduction_descriptor.hpp:127:22: note: in instantiation of function template specialization 'hipsycl::sycl::accessor<int, 1, hipsycl::sycl::access_mode::read_write, hipsycl::sycl::target::device, hipsycl::sycl::accessor_variant::unranged>::get_pointer<hipsycl::sycl::target::device, void>' requested here
  127 |       return _output.get_pointer();
      |                      ^
C:/dev/llvm-acpp-msvc-21/bin/../include/AdaptiveCpp\hipSYCL/algorithms/reduction/reduction_descriptor.hpp:34:29: note: in instantiation of member function 'hipsycl::algorithms::reduction::reduction_descriptor<hipsycl::algorithms::reduction::reduction_binary_operator<int, hipsycl::sycl::plus<int>>, hipsycl::sycl::accessor<int, 1, hipsycl::sycl::access_mode::read_write, hipsycl::sycl::target::device, hipsycl::sycl::accessor_variant::unranged>>::get_final_output_destination' requested here
   34 |   value_type *output = desc.get_final_output_destination();
      |                             ^
C:/dev/llvm-acpp-msvc-21/bin/../include/AdaptiveCpp\hipSYCL/algorithms/reduction\wg_model/group_horizontal_reducer.hpp:67:28: note: in instantiation of function template specialization 'hipsycl::algorithms::reduction::detail::set_reduction_result<hipsycl::algorithms::reduction::wg_model::configured_reduction_descriptor<hipsycl::algorithms::reduction::reduction_descriptor<hipsycl::algorithms::reduction::reduction_binary_operator<int, hipsycl::sycl::plus<int>>, hipsycl::sycl::accessor<int, 1, hipsycl::sycl::access_mode::read_write, hipsycl::sycl::target::device, hipsycl::sycl::accessor_variant::unranged>>>>' requested here
   67 |         reduction::detail::set_reduction_result(descriptor, group_result,
      |                            ^
C:/dev/llvm-acpp-msvc-21/bin/../include/AdaptiveCpp\hipSYCL/algorithms/reduction/reduction_engine.hpp:84:18: note: in instantiation of function template specialization 'hipsycl::algorithms::reduction::wg_model::group_horizontal_reducer<hipsycl::algorithms::reduction::wg_model::group_reductions::generic_local_memory<hipsycl::algorithms::reduction::reduction_descriptor<hipsycl::algorithms::reduction::reduction_binary_operator<int, hipsycl::sycl::plus<int>>, hipsycl::sycl::accessor<int, 1, hipsycl::sycl::access_mode::read_write, hipsycl::sycl::target::device, hipsycl::sycl::accessor_variant::unranged>>>>::finalize<hipsycl::sycl::nd_item<>, hipsycl::algorithms::reduction::wg_model::configured_reduction_descriptor<hipsycl::algorithms::reduction::reduction_descriptor<hipsycl::algorithms::reduction::reduction_binary_operator<int, hipsycl::sycl::plus<int>>, hipsycl::sycl::accessor<int, 1, hipsycl::sycl::access_mode::read_write, hipsycl::sycl::target::device, hipsycl::sycl::accessor_variant::unranged>>>, hipsycl::algorithms::reduction::wg_model::sequential_reducer<hipsycl::algorithms::reduction::reduction_binary_operator<int, hipsycl::sycl::plus<int>>>>' requested here
   84 |   (group_reducer.finalize(wi_index, descs, std::get<Is>(reducers_tuple)), ...);
      |                  ^
C:/dev/llvm-acpp-msvc-21/bin/../include/AdaptiveCpp\hipSYCL/algorithms/reduction/reduction_engine.hpp:92:3: note: (skipping 14 contexts in backtrace; use -ftemplate-backtrace-limit=0 to see all)
   92 |   invoke_finalize_with_reducers_impl(
      |   ^
C:/OpenFOAM/SPUMA/src/OpenFOAM/lnInclude\syclExecutor.cpp:100:15: note: in instantiation of function template specialization 'hipsycl::sycl::handler::parallel_for<__acpp_unnamed_kernel, hipsycl::algorithms::reduction::reduction_descriptor<hipsycl::algorithms::reduction::reduction_binary_operator<int, hipsycl::sycl::plus<int>>, hipsycl::sycl::accessor<int, 1, hipsycl::sycl::access_mode::read_write, hipsycl::sycl::target::device, hipsycl::sycl::accessor_variant::unranged>>, (lambda at C:\OpenFOAM\SPUMA\src\OpenFOAM\lnInclude\syclExecutor.cpp:101:17)>' requested here
  100 |             h.parallel_for(sycl::range<1>(size), sumReduction,
      |               ^
C:/OpenFOAM/SPUMA/src/OpenFOAM/lnInclude\executor.H:85:34: note: in instantiation of function template specialization 'Foam::syclExecutor::_backendReductionSum<(lambda at C:\OpenFOAM\SPUMA\src\OpenFOAM\lnInclude\FieldFunctions.C:534:26), int>' requested here
   85 |         (static_cast<T*>(this))->_backendReductionSum(lambda, result, size);
      |                                  ^
C:/OpenFOAM/SPUMA/src/OpenFOAM/lnInclude\FieldFunctions.C:536:18: note: in instantiation of function template specialization 'Foam::executor<Foam::syclExecutor>::reductionSum<(lambda at C:\OpenFOAM\SPUMA\src\OpenFOAM\lnInclude\FieldFunctions.C:534:26), int>' requested here
  536 |             exec.reductionSum(sumOp, &result, size);
      |                  ^
C:/OpenFOAM/SPUMA/src/OpenFOAM/lnInclude\FieldFunctions.C:547:26: note: in instantiation of function template specialization 'Foam::sum<int>' requested here
  547 | TMP_UNARY_FUNCTION(Type, sum)
      |                          ^
C:/OpenFOAM/SPUMA/src/OpenFOAM/lnInclude\FieldFunctions.C:463:22: note: expanded from macro 'TMP_UNARY_FUNCTION'
  463 |     ReturnType res = Func(tf1());                                              \
      |                      ^
C:/OpenFOAM/SPUMA/src/OpenFOAM/lnInclude\globalIndexAndTransformI.H:462:30: note: in instantiation of function template specialization 'Foam::sum<int>' requested here
  462 |     label nUsedTrans = round(sum(mag(permutation)));
      |                              ^
C:/dev/llvm-acpp-msvc-21/bin/../include/AdaptiveCpp\sycl\../hipSYCL/sycl\libkernel\multi_ptr.hpp:668:9: note: 'multi_ptr<int, hipsycl::sycl::access::address_space::global_space, hipsycl::sycl::access::decorated::legacy>' has been explicitly marked deprecated here
  668 | class [[deprecated]] multi_ptr<ElementType, Space, access::decorated::legacy> {
      |         ^
In file included from fvMesh/extendedStencil/cellToFace/MeshObjects/centredCFCCellToFaceStencilObject.C:28:
In file included from fvMesh/extendedStencil/cellToFace/MeshObjects\centredCFCCellToFaceStencilObject.H:39:
In file included from lnInclude\extendedCentredCellToFaceStencil.H:39:
In file included from lnInclude\extendedCellToFaceStencil.H:53:
In file included from C:/OpenFOAM/SPUMA/src/OpenFOAM/lnInclude\mapDistribute.H:772:
In file included from C:/OpenFOAM/SPUMA/src/OpenFOAM/lnInclude\mapDistributeTemplates.C:32:
In file included from C:/OpenFOAM/SPUMA/src/OpenFOAM/lnInclude\transformField.H:43:
In file included from C:/OpenFOAM/SPUMA/src/OpenFOAM/lnInclude\septernion.H:49:
In file included from C:/OpenFOAM/SPUMA/src/OpenFOAM/lnInclude\spatialTransform.H:201:
C:/OpenFOAM/SPUMA/src/OpenFOAM/lnInclude\spatialTransformI.H:42:16: warning: instantiation of variable 'Foam::Tensor<double>::I' required here, but no definition is available [-Wundefined-var-template]
   42 |     E_(tensor::I),
      |                ^
C:/OpenFOAM/SPUMA/src/OpenFOAM/lnInclude\Tensor.H:83:29: note: forward declaration of template entity is here
   83 |         static const Tensor I;
      |                             ^
C:/OpenFOAM/SPUMA/src/OpenFOAM/lnInclude\spatialTransformI.H:42:16: note: add an explicit instantiation declaration to suppress this warning if 'Foam::Tensor<double>::I' is explicitly instantiated in another translation unit
   42 |     E_(tensor::I),
      |                ^
6 warnings generated.
  OK: 319979 bytes
Compiling fvMesh/extendedStencil/cellToFace/MeshObjects/centredCPCCellToFaceStencilObject.C with omp ...
In file included from fvMesh/extendedStencil/cellToFace/MeshObjects/centredCPCCellToFaceStencilObject.C:28:
In file included from fvMesh/extendedStencil/cellToFace/MeshObjects\centredCPCCellToFaceStencilObject.H:39:
In file included from lnInclude\extendedCentredCellToFaceStencil.H:39:
In file included from lnInclude\extendedCellToFaceStencil.H:53:
In file included from C:/OpenFOAM/SPUMA/src/OpenFOAM/lnInclude\mapDistribute.H:139:
In file included from C:/OpenFOAM/SPUMA/src/OpenFOAM/lnInclude\mapDistributeBase.H:77:
In file included from C:/OpenFOAM/SPUMA/src/OpenFOAM/lnInclude\boolList.H:32:
In file included from C:/OpenFOAM/SPUMA/src/OpenFOAM/lnInclude\List.H:47:
In file included from C:/OpenFOAM/SPUMA/src/OpenFOAM/lnInclude\autoPtr.H:348:
In file included from C:/OpenFOAM/SPUMA/src/OpenFOAM/lnInclude\autoPtrI.H:29:
In file included from C:/OpenFOAM/SPUMA/src/OpenFOAM/lnInclude\error.H:60:
In file included from C:/OpenFOAM/SPUMA/src/OpenFOAM/lnInclude\messageStream.H:57:
In file included from C:/OpenFOAM/SPUMA/src/OpenFOAM/lnInclude\label.H:42:
In file included from C:/OpenFOAM/SPUMA/src/OpenFOAM/lnInclude\int.H:45:
C:/OpenFOAM/SPUMA/src/OpenFOAM/lnInclude\int64.H:77:12: warning: absolute value function 'labs' given an argument of type 'const int64_t' (aka 'const long long') but has parameter of type 'long' which may cause truncation of value [-Wabsolute-value]
   77 |     return ::labs(val);
      |            ^
C:/OpenFOAM/SPUMA/src/OpenFOAM/lnInclude\int64.H:77:12: note: use function 'std::abs' instead
   77 |     return ::labs(val);
      |            ^~~~~~
      |            std::abs
In file included from fvMesh/extendedStencil/cellToFace/MeshObjects/centredCPCCellToFaceStencilObject.C:28:
In file included from fvMesh/extendedStencil/cellToFace/MeshObjects\centredCPCCellToFaceStencilObject.H:39:
In file included from lnInclude\extendedCentredCellToFaceStencil.H:39:
In file included from lnInclude\extendedCellToFaceStencil.H:53:
In file included from C:/OpenFOAM/SPUMA/src/OpenFOAM/lnInclude\mapDistribute.H:141:
In file included from C:/OpenFOAM/SPUMA/src/OpenFOAM/lnInclude\vectorTensorTransform.H:262:
C:/OpenFOAM/SPUMA/src/OpenFOAM/lnInclude\vectorTensorTransformI.H:33:25: warning: instantiation of variable 'Foam::SphericalTensor<double>::I' required here, but no definition is available [-Wundefined-var-template]
   33 |     R_(sphericalTensor::I),
      |                         ^
C:/OpenFOAM/SPUMA/src/OpenFOAM/lnInclude\SphericalTensor.H:79:38: note: forward declaration of template entity is here
   79 |         static const SphericalTensor I;
      |                                      ^
C:/OpenFOAM/SPUMA/src/OpenFOAM/lnInclude\vectorTensorTransformI.H:33:25: note: add an explicit instantiation declaration to suppress this warning if 'Foam::SphericalTensor<double>::I' is explicitly instantiated in another translation unit
   33 |     R_(sphericalTensor::I),
      |                         ^
In file included from fvMesh/extendedStencil/cellToFace/MeshObjects/centredCPCCellToFaceStencilObject.C:28:
In file included from fvMesh/extendedStencil/cellToFace/MeshObjects\centredCPCCellToFaceStencilObject.H:39:
In file included from lnInclude\extendedCentredCellToFaceStencil.H:39:
In file included from lnInclude\extendedCellToFaceStencil.H:53:
In file included from C:/OpenFOAM/SPUMA/src/OpenFOAM/lnInclude\mapDistribute.H:139:
In file included from C:/OpenFOAM/SPUMA/src/OpenFOAM/lnInclude\mapDistributeBase.H:77:
In file included from C:/OpenFOAM/SPUMA/src/OpenFOAM/lnInclude\boolList.H:32:
In file included from C:/OpenFOAM/SPUMA/src/OpenFOAM/lnInclude\List.H:47:
In file included from C:/OpenFOAM/SPUMA/src/OpenFOAM/lnInclude\autoPtr.H:348:
In file included from C:/OpenFOAM/SPUMA/src/OpenFOAM/lnInclude\autoPtrI.H:29:
In file included from C:/OpenFOAM/SPUMA/src/OpenFOAM/lnInclude\error.H:60:
In file included from C:/OpenFOAM/SPUMA/src/OpenFOAM/lnInclude\messageStream.H:57:
In file included from C:/OpenFOAM/SPUMA/src/OpenFOAM/lnInclude\label.H:42:
In file included from C:/OpenFOAM/SPUMA/src/OpenFOAM/lnInclude\int.H:41:
In file included from C:/OpenFOAM/SPUMA/src/OpenFOAM/lnInclude\deviceM.H:58:
In file included from C:/dev/llvm-acpp-msvc-21/bin/../include/AdaptiveCpp\sycl/sycl.hpp:14:
In file included from C:/dev/llvm-acpp-msvc-21/bin/../include/AdaptiveCpp\sycl\../hipSYCL/sycl/sycl.hpp:62:
In file included from C:/dev/llvm-acpp-msvc-21/bin/../include/AdaptiveCpp\sycl\../hipSYCL/sycl\libkernel/reduction.hpp:20:
C:/dev/llvm-acpp-msvc-21/bin/../include/AdaptiveCpp\hipSYCL/algorithms/reduction/reduction_descriptor.hpp:127:22: warning: 'multi_ptr<int, hipsycl::sycl::access::address_space::global_space, hipsycl::sycl::access::decorated::legacy>' is deprecated [-Wdeprecated-declarations]
  127 |       return _output.get_pointer();
      |                      ^
C:/dev/llvm-acpp-msvc-21/bin/../include/AdaptiveCpp\hipSYCL/algorithms/reduction/reduction_descriptor.hpp:34:29: note: in instantiation of member function 'hipsycl::algorithms::reduction::reduction_descriptor<hipsycl::algorithms::reduction::reduction_binary_operator<int, hipsycl::sycl::plus<int>>, hipsycl::sycl::accessor<int, 1, hipsycl::sycl::access_mode::read_write, hipsycl::sycl::target::device, hipsycl::sycl::accessor_variant::unranged>>::get_final_output_destination' requested here
   34 |   value_type *output = desc.get_final_output_destination();
      |                             ^
C:/dev/llvm-acpp-msvc-21/bin/../include/AdaptiveCpp\hipSYCL/algorithms/reduction\wg_model/group_horizontal_reducer.hpp:67:28: note: in instantiation of function template specialization 'hipsycl::algorithms::reduction::detail::set_reduction_result<hipsycl::algorithms::reduction::wg_model::configured_reduction_descriptor<hipsycl::algorithms::reduction::reduction_descriptor<hipsycl::algorithms::reduction::reduction_binary_operator<int, hipsycl::sycl::plus<int>>, hipsycl::sycl::accessor<int, 1, hipsycl::sycl::access_mode::read_write, hipsycl::sycl::target::device, hipsycl::sycl::accessor_variant::unranged>>>>' requested here
   67 |         reduction::detail::set_reduction_result(descriptor, group_result,
      |                            ^
C:/dev/llvm-acpp-msvc-21/bin/../include/AdaptiveCpp\hipSYCL/algorithms/reduction/reduction_engine.hpp:84:18: note: in instantiation of function template specialization 'hipsycl::algorithms::reduction::wg_model::group_horizontal_reducer<hipsycl::algorithms::reduction::wg_model::group_reductions::generic_local_memory<hipsycl::algorithms::reduction::reduction_descriptor<hipsycl::algorithms::reduction::reduction_binary_operator<int, hipsycl::sycl::plus<int>>, hipsycl::sycl::accessor<int, 1, hipsycl::sycl::access_mode::read_write, hipsycl::sycl::target::device, hipsycl::sycl::accessor_variant::unranged>>>>::finalize<hipsycl::sycl::nd_item<>, hipsycl::algorithms::reduction::wg_model::configured_reduction_descriptor<hipsycl::algorithms::reduction::reduction_descriptor<hipsycl::algorithms::reduction::reduction_binary_operator<int, hipsycl::sycl::plus<int>>, hipsycl::sycl::accessor<int, 1, hipsycl::sycl::access_mode::read_write, hipsycl::sycl::target::device, hipsycl::sycl::accessor_variant::unranged>>>, hipsycl::algorithms::reduction::wg_model::sequential_reducer<hipsycl::algorithms::reduction::reduction_binary_operator<int, hipsycl::sycl::plus<int>>>>' requested here
   84 |   (group_reducer.finalize(wi_index, descs, std::get<Is>(reducers_tuple)), ...);
      |                  ^
C:/dev/llvm-acpp-msvc-21/bin/../include/AdaptiveCpp\hipSYCL/algorithms/reduction/reduction_engine.hpp:92:3: note: in instantiation of function template specialization 'hipsycl::algorithms::reduction::invoke_helpers::invoke_finalize_with_reducers_impl<hipsycl::algorithms::reduction::wg_model::group_horizontal_reducer<hipsycl::algorithms::reduction::wg_model::group_reductions::generic_local_memory<hipsycl::algorithms::reduction::reduction_descriptor<hipsycl::algorithms::reduction::reduction_binary_operator<int, hipsycl::sycl::plus<int>>, hipsycl::sycl::accessor<int, 1, hipsycl::sycl::access_mode::read_write, hipsycl::sycl::target::device, hipsycl::sycl::accessor_variant::unranged>>>>, hipsycl::sycl::nd_item<>, std::tuple<hipsycl::algorithms::reduction::wg_model::sequential_reducer<hipsycl::algorithms::reduction::reduction_binary_operator<int, hipsycl::sycl::plus<int>>>>, 0ULL, hipsycl::algorithms::reduction::wg_model::configured_reduction_descriptor<hipsycl::algorithms::reduction::reduction_descriptor<hipsycl::algorithms::reduction::reduction_binary_operator<int, hipsycl::sycl::plus<int>>, hipsycl::sycl::accessor<int, 1, hipsycl::sycl::access_mode::read_write, hipsycl::sycl::target::device, hipsycl::sycl::accessor_variant::unranged>>>>' requested here
   92 |   invoke_finalize_with_reducers_impl(
      |   ^
C:/dev/llvm-acpp-msvc-21/bin/../include/AdaptiveCpp\hipSYCL/algorithms/reduction/reduction_engine.hpp:229:21: note: in instantiation of function template specialization 'hipsycl::algorithms::reduction::invoke_helpers::invoke_finalize_with_reducers<hipsycl::algorithms::reduction::wg_model::group_horizontal_reducer<hipsycl::algorithms::reduction::wg_model::group_reductions::generic_local_memory<hipsycl::algorithms::reduction::reduction_descriptor<hipsycl::algorithms::reduction::reduction_binary_operator<int, hipsycl::sycl::plus<int>>, hipsycl::sycl::accessor<int, 1, hipsycl::sycl::access_mode::read_write, hipsycl::sycl::target::device, hipsycl::sycl::accessor_variant::unranged>>>>, hipsycl::sycl::nd_item<>, hipsycl::algorithms::reduction::wg_model::sequential_reducer<hipsycl::algorithms::reduction::reduction_binary_operator<int, hipsycl::sycl::plus<int>>>, hipsycl::algorithms::reduction::wg_model::configured_reduction_descriptor<hipsycl::algorithms::reduction::reduction_descriptor<hipsycl::algorithms::reduction::reduction_binary_operator<int, hipsycl::sycl::plus<int>>, hipsycl::sycl::accessor<int, 1, hipsycl::sycl::access_mode::read_write, hipsycl::sycl::target::device, hipsycl::sycl::accessor_variant::unranged>>>>' requested here
  229 |     invoke_helpers::invoke_finalize_with_reducers(group_reducer, wi_index, wi_reducers, descs...);
      |                     ^
C:\Program Files (x86)\Microsoft Visual Studio\2022\BuildTools\VC\Tools\MSVC\14.41.34120\include\type_traits:1714:16: note: (skipping 12 contexts in backtrace; use -ftemplate-backtrace-limit=0 to see all)
 1714 |         return static_cast<_Callable&&>(_Obj)(static_cast<_Ty1&&>(_Arg1), static_cast<_Types2&&>(_Args2)...);
      |                ^
C:/OpenFOAM/SPUMA/src/OpenFOAM/lnInclude\syclExecutor.cpp:100:15: note: in instantiation of function template specialization 'hipsycl::sycl::handler::parallel_for<__acpp_unnamed_kernel, hipsycl::algorithms::reduction::reduction_descriptor<hipsycl::algorithms::reduction::reduction_binary_operator<int, hipsycl::sycl::plus<int>>, hipsycl::sycl::accessor<int, 1, hipsycl::sycl::access_mode::read_write, hipsycl::sycl::target::device, hipsycl::sycl::accessor_variant::unranged>>, (lambda at C:\OpenFOAM\SPUMA\src\OpenFOAM\lnInclude\syclExecutor.cpp:101:17)>' requested here
  100 |             h.parallel_for(sycl::range<1>(size), sumReduction,
      |               ^
C:/OpenFOAM/SPUMA/src/OpenFOAM/lnInclude\executor.H:85:34: note: in instantiation of function template specialization 'Foam::syclExecutor::_backendReductionSum<(lambda at C:\OpenFOAM\SPUMA\src\OpenFOAM\lnInclude\FieldFunctions.C:534:26), int>' requested here
   85 |         (static_cast<T*>(this))->_backendReductionSum(lambda, result, size);
      |                                  ^
C:/OpenFOAM/SPUMA/src/OpenFOAM/lnInclude\FieldFunctions.C:536:18: note: in instantiation of function template specialization 'Foam::executor<Foam::syclExecutor>::reductionSum<(lambda at C:\OpenFOAM\SPUMA\src\OpenFOAM\lnInclude\FieldFunctions.C:534:26), int>' requested here
  536 |             exec.reductionSum(sumOp, &result, size);
      |                  ^
C:/OpenFOAM/SPUMA/src/OpenFOAM/lnInclude\FieldFunctions.C:547:26: note: in instantiation of function template specialization 'Foam::sum<int>' requested here
  547 | TMP_UNARY_FUNCTION(Type, sum)
      |                          ^
C:/OpenFOAM/SPUMA/src/OpenFOAM/lnInclude\FieldFunctions.C:463:22: note: expanded from macro 'TMP_UNARY_FUNCTION'
  463 |     ReturnType res = Func(tf1());                                              \
      |                      ^
C:/OpenFOAM/SPUMA/src/OpenFOAM/lnInclude\globalIndexAndTransformI.H:462:30: note: in instantiation of function template specialization 'Foam::sum<int>' requested here
  462 |     label nUsedTrans = round(sum(mag(permutation)));
      |                              ^
C:/dev/llvm-acpp-msvc-21/bin/../include/AdaptiveCpp\sycl\../hipSYCL/sycl\libkernel\multi_ptr.hpp:668:9: note: 'multi_ptr<int, hipsycl::sycl::access::address_space::global_space, hipsycl::sycl::access::decorated::legacy>' has been explicitly marked deprecated here
  668 | class [[deprecated]] multi_ptr<ElementType, Space, access::decorated::legacy> {
      |         ^
In file included from fvMesh/extendedStencil/cellToFace/MeshObjects/centredCPCCellToFaceStencilObject.C:28:
In file included from fvMesh/extendedStencil/cellToFace/MeshObjects\centredCPCCellToFaceStencilObject.H:39:
In file included from lnInclude\extendedCentredCellToFaceStencil.H:39:
In file included from lnInclude\extendedCellToFaceStencil.H:53:
In file included from C:/OpenFOAM/SPUMA/src/OpenFOAM/lnInclude\mapDistribute.H:139:
In file included from C:/OpenFOAM/SPUMA/src/OpenFOAM/lnInclude\mapDistributeBase.H:77:
In file included from C:/OpenFOAM/SPUMA/src/OpenFOAM/lnInclude\boolList.H:32:
In file included from C:/OpenFOAM/SPUMA/src/OpenFOAM/lnInclude\List.H:47:
In file included from C:/OpenFOAM/SPUMA/src/OpenFOAM/lnInclude\autoPtr.H:348:
In file included from C:/OpenFOAM/SPUMA/src/OpenFOAM/lnInclude\autoPtrI.H:29:
In file included from C:/OpenFOAM/SPUMA/src/OpenFOAM/lnInclude\error.H:60:
In file included from C:/OpenFOAM/SPUMA/src/OpenFOAM/lnInclude\messageStream.H:57:
In file included from C:/OpenFOAM/SPUMA/src/OpenFOAM/lnInclude\label.H:42:
In file included from C:/OpenFOAM/SPUMA/src/OpenFOAM/lnInclude\int.H:41:
In file included from C:/OpenFOAM/SPUMA/src/OpenFOAM/lnInclude\deviceM.H:58:
In file included from C:/dev/llvm-acpp-msvc-21/bin/../include/AdaptiveCpp\sycl/sycl.hpp:14:
In file included from C:/dev/llvm-acpp-msvc-21/bin/../include/AdaptiveCpp\sycl\../hipSYCL/sycl/sycl.hpp:62:
In file included from C:/dev/llvm-acpp-msvc-21/bin/../include/AdaptiveCpp\sycl\../hipSYCL/sycl\libkernel/reduction.hpp:20:
C:/dev/llvm-acpp-msvc-21/bin/../include/AdaptiveCpp\hipSYCL/algorithms/reduction/reduction_descriptor.hpp:127:14: warning: 'multi_ptr<const int, hipsycl::sycl::access::address_space::global_space, hipsycl::sycl::access::decorated::legacy>' is deprecated [-Wdeprecated-declarations]
  127 |       return _output.get_pointer();
      |              ^
C:/dev/llvm-acpp-msvc-21/bin/../include/AdaptiveCpp\sycl\../hipSYCL/sycl\libkernel\multi_ptr.hpp:668:9: note: 'multi_ptr<const int, hipsycl::sycl::access::address_space::global_space, hipsycl::sycl::access::decorated::legacy>' has been explicitly marked deprecated here
  668 | class [[deprecated]] multi_ptr<ElementType, Space, access::decorated::legacy> {
      |         ^
C:/dev/llvm-acpp-msvc-21/bin/../include/AdaptiveCpp\sycl\../hipSYCL/sycl\libkernel\multi_ptr.hpp:1001:1: warning: 'multi_ptr<int, hipsycl::sycl::access::address_space::global_space, hipsycl::sycl::access::decorated::legacy>' is deprecated [-Wdeprecated-declarations]
 1001 | using global_ptr = multi_ptr<ElementType, access::address_space::global_space, IsDecorated>;
      | ^
C:/dev/llvm-acpp-msvc-21/bin/../include/AdaptiveCpp\sycl\../hipSYCL/sycl\libkernel/accessor.hpp:1274:12: note: in instantiation of template type alias 'global_ptr' requested here
 1274 |     return global_ptr<dataT>{const_cast<dataT*>(this->_ptr.get())};
      |            ^
C:/dev/llvm-acpp-msvc-21/bin/../include/AdaptiveCpp\hipSYCL/algorithms/reduction/reduction_descriptor.hpp:127:22: note: in instantiation of function template specialization 'hipsycl::sycl::accessor<int, 1, hipsycl::sycl::access_mode::read_write, hipsycl::sycl::target::device, hipsycl::sycl::accessor_variant::unranged>::get_pointer<hipsycl::sycl::target::device, void>' requested here
  127 |       return _output.get_pointer();
      |                      ^
C:/dev/llvm-acpp-msvc-21/bin/../include/AdaptiveCpp\hipSYCL/algorithms/reduction/reduction_descriptor.hpp:34:29: note: in instantiation of member function 'hipsycl::algorithms::reduction::reduction_descriptor<hipsycl::algorithms::reduction::reduction_binary_operator<int, hipsycl::sycl::plus<int>>, hipsycl::sycl::accessor<int, 1, hipsycl::sycl::access_mode::read_write, hipsycl::sycl::target::device, hipsycl::sycl::accessor_variant::unranged>>::get_final_output_destination' requested here
   34 |   value_type *output = desc.get_final_output_destination();
      |                             ^
C:/dev/llvm-acpp-msvc-21/bin/../include/AdaptiveCpp\hipSYCL/algorithms/reduction\wg_model/group_horizontal_reducer.hpp:67:28: note: in instantiation of function template specialization 'hipsycl::algorithms::reduction::detail::set_reduction_result<hipsycl::algorithms::reduction::wg_model::configured_reduction_descriptor<hipsycl::algorithms::reduction::reduction_descriptor<hipsycl::algorithms::reduction::reduction_binary_operator<int, hipsycl::sycl::plus<int>>, hipsycl::sycl::accessor<int, 1, hipsycl::sycl::access_mode::read_write, hipsycl::sycl::target::device, hipsycl::sycl::accessor_variant::unranged>>>>' requested here
   67 |         reduction::detail::set_reduction_result(descriptor, group_result,
      |                            ^
C:/dev/llvm-acpp-msvc-21/bin/../include/AdaptiveCpp\hipSYCL/algorithms/reduction/reduction_engine.hpp:84:18: note: in instantiation of function template specialization 'hipsycl::algorithms::reduction::wg_model::group_horizontal_reducer<hipsycl::algorithms::reduction::wg_model::group_reductions::generic_local_memory<hipsycl::algorithms::reduction::reduction_descriptor<hipsycl::algorithms::reduction::reduction_binary_operator<int, hipsycl::sycl::plus<int>>, hipsycl::sycl::accessor<int, 1, hipsycl::sycl::access_mode::read_write, hipsycl::sycl::target::device, hipsycl::sycl::accessor_variant::unranged>>>>::finalize<hipsycl::sycl::nd_item<>, hipsycl::algorithms::reduction::wg_model::configured_reduction_descriptor<hipsycl::algorithms::reduction::reduction_descriptor<hipsycl::algorithms::reduction::reduction_binary_operator<int, hipsycl::sycl::plus<int>>, hipsycl::sycl::accessor<int, 1, hipsycl::sycl::access_mode::read_write, hipsycl::sycl::target::device, hipsycl::sycl::accessor_variant::unranged>>>, hipsycl::algorithms::reduction::wg_model::sequential_reducer<hipsycl::algorithms::reduction::reduction_binary_operator<int, hipsycl::sycl::plus<int>>>>' requested here
   84 |   (group_reducer.finalize(wi_index, descs, std::get<Is>(reducers_tuple)), ...);
      |                  ^
C:/dev/llvm-acpp-msvc-21/bin/../include/AdaptiveCpp\hipSYCL/algorithms/reduction/reduction_engine.hpp:92:3: note: (skipping 14 contexts in backtrace; use -ftemplate-backtrace-limit=0 to see all)
   92 |   invoke_finalize_with_reducers_impl(
      |   ^
C:/OpenFOAM/SPUMA/src/OpenFOAM/lnInclude\syclExecutor.cpp:100:15: note: in instantiation of function template specialization 'hipsycl::sycl::handler::parallel_for<__acpp_unnamed_kernel, hipsycl::algorithms::reduction::reduction_descriptor<hipsycl::algorithms::reduction::reduction_binary_operator<int, hipsycl::sycl::plus<int>>, hipsycl::sycl::accessor<int, 1, hipsycl::sycl::access_mode::read_write, hipsycl::sycl::target::device, hipsycl::sycl::accessor_variant::unranged>>, (lambda at C:\OpenFOAM\SPUMA\src\OpenFOAM\lnInclude\syclExecutor.cpp:101:17)>' requested here
  100 |             h.parallel_for(sycl::range<1>(size), sumReduction,
      |               ^
C:/OpenFOAM/SPUMA/src/OpenFOAM/lnInclude\executor.H:85:34: note: in instantiation of function template specialization 'Foam::syclExecutor::_backendReductionSum<(lambda at C:\OpenFOAM\SPUMA\src\OpenFOAM\lnInclude\FieldFunctions.C:534:26), int>' requested here
   85 |         (static_cast<T*>(this))->_backendReductionSum(lambda, result, size);
      |                                  ^
C:/OpenFOAM/SPUMA/src/OpenFOAM/lnInclude\FieldFunctions.C:536:18: note: in instantiation of function template specialization 'Foam::executor<Foam::syclExecutor>::reductionSum<(lambda at C:\OpenFOAM\SPUMA\src\OpenFOAM\lnInclude\FieldFunctions.C:534:26), int>' requested here
  536 |             exec.reductionSum(sumOp, &result, size);
      |                  ^
C:/OpenFOAM/SPUMA/src/OpenFOAM/lnInclude\FieldFunctions.C:547:26: note: in instantiation of function template specialization 'Foam::sum<int>' requested here
  547 | TMP_UNARY_FUNCTION(Type, sum)
      |                          ^
C:/OpenFOAM/SPUMA/src/OpenFOAM/lnInclude\FieldFunctions.C:463:22: note: expanded from macro 'TMP_UNARY_FUNCTION'
  463 |     ReturnType res = Func(tf1());                                              \
      |                      ^
C:/OpenFOAM/SPUMA/src/OpenFOAM/lnInclude\globalIndexAndTransformI.H:462:30: note: in instantiation of function template specialization 'Foam::sum<int>' requested here
  462 |     label nUsedTrans = round(sum(mag(permutation)));
      |                              ^
C:/dev/llvm-acpp-msvc-21/bin/../include/AdaptiveCpp\sycl\../hipSYCL/sycl\libkernel\multi_ptr.hpp:668:9: note: 'multi_ptr<int, hipsycl::sycl::access::address_space::global_space, hipsycl::sycl::access::decorated::legacy>' has been explicitly marked deprecated here
  668 | class [[deprecated]] multi_ptr<ElementType, Space, access::decorated::legacy> {
      |         ^
In file included from fvMesh/extendedStencil/cellToFace/MeshObjects/centredCPCCellToFaceStencilObject.C:28:
In file included from fvMesh/extendedStencil/cellToFace/MeshObjects\centredCPCCellToFaceStencilObject.H:39:
In file included from lnInclude\extendedCentredCellToFaceStencil.H:39:
In file included from lnInclude\extendedCellToFaceStencil.H:53:
In file included from C:/OpenFOAM/SPUMA/src/OpenFOAM/lnInclude\mapDistribute.H:772:
In file included from C:/OpenFOAM/SPUMA/src/OpenFOAM/lnInclude\mapDistributeTemplates.C:32:
In file included from C:/OpenFOAM/SPUMA/src/OpenFOAM/lnInclude\transformField.H:43:
In file included from C:/OpenFOAM/SPUMA/src/OpenFOAM/lnInclude\septernion.H:49:
In file included from C:/OpenFOAM/SPUMA/src/OpenFOAM/lnInclude\spatialTransform.H:201:
C:/OpenFOAM/SPUMA/src/OpenFOAM/lnInclude\spatialTransformI.H:42:16: warning: instantiation of variable 'Foam::Tensor<double>::I' required here, but no definition is available [-Wundefined-var-template]
   42 |     E_(tensor::I),
      |                ^
C:/OpenFOAM/SPUMA/src/OpenFOAM/lnInclude\Tensor.H:83:29: note: forward declaration of template entity is here
   83 |         static const Tensor I;
      |                             ^
C:/OpenFOAM/SPUMA/src/OpenFOAM/lnInclude\spatialTransformI.H:42:16: note: add an explicit instantiation declaration to suppress this warning if 'Foam::Tensor<double>::I' is explicitly instantiated in another translation unit
   42 |     E_(tensor::I),
      |                ^
6 warnings generated.
  OK: 319979 bytes
Compiling fvMesh/extendedStencil/cellToFace/MeshObjects/centredFECCellToFaceStencilObject.C with omp ...
In file included from fvMesh/extendedStencil/cellToFace/MeshObjects/centredFECCellToFaceStencilObject.C:28:
In file included from fvMesh/extendedStencil/cellToFace/MeshObjects\centredFECCellToFaceStencilObject.H:39:
In file included from lnInclude\extendedCentredCellToFaceStencil.H:39:
In file included from lnInclude\extendedCellToFaceStencil.H:53:
In file included from C:/OpenFOAM/SPUMA/src/OpenFOAM/lnInclude\mapDistribute.H:139:
In file included from C:/OpenFOAM/SPUMA/src/OpenFOAM/lnInclude\mapDistributeBase.H:77:
In file included from C:/OpenFOAM/SPUMA/src/OpenFOAM/lnInclude\boolList.H:32:
In file included from C:/OpenFOAM/SPUMA/src/OpenFOAM/lnInclude\List.H:47:
In file included from C:/OpenFOAM/SPUMA/src/OpenFOAM/lnInclude\autoPtr.H:348:
In file included from C:/OpenFOAM/SPUMA/src/OpenFOAM/lnInclude\autoPtrI.H:29:
In file included from C:/OpenFOAM/SPUMA/src/OpenFOAM/lnInclude\error.H:60:
In file included from C:/OpenFOAM/SPUMA/src/OpenFOAM/lnInclude\messageStream.H:57:
In file included from C:/OpenFOAM/SPUMA/src/OpenFOAM/lnInclude\label.H:42:
In file included from C:/OpenFOAM/SPUMA/src/OpenFOAM/lnInclude\int.H:45:
C:/OpenFOAM/SPUMA/src/OpenFOAM/lnInclude\int64.H:77:12: warning: absolute value function 'labs' given an argument of type 'const int64_t' (aka 'const long long') but has parameter of type 'long' which may cause truncation of value [-Wabsolute-value]
   77 |     return ::labs(val);
      |            ^
C:/OpenFOAM/SPUMA/src/OpenFOAM/lnInclude\int64.H:77:12: note: use function 'std::abs' instead
   77 |     return ::labs(val);
      |            ^~~~~~
      |            std::abs
In file included from fvMesh/extendedStencil/cellToFace/MeshObjects/centredFECCellToFaceStencilObject.C:28:
In file included from fvMesh/extendedStencil/cellToFace/MeshObjects\centredFECCellToFaceStencilObject.H:39:
In file included from lnInclude\extendedCentredCellToFaceStencil.H:39:
In file included from lnInclude\extendedCellToFaceStencil.H:53:
In file included from C:/OpenFOAM/SPUMA/src/OpenFOAM/lnInclude\mapDistribute.H:141:
In file included from C:/OpenFOAM/SPUMA/src/OpenFOAM/lnInclude\vectorTensorTransform.H:262:
C:/OpenFOAM/SPUMA/src/OpenFOAM/lnInclude\vectorTensorTransformI.H:33:25: warning: instantiation of variable 'Foam::SphericalTensor<double>::I' required here, but no definition is available [-Wundefined-var-template]
   33 |     R_(sphericalTensor::I),
      |                         ^
C:/OpenFOAM/SPUMA/src/OpenFOAM/lnInclude\SphericalTensor.H:79:38: note: forward declaration of template entity is here
   79 |         static const SphericalTensor I;
      |                                      ^
C:/OpenFOAM/SPUMA/src/OpenFOAM/lnInclude\vectorTensorTransformI.H:33:25: note: add an explicit instantiation declaration to suppress this warning if 'Foam::SphericalTensor<double>::I' is explicitly instantiated in another translation unit
   33 |     R_(sphericalTensor::I),
      |                         ^
In file included from fvMesh/extendedStencil/cellToFace/MeshObjects/centredFECCellToFaceStencilObject.C:28:
In file included from fvMesh/extendedStencil/cellToFace/MeshObjects\centredFECCellToFaceStencilObject.H:39:
In file included from lnInclude\extendedCentredCellToFaceStencil.H:39:
In file included from lnInclude\extendedCellToFaceStencil.H:53:
In file included from C:/OpenFOAM/SPUMA/src/OpenFOAM/lnInclude\mapDistribute.H:139:
In file included from C:/OpenFOAM/SPUMA/src/OpenFOAM/lnInclude\mapDistributeBase.H:77:
In file included from C:/OpenFOAM/SPUMA/src/OpenFOAM/lnInclude\boolList.H:32:
In file included from C:/OpenFOAM/SPUMA/src/OpenFOAM/lnInclude\List.H:47:
In file included from C:/OpenFOAM/SPUMA/src/OpenFOAM/lnInclude\autoPtr.H:348:
In file included from C:/OpenFOAM/SPUMA/src/OpenFOAM/lnInclude\autoPtrI.H:29:
In file included from C:/OpenFOAM/SPUMA/src/OpenFOAM/lnInclude\error.H:60:
In file included from C:/OpenFOAM/SPUMA/src/OpenFOAM/lnInclude\messageStream.H:57:
In file included from C:/OpenFOAM/SPUMA/src/OpenFOAM/lnInclude\label.H:42:
In file included from C:/OpenFOAM/SPUMA/src/OpenFOAM/lnInclude\int.H:41:
In file included from C:/OpenFOAM/SPUMA/src/OpenFOAM/lnInclude\deviceM.H:58:
In file included from C:/dev/llvm-acpp-msvc-21/bin/../include/AdaptiveCpp\sycl/sycl.hpp:14:
In file included from C:/dev/llvm-acpp-msvc-21/bin/../include/AdaptiveCpp\sycl\../hipSYCL/sycl/sycl.hpp:62:
In file included from C:/dev/llvm-acpp-msvc-21/bin/../include/AdaptiveCpp\sycl\../hipSYCL/sycl\libkernel/reduction.hpp:20:
C:/dev/llvm-acpp-msvc-21/bin/../include/AdaptiveCpp\hipSYCL/algorithms/reduction/reduction_descriptor.hpp:127:22: warning: 'multi_ptr<int, hipsycl::sycl::access::address_space::global_space, hipsycl::sycl::access::decorated::legacy>' is deprecated [-Wdeprecated-declarations]
  127 |       return _output.get_pointer();
      |                      ^
C:/dev/llvm-acpp-msvc-21/bin/../include/AdaptiveCpp\hipSYCL/algorithms/reduction/reduction_descriptor.hpp:34:29: note: in instantiation of member function 'hipsycl::algorithms::reduction::reduction_descriptor<hipsycl::algorithms::reduction::reduction_binary_operator<int, hipsycl::sycl::plus<int>>, hipsycl::sycl::accessor<int, 1, hipsycl::sycl::access_mode::read_write, hipsycl::sycl::target::device, hipsycl::sycl::accessor_variant::unranged>>::get_final_output_destination' requested here
   34 |   value_type *output = desc.get_final_output_destination();
      |                             ^
C:/dev/llvm-acpp-msvc-21/bin/../include/AdaptiveCpp\hipSYCL/algorithms/reduction\wg_model/group_horizontal_reducer.hpp:67:28: note: in instantiation of function template specialization 'hipsycl::algorithms::reduction::detail::set_reduction_result<hipsycl::algorithms::reduction::wg_model::configured_reduction_descriptor<hipsycl::algorithms::reduction::reduction_descriptor<hipsycl::algorithms::reduction::reduction_binary_operator<int, hipsycl::sycl::plus<int>>, hipsycl::sycl::accessor<int, 1, hipsycl::sycl::access_mode::read_write, hipsycl::sycl::target::device, hipsycl::sycl::accessor_variant::unranged>>>>' requested here
   67 |         reduction::detail::set_reduction_result(descriptor, group_result,
      |                            ^
C:/dev/llvm-acpp-msvc-21/bin/../include/AdaptiveCpp\hipSYCL/algorithms/reduction/reduction_engine.hpp:84:18: note: in instantiation of function template specialization 'hipsycl::algorithms::reduction::wg_model::group_horizontal_reducer<hipsycl::algorithms::reduction::wg_model::group_reductions::generic_local_memory<hipsycl::algorithms::reduction::reduction_descriptor<hipsycl::algorithms::reduction::reduction_binary_operator<int, hipsycl::sycl::plus<int>>, hipsycl::sycl::accessor<int, 1, hipsycl::sycl::access_mode::read_write, hipsycl::sycl::target::device, hipsycl::sycl::accessor_variant::unranged>>>>::finalize<hipsycl::sycl::nd_item<>, hipsycl::algorithms::reduction::wg_model::configured_reduction_descriptor<hipsycl::algorithms::reduction::reduction_descriptor<hipsycl::algorithms::reduction::reduction_binary_operator<int, hipsycl::sycl::plus<int>>, hipsycl::sycl::accessor<int, 1, hipsycl::sycl::access_mode::read_write, hipsycl::sycl::target::device, hipsycl::sycl::accessor_variant::unranged>>>, hipsycl::algorithms::reduction::wg_model::sequential_reducer<hipsycl::algorithms::reduction::reduction_binary_operator<int, hipsycl::sycl::plus<int>>>>' requested here
   84 |   (group_reducer.finalize(wi_index, descs, std::get<Is>(reducers_tuple)), ...);
      |                  ^
C:/dev/llvm-acpp-msvc-21/bin/../include/AdaptiveCpp\hipSYCL/algorithms/reduction/reduction_engine.hpp:92:3: note: in instantiation of function template specialization 'hipsycl::algorithms::reduction::invoke_helpers::invoke_finalize_with_reducers_impl<hipsycl::algorithms::reduction::wg_model::group_horizontal_reducer<hipsycl::algorithms::reduction::wg_model::group_reductions::generic_local_memory<hipsycl::algorithms::reduction::reduction_descriptor<hipsycl::algorithms::reduction::reduction_binary_operator<int, hipsycl::sycl::plus<int>>, hipsycl::sycl::accessor<int, 1, hipsycl::sycl::access_mode::read_write, hipsycl::sycl::target::device, hipsycl::sycl::accessor_variant::unranged>>>>, hipsycl::sycl::nd_item<>, std::tuple<hipsycl::algorithms::reduction::wg_model::sequential_reducer<hipsycl::algorithms::reduction::reduction_binary_operator<int, hipsycl::sycl::plus<int>>>>, 0ULL, hipsycl::algorithms::reduction::wg_model::configured_reduction_descriptor<hipsycl::algorithms::reduction::reduction_descriptor<hipsycl::algorithms::reduction::reduction_binary_operator<int, hipsycl::sycl::plus<int>>, hipsycl::sycl::accessor<int, 1, hipsycl::sycl::access_mode::read_write, hipsycl::sycl::target::device, hipsycl::sycl::accessor_variant::unranged>>>>' requested here
   92 |   invoke_finalize_with_reducers_impl(
      |   ^
C:/dev/llvm-acpp-msvc-21/bin/../include/AdaptiveCpp\hipSYCL/algorithms/reduction/reduction_engine.hpp:229:21: note: in instantiation of function template specialization 'hipsycl::algorithms::reduction::invoke_helpers::invoke_finalize_with_reducers<hipsycl::algorithms::reduction::wg_model::group_horizontal_reducer<hipsycl::algorithms::reduction::wg_model::group_reductions::generic_local_memory<hipsycl::algorithms::reduction::reduction_descriptor<hipsycl::algorithms::reduction::reduction_binary_operator<int, hipsycl::sycl::plus<int>>, hipsycl::sycl::accessor<int, 1, hipsycl::sycl::access_mode::read_write, hipsycl::sycl::target::device, hipsycl::sycl::accessor_variant::unranged>>>>, hipsycl::sycl::nd_item<>, hipsycl::algorithms::reduction::wg_model::sequential_reducer<hipsycl::algorithms::reduction::reduction_binary_operator<int, hipsycl::sycl::plus<int>>>, hipsycl::algorithms::reduction::wg_model::configured_reduction_descriptor<hipsycl::algorithms::reduction::reduction_descriptor<hipsycl::algorithms::reduction::reduction_binary_operator<int, hipsycl::sycl::plus<int>>, hipsycl::sycl::accessor<int, 1, hipsycl::sycl::access_mode::read_write, hipsycl::sycl::target::device, hipsycl::sycl::accessor_variant::unranged>>>>' requested here
  229 |     invoke_helpers::invoke_finalize_with_reducers(group_reducer, wi_index, wi_reducers, descs...);
      |                     ^
C:\Program Files (x86)\Microsoft Visual Studio\2022\BuildTools\VC\Tools\MSVC\14.41.34120\include\type_traits:1714:16: note: (skipping 12 contexts in backtrace; use -ftemplate-backtrace-limit=0 to see all)
 1714 |         return static_cast<_Callable&&>(_Obj)(static_cast<_Ty1&&>(_Arg1), static_cast<_Types2&&>(_Args2)...);
      |                ^
C:/OpenFOAM/SPUMA/src/OpenFOAM/lnInclude\syclExecutor.cpp:100:15: note: in instantiation of function template specialization 'hipsycl::sycl::handler::parallel_for<__acpp_unnamed_kernel, hipsycl::algorithms::reduction::reduction_descriptor<hipsycl::algorithms::reduction::reduction_binary_operator<int, hipsycl::sycl::plus<int>>, hipsycl::sycl::accessor<int, 1, hipsycl::sycl::access_mode::read_write, hipsycl::sycl::target::device, hipsycl::sycl::accessor_variant::unranged>>, (lambda at C:\OpenFOAM\SPUMA\src\OpenFOAM\lnInclude\syclExecutor.cpp:101:17)>' requested here
  100 |             h.parallel_for(sycl::range<1>(size), sumReduction,
      |               ^
C:/OpenFOAM/SPUMA/src/OpenFOAM/lnInclude\executor.H:85:34: note: in instantiation of function template specialization 'Foam::syclExecutor::_backendReductionSum<(lambda at C:\OpenFOAM\SPUMA\src\OpenFOAM\lnInclude\FieldFunctions.C:534:26), int>' requested here
   85 |         (static_cast<T*>(this))->_backendReductionSum(lambda, result, size);
      |                                  ^
C:/OpenFOAM/SPUMA/src/OpenFOAM/lnInclude\FieldFunctions.C:536:18: note: in instantiation of function template specialization 'Foam::executor<Foam::syclExecutor>::reductionSum<(lambda at C:\OpenFOAM\SPUMA\src\OpenFOAM\lnInclude\FieldFunctions.C:534:26), int>' requested here
  536 |             exec.reductionSum(sumOp, &result, size);
      |                  ^
C:/OpenFOAM/SPUMA/src/OpenFOAM/lnInclude\FieldFunctions.C:547:26: note: in instantiation of function template specialization 'Foam::sum<int>' requested here
  547 | TMP_UNARY_FUNCTION(Type, sum)
      |                          ^
C:/OpenFOAM/SPUMA/src/OpenFOAM/lnInclude\FieldFunctions.C:463:22: note: expanded from macro 'TMP_UNARY_FUNCTION'
  463 |     ReturnType res = Func(tf1());                                              \
      |                      ^
C:/OpenFOAM/SPUMA/src/OpenFOAM/lnInclude\globalIndexAndTransformI.H:462:30: note: in instantiation of function template specialization 'Foam::sum<int>' requested here
  462 |     label nUsedTrans = round(sum(mag(permutation)));
      |                              ^
C:/dev/llvm-acpp-msvc-21/bin/../include/AdaptiveCpp\sycl\../hipSYCL/sycl\libkernel\multi_ptr.hpp:668:9: note: 'multi_ptr<int, hipsycl::sycl::access::address_space::global_space, hipsycl::sycl::access::decorated::legacy>' has been explicitly marked deprecated here
  668 | class [[deprecated]] multi_ptr<ElementType, Space, access::decorated::legacy> {
      |         ^
In file included from fvMesh/extendedStencil/cellToFace/MeshObjects/centredFECCellToFaceStencilObject.C:28:
In file included from fvMesh/extendedStencil/cellToFace/MeshObjects\centredFECCellToFaceStencilObject.H:39:
In file included from lnInclude\extendedCentredCellToFaceStencil.H:39:
In file included from lnInclude\extendedCellToFaceStencil.H:53:
In file included from C:/OpenFOAM/SPUMA/src/OpenFOAM/lnInclude\mapDistribute.H:139:
In file included from C:/OpenFOAM/SPUMA/src/OpenFOAM/lnInclude\mapDistributeBase.H:77:
In file included from C:/OpenFOAM/SPUMA/src/OpenFOAM/lnInclude\boolList.H:32:
In file included from C:/OpenFOAM/SPUMA/src/OpenFOAM/lnInclude\List.H:47:
In file included from C:/OpenFOAM/SPUMA/src/OpenFOAM/lnInclude\autoPtr.H:348:
In file included from C:/OpenFOAM/SPUMA/src/OpenFOAM/lnInclude\autoPtrI.H:29:
In file included from C:/OpenFOAM/SPUMA/src/OpenFOAM/lnInclude\error.H:60:
In file included from C:/OpenFOAM/SPUMA/src/OpenFOAM/lnInclude\messageStream.H:57:
In file included from C:/OpenFOAM/SPUMA/src/OpenFOAM/lnInclude\label.H:42:
In file included from C:/OpenFOAM/SPUMA/src/OpenFOAM/lnInclude\int.H:41:
In file included from C:/OpenFOAM/SPUMA/src/OpenFOAM/lnInclude\deviceM.H:58:
In file included from C:/dev/llvm-acpp-msvc-21/bin/../include/AdaptiveCpp\sycl/sycl.hpp:14:
In file included from C:/dev/llvm-acpp-msvc-21/bin/../include/AdaptiveCpp\sycl\../hipSYCL/sycl/sycl.hpp:62:
In file included from C:/dev/llvm-acpp-msvc-21/bin/../include/AdaptiveCpp\sycl\../hipSYCL/sycl\libkernel/reduction.hpp:20:
C:/dev/llvm-acpp-msvc-21/bin/../include/AdaptiveCpp\hipSYCL/algorithms/reduction/reduction_descriptor.hpp:127:14: warning: 'multi_ptr<const int, hipsycl::sycl::access::address_space::global_space, hipsycl::sycl::access::decorated::legacy>' is deprecated [-Wdeprecated-declarations]
  127 |       return _output.get_pointer();
      |              ^
C:/dev/llvm-acpp-msvc-21/bin/../include/AdaptiveCpp\sycl\../hipSYCL/sycl\libkernel\multi_ptr.hpp:668:9: note: 'multi_ptr<const int, hipsycl::sycl::access::address_space::global_space, hipsycl::sycl::access::decorated::legacy>' has been explicitly marked deprecated here
  668 | class [[deprecated]] multi_ptr<ElementType, Space, access::decorated::legacy> {
      |         ^
C:/dev/llvm-acpp-msvc-21/bin/../include/AdaptiveCpp\sycl\../hipSYCL/sycl\libkernel\multi_ptr.hpp:1001:1: warning: 'multi_ptr<int, hipsycl::sycl::access::address_space::global_space, hipsycl::sycl::access::decorated::legacy>' is deprecated [-Wdeprecated-declarations]
 1001 | using global_ptr = multi_ptr<ElementType, access::address_space::global_space, IsDecorated>;
      | ^
C:/dev/llvm-acpp-msvc-21/bin/../include/AdaptiveCpp\sycl\../hipSYCL/sycl\libkernel/accessor.hpp:1274:12: note: in instantiation of template type alias 'global_ptr' requested here
 1274 |     return global_ptr<dataT>{const_cast<dataT*>(this->_ptr.get())};
      |            ^
C:/dev/llvm-acpp-msvc-21/bin/../include/AdaptiveCpp\hipSYCL/algorithms/reduction/reduction_descriptor.hpp:127:22: note: in instantiation of function template specialization 'hipsycl::sycl::accessor<int, 1, hipsycl::sycl::access_mode::read_write, hipsycl::sycl::target::device, hipsycl::sycl::accessor_variant::unranged>::get_pointer<hipsycl::sycl::target::device, void>' requested here
  127 |       return _output.get_pointer();
      |                      ^
C:/dev/llvm-acpp-msvc-21/bin/../include/AdaptiveCpp\hipSYCL/algorithms/reduction/reduction_descriptor.hpp:34:29: note: in instantiation of member function 'hipsycl::algorithms::reduction::reduction_descriptor<hipsycl::algorithms::reduction::reduction_binary_operator<int, hipsycl::sycl::plus<int>>, hipsycl::sycl::accessor<int, 1, hipsycl::sycl::access_mode::read_write, hipsycl::sycl::target::device, hipsycl::sycl::accessor_variant::unranged>>::get_final_output_destination' requested here
   34 |   value_type *output = desc.get_final_output_destination();
      |                             ^
C:/dev/llvm-acpp-msvc-21/bin/../include/AdaptiveCpp\hipSYCL/algorithms/reduction\wg_model/group_horizontal_reducer.hpp:67:28: note: in instantiation of function template specialization 'hipsycl::algorithms::reduction::detail::set_reduction_result<hipsycl::algorithms::reduction::wg_model::configured_reduction_descriptor<hipsycl::algorithms::reduction::reduction_descriptor<hipsycl::algorithms::reduction::reduction_binary_operator<int, hipsycl::sycl::plus<int>>, hipsycl::sycl::accessor<int, 1, hipsycl::sycl::access_mode::read_write, hipsycl::sycl::target::device, hipsycl::sycl::accessor_variant::unranged>>>>' requested here
   67 |         reduction::detail::set_reduction_result(descriptor, group_result,
      |                            ^
C:/dev/llvm-acpp-msvc-21/bin/../include/AdaptiveCpp\hipSYCL/algorithms/reduction/reduction_engine.hpp:84:18: note: in instantiation of function template specialization 'hipsycl::algorithms::reduction::wg_model::group_horizontal_reducer<hipsycl::algorithms::reduction::wg_model::group_reductions::generic_local_memory<hipsycl::algorithms::reduction::reduction_descriptor<hipsycl::algorithms::reduction::reduction_binary_operator<int, hipsycl::sycl::plus<int>>, hipsycl::sycl::accessor<int, 1, hipsycl::sycl::access_mode::read_write, hipsycl::sycl::target::device, hipsycl::sycl::accessor_variant::unranged>>>>::finalize<hipsycl::sycl::nd_item<>, hipsycl::algorithms::reduction::wg_model::configured_reduction_descriptor<hipsycl::algorithms::reduction::reduction_descriptor<hipsycl::algorithms::reduction::reduction_binary_operator<int, hipsycl::sycl::plus<int>>, hipsycl::sycl::accessor<int, 1, hipsycl::sycl::access_mode::read_write, hipsycl::sycl::target::device, hipsycl::sycl::accessor_variant::unranged>>>, hipsycl::algorithms::reduction::wg_model::sequential_reducer<hipsycl::algorithms::reduction::reduction_binary_operator<int, hipsycl::sycl::plus<int>>>>' requested here
   84 |   (group_reducer.finalize(wi_index, descs, std::get<Is>(reducers_tuple)), ...);
      |                  ^
C:/dev/llvm-acpp-msvc-21/bin/../include/AdaptiveCpp\hipSYCL/algorithms/reduction/reduction_engine.hpp:92:3: note: (skipping 14 contexts in backtrace; use -ftemplate-backtrace-limit=0 to see all)
   92 |   invoke_finalize_with_reducers_impl(
      |   ^
C:/OpenFOAM/SPUMA/src/OpenFOAM/lnInclude\syclExecutor.cpp:100:15: note: in instantiation of function template specialization 'hipsycl::sycl::handler::parallel_for<__acpp_unnamed_kernel, hipsycl::algorithms::reduction::reduction_descriptor<hipsycl::algorithms::reduction::reduction_binary_operator<int, hipsycl::sycl::plus<int>>, hipsycl::sycl::accessor<int, 1, hipsycl::sycl::access_mode::read_write, hipsycl::sycl::target::device, hipsycl::sycl::accessor_variant::unranged>>, (lambda at C:\OpenFOAM\SPUMA\src\OpenFOAM\lnInclude\syclExecutor.cpp:101:17)>' requested here
  100 |             h.parallel_for(sycl::range<1>(size), sumReduction,
      |               ^
C:/OpenFOAM/SPUMA/src/OpenFOAM/lnInclude\executor.H:85:34: note: in instantiation of function template specialization 'Foam::syclExecutor::_backendReductionSum<(lambda at C:\OpenFOAM\SPUMA\src\OpenFOAM\lnInclude\FieldFunctions.C:534:26), int>' requested here
   85 |         (static_cast<T*>(this))->_backendReductionSum(lambda, result, size);
      |                                  ^
C:/OpenFOAM/SPUMA/src/OpenFOAM/lnInclude\FieldFunctions.C:536:18: note: in instantiation of function template specialization 'Foam::executor<Foam::syclExecutor>::reductionSum<(lambda at C:\OpenFOAM\SPUMA\src\OpenFOAM\lnInclude\FieldFunctions.C:534:26), int>' requested here
  536 |             exec.reductionSum(sumOp, &result, size);
      |                  ^
C:/OpenFOAM/SPUMA/src/OpenFOAM/lnInclude\FieldFunctions.C:547:26: note: in instantiation of function template specialization 'Foam::sum<int>' requested here
  547 | TMP_UNARY_FUNCTION(Type, sum)
      |                          ^
C:/OpenFOAM/SPUMA/src/OpenFOAM/lnInclude\FieldFunctions.C:463:22: note: expanded from macro 'TMP_UNARY_FUNCTION'
  463 |     ReturnType res = Func(tf1());                                              \
      |                      ^
C:/OpenFOAM/SPUMA/src/OpenFOAM/lnInclude\globalIndexAndTransformI.H:462:30: note: in instantiation of function template specialization 'Foam::sum<int>' requested here
  462 |     label nUsedTrans = round(sum(mag(permutation)));
      |                              ^
C:/dev/llvm-acpp-msvc-21/bin/../include/AdaptiveCpp\sycl\../hipSYCL/sycl\libkernel\multi_ptr.hpp:668:9: note: 'multi_ptr<int, hipsycl::sycl::access::address_space::global_space, hipsycl::sycl::access::decorated::legacy>' has been explicitly marked deprecated here
  668 | class [[deprecated]] multi_ptr<ElementType, Space, access::decorated::legacy> {
      |         ^
In file included from fvMesh/extendedStencil/cellToFace/MeshObjects/centredFECCellToFaceStencilObject.C:28:
In file included from fvMesh/extendedStencil/cellToFace/MeshObjects\centredFECCellToFaceStencilObject.H:39:
In file included from lnInclude\extendedCentredCellToFaceStencil.H:39:
In file included from lnInclude\extendedCellToFaceStencil.H:53:
In file included from C:/OpenFOAM/SPUMA/src/OpenFOAM/lnInclude\mapDistribute.H:772:
In file included from C:/OpenFOAM/SPUMA/src/OpenFOAM/lnInclude\mapDistributeTemplates.C:32:
In file included from C:/OpenFOAM/SPUMA/src/OpenFOAM/lnInclude\transformField.H:43:
In file included from C:/OpenFOAM/SPUMA/src/OpenFOAM/lnInclude\septernion.H:49:
In file included from C:/OpenFOAM/SPUMA/src/OpenFOAM/lnInclude\spatialTransform.H:201:
C:/OpenFOAM/SPUMA/src/OpenFOAM/lnInclude\spatialTransformI.H:42:16: warning: instantiation of variable 'Foam::Tensor<double>::I' required here, but no definition is available [-Wundefined-var-template]
   42 |     E_(tensor::I),
      |                ^
C:/OpenFOAM/SPUMA/src/OpenFOAM/lnInclude\Tensor.H:83:29: note: forward declaration of template entity is here
   83 |         static const Tensor I;
      |                             ^
C:/OpenFOAM/SPUMA/src/OpenFOAM/lnInclude\spatialTransformI.H:42:16: note: add an explicit instantiation declaration to suppress this warning if 'Foam::Tensor<double>::I' is explicitly instantiated in another translation unit
   42 |     E_(tensor::I),
      |                ^
6 warnings generated.
  OK: 319979 bytes
Compiling fvMesh/extendedStencil/cellToFace/MeshObjects/pureUpwindCFCCellToFaceStencilObject.C with omp ...
In file included from fvMesh/extendedStencil/cellToFace/MeshObjects/pureUpwindCFCCellToFaceStencilObject.C:28:
In file included from fvMesh/extendedStencil/cellToFace/MeshObjects\pureUpwindCFCCellToFaceStencilObject.H:39:
In file included from lnInclude\extendedUpwindCellToFaceStencil.H:49:
In file included from lnInclude\extendedCellToFaceStencil.H:53:
In file included from C:/OpenFOAM/SPUMA/src/OpenFOAM/lnInclude\mapDistribute.H:139:
In file included from C:/OpenFOAM/SPUMA/src/OpenFOAM/lnInclude\mapDistributeBase.H:77:
In file included from C:/OpenFOAM/SPUMA/src/OpenFOAM/lnInclude\boolList.H:32:
In file included from C:/OpenFOAM/SPUMA/src/OpenFOAM/lnInclude\List.H:47:
In file included from C:/OpenFOAM/SPUMA/src/OpenFOAM/lnInclude\autoPtr.H:348:
In file included from C:/OpenFOAM/SPUMA/src/OpenFOAM/lnInclude\autoPtrI.H:29:
In file included from C:/OpenFOAM/SPUMA/src/OpenFOAM/lnInclude\error.H:60:
In file included from C:/OpenFOAM/SPUMA/src/OpenFOAM/lnInclude\messageStream.H:57:
In file included from C:/OpenFOAM/SPUMA/src/OpenFOAM/lnInclude\label.H:42:
In file included from C:/OpenFOAM/SPUMA/src/OpenFOAM/lnInclude\int.H:45:
C:/OpenFOAM/SPUMA/src/OpenFOAM/lnInclude\int64.H:77:12: warning: absolute value function 'labs' given an argument of type 'const int64_t' (aka 'const long long') but has parameter of type 'long' which may cause truncation of value [-Wabsolute-value]
   77 |     return ::labs(val);
      |            ^
C:/OpenFOAM/SPUMA/src/OpenFOAM/lnInclude\int64.H:77:12: note: use function 'std::abs' instead
   77 |     return ::labs(val);
      |            ^~~~~~
      |            std::abs
In file included from fvMesh/extendedStencil/cellToFace/MeshObjects/pureUpwindCFCCellToFaceStencilObject.C:28:
In file included from fvMesh/extendedStencil/cellToFace/MeshObjects\pureUpwindCFCCellToFaceStencilObject.H:39:
In file included from lnInclude\extendedUpwindCellToFaceStencil.H:49:
In file included from lnInclude\extendedCellToFaceStencil.H:53:
In file included from C:/OpenFOAM/SPUMA/src/OpenFOAM/lnInclude\mapDistribute.H:141:
In file included from C:/OpenFOAM/SPUMA/src/OpenFOAM/lnInclude\vectorTensorTransform.H:262:
C:/OpenFOAM/SPUMA/src/OpenFOAM/lnInclude\vectorTensorTransformI.H:33:25: warning: instantiation of variable 'Foam::SphericalTensor<double>::I' required here, but no definition is available [-Wundefined-var-template]
   33 |     R_(sphericalTensor::I),
      |                         ^
C:/OpenFOAM/SPUMA/src/OpenFOAM/lnInclude\SphericalTensor.H:79:38: note: forward declaration of template entity is here
   79 |         static const SphericalTensor I;
      |                                      ^
C:/OpenFOAM/SPUMA/src/OpenFOAM/lnInclude\vectorTensorTransformI.H:33:25: note: add an explicit instantiation declaration to suppress this warning if 'Foam::SphericalTensor<double>::I' is explicitly instantiated in another translation unit
   33 |     R_(sphericalTensor::I),
      |                         ^
In file included from fvMesh/extendedStencil/cellToFace/MeshObjects/pureUpwindCFCCellToFaceStencilObject.C:28:
In file included from fvMesh/extendedStencil/cellToFace/MeshObjects\pureUpwindCFCCellToFaceStencilObject.H:39:
In file included from lnInclude\extendedUpwindCellToFaceStencil.H:49:
In file included from lnInclude\extendedCellToFaceStencil.H:53:
In file included from C:/OpenFOAM/SPUMA/src/OpenFOAM/lnInclude\mapDistribute.H:139:
In file included from C:/OpenFOAM/SPUMA/src/OpenFOAM/lnInclude\mapDistributeBase.H:77:
In file included from C:/OpenFOAM/SPUMA/src/OpenFOAM/lnInclude\boolList.H:32:
In file included from C:/OpenFOAM/SPUMA/src/OpenFOAM/lnInclude\List.H:47:
In file included from C:/OpenFOAM/SPUMA/src/OpenFOAM/lnInclude\autoPtr.H:348:
In file included from C:/OpenFOAM/SPUMA/src/OpenFOAM/lnInclude\autoPtrI.H:29:
In file included from C:/OpenFOAM/SPUMA/src/OpenFOAM/lnInclude\error.H:60:
In file included from C:/OpenFOAM/SPUMA/src/OpenFOAM/lnInclude\messageStream.H:57:
In file included from C:/OpenFOAM/SPUMA/src/OpenFOAM/lnInclude\label.H:42:
In file included from C:/OpenFOAM/SPUMA/src/OpenFOAM/lnInclude\int.H:41:
In file included from C:/OpenFOAM/SPUMA/src/OpenFOAM/lnInclude\deviceM.H:58:
In file included from C:/dev/llvm-acpp-msvc-21/bin/../include/AdaptiveCpp\sycl/sycl.hpp:14:
In file included from C:/dev/llvm-acpp-msvc-21/bin/../include/AdaptiveCpp\sycl\../hipSYCL/sycl/sycl.hpp:62:
In file included from C:/dev/llvm-acpp-msvc-21/bin/../include/AdaptiveCpp\sycl\../hipSYCL/sycl\libkernel/reduction.hpp:20:
C:/dev/llvm-acpp-msvc-21/bin/../include/AdaptiveCpp\hipSYCL/algorithms/reduction/reduction_descriptor.hpp:127:22: warning: 'multi_ptr<int, hipsycl::sycl::access::address_space::global_space, hipsycl::sycl::access::decorated::legacy>' is deprecated [-Wdeprecated-declarations]
  127 |       return _output.get_pointer();
      |                      ^
C:/dev/llvm-acpp-msvc-21/bin/../include/AdaptiveCpp\hipSYCL/algorithms/reduction/reduction_descriptor.hpp:34:29: note: in instantiation of member function 'hipsycl::algorithms::reduction::reduction_descriptor<hipsycl::algorithms::reduction::reduction_binary_operator<int, hipsycl::sycl::plus<int>>, hipsycl::sycl::accessor<int, 1, hipsycl::sycl::access_mode::read_write, hipsycl::sycl::target::device, hipsycl::sycl::accessor_variant::unranged>>::get_final_output_destination' requested here
   34 |   value_type *output = desc.get_final_output_destination();
      |                             ^
C:/dev/llvm-acpp-msvc-21/bin/../include/AdaptiveCpp\hipSYCL/algorithms/reduction\wg_model/group_horizontal_reducer.hpp:67:28: note: in instantiation of function template specialization 'hipsycl::algorithms::reduction::detail::set_reduction_result<hipsycl::algorithms::reduction::wg_model::configured_reduction_descriptor<hipsycl::algorithms::reduction::reduction_descriptor<hipsycl::algorithms::reduction::reduction_binary_operator<int, hipsycl::sycl::plus<int>>, hipsycl::sycl::accessor<int, 1, hipsycl::sycl::access_mode::read_write, hipsycl::sycl::target::device, hipsycl::sycl::accessor_variant::unranged>>>>' requested here
   67 |         reduction::detail::set_reduction_result(descriptor, group_result,
      |                            ^
C:/dev/llvm-acpp-msvc-21/bin/../include/AdaptiveCpp\hipSYCL/algorithms/reduction/reduction_engine.hpp:84:18: note: in instantiation of function template specialization 'hipsycl::algorithms::reduction::wg_model::group_horizontal_reducer<hipsycl::algorithms::reduction::wg_model::group_reductions::generic_local_memory<hipsycl::algorithms::reduction::reduction_descriptor<hipsycl::algorithms::reduction::reduction_binary_operator<int, hipsycl::sycl::plus<int>>, hipsycl::sycl::accessor<int, 1, hipsycl::sycl::access_mode::read_write, hipsycl::sycl::target::device, hipsycl::sycl::accessor_variant::unranged>>>>::finalize<hipsycl::sycl::nd_item<>, hipsycl::algorithms::reduction::wg_model::configured_reduction_descriptor<hipsycl::algorithms::reduction::reduction_descriptor<hipsycl::algorithms::reduction::reduction_binary_operator<int, hipsycl::sycl::plus<int>>, hipsycl::sycl::accessor<int, 1, hipsycl::sycl::access_mode::read_write, hipsycl::sycl::target::device, hipsycl::sycl::accessor_variant::unranged>>>, hipsycl::algorithms::reduction::wg_model::sequential_reducer<hipsycl::algorithms::reduction::reduction_binary_operator<int, hipsycl::sycl::plus<int>>>>' requested here
   84 |   (group_reducer.finalize(wi_index, descs, std::get<Is>(reducers_tuple)), ...);
      |                  ^
C:/dev/llvm-acpp-msvc-21/bin/../include/AdaptiveCpp\hipSYCL/algorithms/reduction/reduction_engine.hpp:92:3: note: in instantiation of function template specialization 'hipsycl::algorithms::reduction::invoke_helpers::invoke_finalize_with_reducers_impl<hipsycl::algorithms::reduction::wg_model::group_horizontal_reducer<hipsycl::algorithms::reduction::wg_model::group_reductions::generic_local_memory<hipsycl::algorithms::reduction::reduction_descriptor<hipsycl::algorithms::reduction::reduction_binary_operator<int, hipsycl::sycl::plus<int>>, hipsycl::sycl::accessor<int, 1, hipsycl::sycl::access_mode::read_write, hipsycl::sycl::target::device, hipsycl::sycl::accessor_variant::unranged>>>>, hipsycl::sycl::nd_item<>, std::tuple<hipsycl::algorithms::reduction::wg_model::sequential_reducer<hipsycl::algorithms::reduction::reduction_binary_operator<int, hipsycl::sycl::plus<int>>>>, 0ULL, hipsycl::algorithms::reduction::wg_model::configured_reduction_descriptor<hipsycl::algorithms::reduction::reduction_descriptor<hipsycl::algorithms::reduction::reduction_binary_operator<int, hipsycl::sycl::plus<int>>, hipsycl::sycl::accessor<int, 1, hipsycl::sycl::access_mode::read_write, hipsycl::sycl::target::device, hipsycl::sycl::accessor_variant::unranged>>>>' requested here
   92 |   invoke_finalize_with_reducers_impl(
      |   ^
C:/dev/llvm-acpp-msvc-21/bin/../include/AdaptiveCpp\hipSYCL/algorithms/reduction/reduction_engine.hpp:229:21: note: in instantiation of function template specialization 'hipsycl::algorithms::reduction::invoke_helpers::invoke_finalize_with_reducers<hipsycl::algorithms::reduction::wg_model::group_horizontal_reducer<hipsycl::algorithms::reduction::wg_model::group_reductions::generic_local_memory<hipsycl::algorithms::reduction::reduction_descriptor<hipsycl::algorithms::reduction::reduction_binary_operator<int, hipsycl::sycl::plus<int>>, hipsycl::sycl::accessor<int, 1, hipsycl::sycl::access_mode::read_write, hipsycl::sycl::target::device, hipsycl::sycl::accessor_variant::unranged>>>>, hipsycl::sycl::nd_item<>, hipsycl::algorithms::reduction::wg_model::sequential_reducer<hipsycl::algorithms::reduction::reduction_binary_operator<int, hipsycl::sycl::plus<int>>>, hipsycl::algorithms::reduction::wg_model::configured_reduction_descriptor<hipsycl::algorithms::reduction::reduction_descriptor<hipsycl::algorithms::reduction::reduction_binary_operator<int, hipsycl::sycl::plus<int>>, hipsycl::sycl::accessor<int, 1, hipsycl::sycl::access_mode::read_write, hipsycl::sycl::target::device, hipsycl::sycl::accessor_variant::unranged>>>>' requested here
  229 |     invoke_helpers::invoke_finalize_with_reducers(group_reducer, wi_index, wi_reducers, descs...);
      |                     ^
C:\Program Files (x86)\Microsoft Visual Studio\2022\BuildTools\VC\Tools\MSVC\14.41.34120\include\type_traits:1714:16: note: (skipping 12 contexts in backtrace; use -ftemplate-backtrace-limit=0 to see all)
 1714 |         return static_cast<_Callable&&>(_Obj)(static_cast<_Ty1&&>(_Arg1), static_cast<_Types2&&>(_Args2)...);
      |                ^
C:/OpenFOAM/SPUMA/src/OpenFOAM/lnInclude\syclExecutor.cpp:100:15: note: in instantiation of function template specialization 'hipsycl::sycl::handler::parallel_for<__acpp_unnamed_kernel, hipsycl::algorithms::reduction::reduction_descriptor<hipsycl::algorithms::reduction::reduction_binary_operator<int, hipsycl::sycl::plus<int>>, hipsycl::sycl::accessor<int, 1, hipsycl::sycl::access_mode::read_write, hipsycl::sycl::target::device, hipsycl::sycl::accessor_variant::unranged>>, (lambda at C:\OpenFOAM\SPUMA\src\OpenFOAM\lnInclude\syclExecutor.cpp:101:17)>' requested here
  100 |             h.parallel_for(sycl::range<1>(size), sumReduction,
      |               ^
C:/OpenFOAM/SPUMA/src/OpenFOAM/lnInclude\executor.H:85:34: note: in instantiation of function template specialization 'Foam::syclExecutor::_backendReductionSum<(lambda at C:\OpenFOAM\SPUMA\src\OpenFOAM\lnInclude\FieldFunctions.C:534:26), int>' requested here
   85 |         (static_cast<T*>(this))->_backendReductionSum(lambda, result, size);
      |                                  ^
C:/OpenFOAM/SPUMA/src/OpenFOAM/lnInclude\FieldFunctions.C:536:18: note: in instantiation of function template specialization 'Foam::executor<Foam::syclExecutor>::reductionSum<(lambda at C:\OpenFOAM\SPUMA\src\OpenFOAM\lnInclude\FieldFunctions.C:534:26), int>' requested here
  536 |             exec.reductionSum(sumOp, &result, size);
      |                  ^
C:/OpenFOAM/SPUMA/src/OpenFOAM/lnInclude\FieldFunctions.C:547:26: note: in instantiation of function template specialization 'Foam::sum<int>' requested here
  547 | TMP_UNARY_FUNCTION(Type, sum)
      |                          ^
C:/OpenFOAM/SPUMA/src/OpenFOAM/lnInclude\FieldFunctions.C:463:22: note: expanded from macro 'TMP_UNARY_FUNCTION'
  463 |     ReturnType res = Func(tf1());                                              \
      |                      ^
C:/OpenFOAM/SPUMA/src/OpenFOAM/lnInclude\globalIndexAndTransformI.H:462:30: note: in instantiation of function template specialization 'Foam::sum<int>' requested here
  462 |     label nUsedTrans = round(sum(mag(permutation)));
      |                              ^
C:/dev/llvm-acpp-msvc-21/bin/../include/AdaptiveCpp\sycl\../hipSYCL/sycl\libkernel\multi_ptr.hpp:668:9: note: 'multi_ptr<int, hipsycl::sycl::access::address_space::global_space, hipsycl::sycl::access::decorated::legacy>' has been explicitly marked deprecated here
  668 | class [[deprecated]] multi_ptr<ElementType, Space, access::decorated::legacy> {
      |         ^
In file included from fvMesh/extendedStencil/cellToFace/MeshObjects/pureUpwindCFCCellToFaceStencilObject.C:28:
In file included from fvMesh/extendedStencil/cellToFace/MeshObjects\pureUpwindCFCCellToFaceStencilObject.H:39:
In file included from lnInclude\extendedUpwindCellToFaceStencil.H:49:
In file included from lnInclude\extendedCellToFaceStencil.H:53:
In file included from C:/OpenFOAM/SPUMA/src/OpenFOAM/lnInclude\mapDistribute.H:139:
In file included from C:/OpenFOAM/SPUMA/src/OpenFOAM/lnInclude\mapDistributeBase.H:77:
In file included from C:/OpenFOAM/SPUMA/src/OpenFOAM/lnInclude\boolList.H:32:
In file included from C:/OpenFOAM/SPUMA/src/OpenFOAM/lnInclude\List.H:47:
In file included from C:/OpenFOAM/SPUMA/src/OpenFOAM/lnInclude\autoPtr.H:348:
In file included from C:/OpenFOAM/SPUMA/src/OpenFOAM/lnInclude\autoPtrI.H:29:
In file included from C:/OpenFOAM/SPUMA/src/OpenFOAM/lnInclude\error.H:60:
In file included from C:/OpenFOAM/SPUMA/src/OpenFOAM/lnInclude\messageStream.H:57:
In file included from C:/OpenFOAM/SPUMA/src/OpenFOAM/lnInclude\label.H:42:
In file included from C:/OpenFOAM/SPUMA/src/OpenFOAM/lnInclude\int.H:41:
In file included from C:/OpenFOAM/SPUMA/src/OpenFOAM/lnInclude\deviceM.H:58:
In file included from C:/dev/llvm-acpp-msvc-21/bin/../include/AdaptiveCpp\sycl/sycl.hpp:14:
In file included from C:/dev/llvm-acpp-msvc-21/bin/../include/AdaptiveCpp\sycl\../hipSYCL/sycl/sycl.hpp:62:
In file included from C:/dev/llvm-acpp-msvc-21/bin/../include/AdaptiveCpp\sycl\../hipSYCL/sycl\libkernel/reduction.hpp:20:
C:/dev/llvm-acpp-msvc-21/bin/../include/AdaptiveCpp\hipSYCL/algorithms/reduction/reduction_descriptor.hpp:127:14: warning: 'multi_ptr<const int, hipsycl::sycl::access::address_space::global_space, hipsycl::sycl::access::decorated::legacy>' is deprecated [-Wdeprecated-declarations]
  127 |       return _output.get_pointer();
      |              ^
C:/dev/llvm-acpp-msvc-21/bin/../include/AdaptiveCpp\sycl\../hipSYCL/sycl\libkernel\multi_ptr.hpp:668:9: note: 'multi_ptr<const int, hipsycl::sycl::access::address_space::global_space, hipsycl::sycl::access::decorated::legacy>' has been explicitly marked deprecated here
  668 | class [[deprecated]] multi_ptr<ElementType, Space, access::decorated::legacy> {
      |         ^
C:/dev/llvm-acpp-msvc-21/bin/../include/AdaptiveCpp\sycl\../hipSYCL/sycl\libkernel\multi_ptr.hpp:1001:1: warning: 'multi_ptr<int, hipsycl::sycl::access::address_space::global_space, hipsycl::sycl::access::decorated::legacy>' is deprecated [-Wdeprecated-declarations]
 1001 | using global_ptr = multi_ptr<ElementType, access::address_space::global_space, IsDecorated>;
      | ^
C:/dev/llvm-acpp-msvc-21/bin/../include/AdaptiveCpp\sycl\../hipSYCL/sycl\libkernel/accessor.hpp:1274:12: note: in instantiation of template type alias 'global_ptr' requested here
 1274 |     return global_ptr<dataT>{const_cast<dataT*>(this->_ptr.get())};
      |            ^
C:/dev/llvm-acpp-msvc-21/bin/../include/AdaptiveCpp\hipSYCL/algorithms/reduction/reduction_descriptor.hpp:127:22: note: in instantiation of function template specialization 'hipsycl::sycl::accessor<int, 1, hipsycl::sycl::access_mode::read_write, hipsycl::sycl::target::device, hipsycl::sycl::accessor_variant::unranged>::get_pointer<hipsycl::sycl::target::device, void>' requested here
  127 |       return _output.get_pointer();
      |                      ^
C:/dev/llvm-acpp-msvc-21/bin/../include/AdaptiveCpp\hipSYCL/algorithms/reduction/reduction_descriptor.hpp:34:29: note: in instantiation of member function 'hipsycl::algorithms::reduction::reduction_descriptor<hipsycl::algorithms::reduction::reduction_binary_operator<int, hipsycl::sycl::plus<int>>, hipsycl::sycl::accessor<int, 1, hipsycl::sycl::access_mode::read_write, hipsycl::sycl::target::device, hipsycl::sycl::accessor_variant::unranged>>::get_final_output_destination' requested here
   34 |   value_type *output = desc.get_final_output_destination();
      |                             ^
C:/dev/llvm-acpp-msvc-21/bin/../include/AdaptiveCpp\hipSYCL/algorithms/reduction\wg_model/group_horizontal_reducer.hpp:67:28: note: in instantiation of function template specialization 'hipsycl::algorithms::reduction::detail::set_reduction_result<hipsycl::algorithms::reduction::wg_model::configured_reduction_descriptor<hipsycl::algorithms::reduction::reduction_descriptor<hipsycl::algorithms::reduction::reduction_binary_operator<int, hipsycl::sycl::plus<int>>, hipsycl::sycl::accessor<int, 1, hipsycl::sycl::access_mode::read_write, hipsycl::sycl::target::device, hipsycl::sycl::accessor_variant::unranged>>>>' requested here
   67 |         reduction::detail::set_reduction_result(descriptor, group_result,
      |                            ^
C:/dev/llvm-acpp-msvc-21/bin/../include/AdaptiveCpp\hipSYCL/algorithms/reduction/reduction_engine.hpp:84:18: note: in instantiation of function template specialization 'hipsycl::algorithms::reduction::wg_model::group_horizontal_reducer<hipsycl::algorithms::reduction::wg_model::group_reductions::generic_local_memory<hipsycl::algorithms::reduction::reduction_descriptor<hipsycl::algorithms::reduction::reduction_binary_operator<int, hipsycl::sycl::plus<int>>, hipsycl::sycl::accessor<int, 1, hipsycl::sycl::access_mode::read_write, hipsycl::sycl::target::device, hipsycl::sycl::accessor_variant::unranged>>>>::finalize<hipsycl::sycl::nd_item<>, hipsycl::algorithms::reduction::wg_model::configured_reduction_descriptor<hipsycl::algorithms::reduction::reduction_descriptor<hipsycl::algorithms::reduction::reduction_binary_operator<int, hipsycl::sycl::plus<int>>, hipsycl::sycl::accessor<int, 1, hipsycl::sycl::access_mode::read_write, hipsycl::sycl::target::device, hipsycl::sycl::accessor_variant::unranged>>>, hipsycl::algorithms::reduction::wg_model::sequential_reducer<hipsycl::algorithms::reduction::reduction_binary_operator<int, hipsycl::sycl::plus<int>>>>' requested here
   84 |   (group_reducer.finalize(wi_index, descs, std::get<Is>(reducers_tuple)), ...);
      |                  ^
C:/dev/llvm-acpp-msvc-21/bin/../include/AdaptiveCpp\hipSYCL/algorithms/reduction/reduction_engine.hpp:92:3: note: (skipping 14 contexts in backtrace; use -ftemplate-backtrace-limit=0 to see all)
   92 |   invoke_finalize_with_reducers_impl(
      |   ^
C:/OpenFOAM/SPUMA/src/OpenFOAM/lnInclude\syclExecutor.cpp:100:15: note: in instantiation of function template specialization 'hipsycl::sycl::handler::parallel_for<__acpp_unnamed_kernel, hipsycl::algorithms::reduction::reduction_descriptor<hipsycl::algorithms::reduction::reduction_binary_operator<int, hipsycl::sycl::plus<int>>, hipsycl::sycl::accessor<int, 1, hipsycl::sycl::access_mode::read_write, hipsycl::sycl::target::device, hipsycl::sycl::accessor_variant::unranged>>, (lambda at C:\OpenFOAM\SPUMA\src\OpenFOAM\lnInclude\syclExecutor.cpp:101:17)>' requested here
  100 |             h.parallel_for(sycl::range<1>(size), sumReduction,
      |               ^
C:/OpenFOAM/SPUMA/src/OpenFOAM/lnInclude\executor.H:85:34: note: in instantiation of function template specialization 'Foam::syclExecutor::_backendReductionSum<(lambda at C:\OpenFOAM\SPUMA\src\OpenFOAM\lnInclude\FieldFunctions.C:534:26), int>' requested here
   85 |         (static_cast<T*>(this))->_backendReductionSum(lambda, result, size);
      |                                  ^
C:/OpenFOAM/SPUMA/src/OpenFOAM/lnInclude\FieldFunctions.C:536:18: note: in instantiation of function template specialization 'Foam::executor<Foam::syclExecutor>::reductionSum<(lambda at C:\OpenFOAM\SPUMA\src\OpenFOAM\lnInclude\FieldFunctions.C:534:26), int>' requested here
  536 |             exec.reductionSum(sumOp, &result, size);
      |                  ^
C:/OpenFOAM/SPUMA/src/OpenFOAM/lnInclude\FieldFunctions.C:547:26: note: in instantiation of function template specialization 'Foam::sum<int>' requested here
  547 | TMP_UNARY_FUNCTION(Type, sum)
      |                          ^
C:/OpenFOAM/SPUMA/src/OpenFOAM/lnInclude\FieldFunctions.C:463:22: note: expanded from macro 'TMP_UNARY_FUNCTION'
  463 |     ReturnType res = Func(tf1());                                              \
      |                      ^
C:/OpenFOAM/SPUMA/src/OpenFOAM/lnInclude\globalIndexAndTransformI.H:462:30: note: in instantiation of function template specialization 'Foam::sum<int>' requested here
  462 |     label nUsedTrans = round(sum(mag(permutation)));
      |                              ^
C:/dev/llvm-acpp-msvc-21/bin/../include/AdaptiveCpp\sycl\../hipSYCL/sycl\libkernel\multi_ptr.hpp:668:9: note: 'multi_ptr<int, hipsycl::sycl::access::address_space::global_space, hipsycl::sycl::access::decorated::legacy>' has been explicitly marked deprecated here
  668 | class [[deprecated]] multi_ptr<ElementType, Space, access::decorated::legacy> {
      |         ^
In file included from fvMesh/extendedStencil/cellToFace/MeshObjects/pureUpwindCFCCellToFaceStencilObject.C:28:
In file included from fvMesh/extendedStencil/cellToFace/MeshObjects\pureUpwindCFCCellToFaceStencilObject.H:39:
In file included from lnInclude\extendedUpwindCellToFaceStencil.H:49:
In file included from lnInclude\extendedCellToFaceStencil.H:53:
In file included from C:/OpenFOAM/SPUMA/src/OpenFOAM/lnInclude\mapDistribute.H:772:
In file included from C:/OpenFOAM/SPUMA/src/OpenFOAM/lnInclude\mapDistributeTemplates.C:32:
In file included from C:/OpenFOAM/SPUMA/src/OpenFOAM/lnInclude\transformField.H:43:
In file included from C:/OpenFOAM/SPUMA/src/OpenFOAM/lnInclude\septernion.H:49:
In file included from C:/OpenFOAM/SPUMA/src/OpenFOAM/lnInclude\spatialTransform.H:201:
C:/OpenFOAM/SPUMA/src/OpenFOAM/lnInclude\spatialTransformI.H:42:16: warning: instantiation of variable 'Foam::Tensor<double>::I' required here, but no definition is available [-Wundefined-var-template]
   42 |     E_(tensor::I),
      |                ^
C:/OpenFOAM/SPUMA/src/OpenFOAM/lnInclude\Tensor.H:83:29: note: forward declaration of template entity is here
   83 |         static const Tensor I;
      |                             ^
C:/OpenFOAM/SPUMA/src/OpenFOAM/lnInclude\spatialTransformI.H:42:16: note: add an explicit instantiation declaration to suppress this warning if 'Foam::Tensor<double>::I' is explicitly instantiated in another translation unit
   42 |     E_(tensor::I),
      |                ^
6 warnings generated.
  OK: 320080 bytes
Compiling fvMesh/extendedStencil/cellToFace/MeshObjects/upwindCECCellToFaceStencilObject.C with omp ...
In file included from fvMesh/extendedStencil/cellToFace/MeshObjects/upwindCECCellToFaceStencilObject.C:28:
In file included from fvMesh/extendedStencil/cellToFace/MeshObjects\upwindCECCellToFaceStencilObject.H:39:
In file included from lnInclude\extendedUpwindCellToFaceStencil.H:49:
In file included from lnInclude\extendedCellToFaceStencil.H:53:
In file included from C:/OpenFOAM/SPUMA/src/OpenFOAM/lnInclude\mapDistribute.H:139:
In file included from C:/OpenFOAM/SPUMA/src/OpenFOAM/lnInclude\mapDistributeBase.H:77:
In file included from C:/OpenFOAM/SPUMA/src/OpenFOAM/lnInclude\boolList.H:32:
In file included from C:/OpenFOAM/SPUMA/src/OpenFOAM/lnInclude\List.H:47:
In file included from C:/OpenFOAM/SPUMA/src/OpenFOAM/lnInclude\autoPtr.H:348:
In file included from C:/OpenFOAM/SPUMA/src/OpenFOAM/lnInclude\autoPtrI.H:29:
In file included from C:/OpenFOAM/SPUMA/src/OpenFOAM/lnInclude\error.H:60:
In file included from C:/OpenFOAM/SPUMA/src/OpenFOAM/lnInclude\messageStream.H:57:
In file included from C:/OpenFOAM/SPUMA/src/OpenFOAM/lnInclude\label.H:42:
In file included from C:/OpenFOAM/SPUMA/src/OpenFOAM/lnInclude\int.H:45:
C:/OpenFOAM/SPUMA/src/OpenFOAM/lnInclude\int64.H:77:12: warning: absolute value function 'labs' given an argument of type 'const int64_t' (aka 'const long long') but has parameter of type 'long' which may cause truncation of value [-Wabsolute-value]
   77 |     return ::labs(val);
      |            ^
C:/OpenFOAM/SPUMA/src/OpenFOAM/lnInclude\int64.H:77:12: note: use function 'std::abs' instead
   77 |     return ::labs(val);
      |            ^~~~~~
      |            std::abs
In file included from fvMesh/extendedStencil/cellToFace/MeshObjects/upwindCECCellToFaceStencilObject.C:28:
In file included from fvMesh/extendedStencil/cellToFace/MeshObjects\upwindCECCellToFaceStencilObject.H:39:
In file included from lnInclude\extendedUpwindCellToFaceStencil.H:49:
In file included from lnInclude\extendedCellToFaceStencil.H:53:
In file included from C:/OpenFOAM/SPUMA/src/OpenFOAM/lnInclude\mapDistribute.H:141:
In file included from C:/OpenFOAM/SPUMA/src/OpenFOAM/lnInclude\vectorTensorTransform.H:262:
C:/OpenFOAM/SPUMA/src/OpenFOAM/lnInclude\vectorTensorTransformI.H:33:25: warning: instantiation of variable 'Foam::SphericalTensor<double>::I' required here, but no definition is available [-Wundefined-var-template]
   33 |     R_(sphericalTensor::I),
      |                         ^
C:/OpenFOAM/SPUMA/src/OpenFOAM/lnInclude\SphericalTensor.H:79:38: note: forward declaration of template entity is here
   79 |         static const SphericalTensor I;
      |                                      ^
C:/OpenFOAM/SPUMA/src/OpenFOAM/lnInclude\vectorTensorTransformI.H:33:25: note: add an explicit instantiation declaration to suppress this warning if 'Foam::SphericalTensor<double>::I' is explicitly instantiated in another translation unit
   33 |     R_(sphericalTensor::I),
      |                         ^
In file included from fvMesh/extendedStencil/cellToFace/MeshObjects/upwindCECCellToFaceStencilObject.C:28:
In file included from fvMesh/extendedStencil/cellToFace/MeshObjects\upwindCECCellToFaceStencilObject.H:39:
In file included from lnInclude\extendedUpwindCellToFaceStencil.H:49:
In file included from lnInclude\extendedCellToFaceStencil.H:53:
In file included from C:/OpenFOAM/SPUMA/src/OpenFOAM/lnInclude\mapDistribute.H:139:
In file included from C:/OpenFOAM/SPUMA/src/OpenFOAM/lnInclude\mapDistributeBase.H:77:
In file included from C:/OpenFOAM/SPUMA/src/OpenFOAM/lnInclude\boolList.H:32:
In file included from C:/OpenFOAM/SPUMA/src/OpenFOAM/lnInclude\List.H:47:
In file included from C:/OpenFOAM/SPUMA/src/OpenFOAM/lnInclude\autoPtr.H:348:
In file included from C:/OpenFOAM/SPUMA/src/OpenFOAM/lnInclude\autoPtrI.H:29:
In file included from C:/OpenFOAM/SPUMA/src/OpenFOAM/lnInclude\error.H:60:
In file included from C:/OpenFOAM/SPUMA/src/OpenFOAM/lnInclude\messageStream.H:57:
In file included from C:/OpenFOAM/SPUMA/src/OpenFOAM/lnInclude\label.H:42:
In file included from C:/OpenFOAM/SPUMA/src/OpenFOAM/lnInclude\int.H:41:
In file included from C:/OpenFOAM/SPUMA/src/OpenFOAM/lnInclude\deviceM.H:58:
In file included from C:/dev/llvm-acpp-msvc-21/bin/../include/AdaptiveCpp\sycl/sycl.hpp:14:
In file included from C:/dev/llvm-acpp-msvc-21/bin/../include/AdaptiveCpp\sycl\../hipSYCL/sycl/sycl.hpp:62:
In file included from C:/dev/llvm-acpp-msvc-21/bin/../include/AdaptiveCpp\sycl\../hipSYCL/sycl\libkernel/reduction.hpp:20:
C:/dev/llvm-acpp-msvc-21/bin/../include/AdaptiveCpp\hipSYCL/algorithms/reduction/reduction_descriptor.hpp:127:22: warning: 'multi_ptr<int, hipsycl::sycl::access::address_space::global_space, hipsycl::sycl::access::decorated::legacy>' is deprecated [-Wdeprecated-declarations]
  127 |       return _output.get_pointer();
      |                      ^
C:/dev/llvm-acpp-msvc-21/bin/../include/AdaptiveCpp\hipSYCL/algorithms/reduction/reduction_descriptor.hpp:34:29: note: in instantiation of member function 'hipsycl::algorithms::reduction::reduction_descriptor<hipsycl::algorithms::reduction::reduction_binary_operator<int, hipsycl::sycl::plus<int>>, hipsycl::sycl::accessor<int, 1, hipsycl::sycl::access_mode::read_write, hipsycl::sycl::target::device, hipsycl::sycl::accessor_variant::unranged>>::get_final_output_destination' requested here
   34 |   value_type *output = desc.get_final_output_destination();
      |                             ^
C:/dev/llvm-acpp-msvc-21/bin/../include/AdaptiveCpp\hipSYCL/algorithms/reduction\wg_model/group_horizontal_reducer.hpp:67:28: note: in instantiation of function template specialization 'hipsycl::algorithms::reduction::detail::set_reduction_result<hipsycl::algorithms::reduction::wg_model::configured_reduction_descriptor<hipsycl::algorithms::reduction::reduction_descriptor<hipsycl::algorithms::reduction::reduction_binary_operator<int, hipsycl::sycl::plus<int>>, hipsycl::sycl::accessor<int, 1, hipsycl::sycl::access_mode::read_write, hipsycl::sycl::target::device, hipsycl::sycl::accessor_variant::unranged>>>>' requested here
   67 |         reduction::detail::set_reduction_result(descriptor, group_result,
      |                            ^
C:/dev/llvm-acpp-msvc-21/bin/../include/AdaptiveCpp\hipSYCL/algorithms/reduction/reduction_engine.hpp:84:18: note: in instantiation of function template specialization 'hipsycl::algorithms::reduction::wg_model::group_horizontal_reducer<hipsycl::algorithms::reduction::wg_model::group_reductions::generic_local_memory<hipsycl::algorithms::reduction::reduction_descriptor<hipsycl::algorithms::reduction::reduction_binary_operator<int, hipsycl::sycl::plus<int>>, hipsycl::sycl::accessor<int, 1, hipsycl::sycl::access_mode::read_write, hipsycl::sycl::target::device, hipsycl::sycl::accessor_variant::unranged>>>>::finalize<hipsycl::sycl::nd_item<>, hipsycl::algorithms::reduction::wg_model::configured_reduction_descriptor<hipsycl::algorithms::reduction::reduction_descriptor<hipsycl::algorithms::reduction::reduction_binary_operator<int, hipsycl::sycl::plus<int>>, hipsycl::sycl::accessor<int, 1, hipsycl::sycl::access_mode::read_write, hipsycl::sycl::target::device, hipsycl::sycl::accessor_variant::unranged>>>, hipsycl::algorithms::reduction::wg_model::sequential_reducer<hipsycl::algorithms::reduction::reduction_binary_operator<int, hipsycl::sycl::plus<int>>>>' requested here
   84 |   (group_reducer.finalize(wi_index, descs, std::get<Is>(reducers_tuple)), ...);
      |                  ^
C:/dev/llvm-acpp-msvc-21/bin/../include/AdaptiveCpp\hipSYCL/algorithms/reduction/reduction_engine.hpp:92:3: note: in instantiation of function template specialization 'hipsycl::algorithms::reduction::invoke_helpers::invoke_finalize_with_reducers_impl<hipsycl::algorithms::reduction::wg_model::group_horizontal_reducer<hipsycl::algorithms::reduction::wg_model::group_reductions::generic_local_memory<hipsycl::algorithms::reduction::reduction_descriptor<hipsycl::algorithms::reduction::reduction_binary_operator<int, hipsycl::sycl::plus<int>>, hipsycl::sycl::accessor<int, 1, hipsycl::sycl::access_mode::read_write, hipsycl::sycl::target::device, hipsycl::sycl::accessor_variant::unranged>>>>, hipsycl::sycl::nd_item<>, std::tuple<hipsycl::algorithms::reduction::wg_model::sequential_reducer<hipsycl::algorithms::reduction::reduction_binary_operator<int, hipsycl::sycl::plus<int>>>>, 0ULL, hipsycl::algorithms::reduction::wg_model::configured_reduction_descriptor<hipsycl::algorithms::reduction::reduction_descriptor<hipsycl::algorithms::reduction::reduction_binary_operator<int, hipsycl::sycl::plus<int>>, hipsycl::sycl::accessor<int, 1, hipsycl::sycl::access_mode::read_write, hipsycl::sycl::target::device, hipsycl::sycl::accessor_variant::unranged>>>>' requested here
   92 |   invoke_finalize_with_reducers_impl(
      |   ^
C:/dev/llvm-acpp-msvc-21/bin/../include/AdaptiveCpp\hipSYCL/algorithms/reduction/reduction_engine.hpp:229:21: note: in instantiation of function template specialization 'hipsycl::algorithms::reduction::invoke_helpers::invoke_finalize_with_reducers<hipsycl::algorithms::reduction::wg_model::group_horizontal_reducer<hipsycl::algorithms::reduction::wg_model::group_reductions::generic_local_memory<hipsycl::algorithms::reduction::reduction_descriptor<hipsycl::algorithms::reduction::reduction_binary_operator<int, hipsycl::sycl::plus<int>>, hipsycl::sycl::accessor<int, 1, hipsycl::sycl::access_mode::read_write, hipsycl::sycl::target::device, hipsycl::sycl::accessor_variant::unranged>>>>, hipsycl::sycl::nd_item<>, hipsycl::algorithms::reduction::wg_model::sequential_reducer<hipsycl::algorithms::reduction::reduction_binary_operator<int, hipsycl::sycl::plus<int>>>, hipsycl::algorithms::reduction::wg_model::configured_reduction_descriptor<hipsycl::algorithms::reduction::reduction_descriptor<hipsycl::algorithms::reduction::reduction_binary_operator<int, hipsycl::sycl::plus<int>>, hipsycl::sycl::accessor<int, 1, hipsycl::sycl::access_mode::read_write, hipsycl::sycl::target::device, hipsycl::sycl::accessor_variant::unranged>>>>' requested here
  229 |     invoke_helpers::invoke_finalize_with_reducers(group_reducer, wi_index, wi_reducers, descs...);
      |                     ^
C:\Program Files (x86)\Microsoft Visual Studio\2022\BuildTools\VC\Tools\MSVC\14.41.34120\include\type_traits:1714:16: note: (skipping 12 contexts in backtrace; use -ftemplate-backtrace-limit=0 to see all)
 1714 |         return static_cast<_Callable&&>(_Obj)(static_cast<_Ty1&&>(_Arg1), static_cast<_Types2&&>(_Args2)...);
      |                ^
C:/OpenFOAM/SPUMA/src/OpenFOAM/lnInclude\syclExecutor.cpp:100:15: note: in instantiation of function template specialization 'hipsycl::sycl::handler::parallel_for<__acpp_unnamed_kernel, hipsycl::algorithms::reduction::reduction_descriptor<hipsycl::algorithms::reduction::reduction_binary_operator<int, hipsycl::sycl::plus<int>>, hipsycl::sycl::accessor<int, 1, hipsycl::sycl::access_mode::read_write, hipsycl::sycl::target::device, hipsycl::sycl::accessor_variant::unranged>>, (lambda at C:\OpenFOAM\SPUMA\src\OpenFOAM\lnInclude\syclExecutor.cpp:101:17)>' requested here
  100 |             h.parallel_for(sycl::range<1>(size), sumReduction,
      |               ^
C:/OpenFOAM/SPUMA/src/OpenFOAM/lnInclude\executor.H:85:34: note: in instantiation of function template specialization 'Foam::syclExecutor::_backendReductionSum<(lambda at C:\OpenFOAM\SPUMA\src\OpenFOAM\lnInclude\FieldFunctions.C:534:26), int>' requested here
   85 |         (static_cast<T*>(this))->_backendReductionSum(lambda, result, size);
      |                                  ^
C:/OpenFOAM/SPUMA/src/OpenFOAM/lnInclude\FieldFunctions.C:536:18: note: in instantiation of function template specialization 'Foam::executor<Foam::syclExecutor>::reductionSum<(lambda at C:\OpenFOAM\SPUMA\src\OpenFOAM\lnInclude\FieldFunctions.C:534:26), int>' requested here
  536 |             exec.reductionSum(sumOp, &result, size);
      |                  ^
C:/OpenFOAM/SPUMA/src/OpenFOAM/lnInclude\FieldFunctions.C:547:26: note: in instantiation of function template specialization 'Foam::sum<int>' requested here
  547 | TMP_UNARY_FUNCTION(Type, sum)
      |                          ^
C:/OpenFOAM/SPUMA/src/OpenFOAM/lnInclude\FieldFunctions.C:463:22: note: expanded from macro 'TMP_UNARY_FUNCTION'
  463 |     ReturnType res = Func(tf1());                                              \
      |                      ^
C:/OpenFOAM/SPUMA/src/OpenFOAM/lnInclude\globalIndexAndTransformI.H:462:30: note: in instantiation of function template specialization 'Foam::sum<int>' requested here
  462 |     label nUsedTrans = round(sum(mag(permutation)));
      |                              ^
C:/dev/llvm-acpp-msvc-21/bin/../include/AdaptiveCpp\sycl\../hipSYCL/sycl\libkernel\multi_ptr.hpp:668:9: note: 'multi_ptr<int, hipsycl::sycl::access::address_space::global_space, hipsycl::sycl::access::decorated::legacy>' has been explicitly marked deprecated here
  668 | class [[deprecated]] multi_ptr<ElementType, Space, access::decorated::legacy> {
      |         ^
In file included from fvMesh/extendedStencil/cellToFace/MeshObjects/upwindCECCellToFaceStencilObject.C:28:
In file included from fvMesh/extendedStencil/cellToFace/MeshObjects\upwindCECCellToFaceStencilObject.H:39:
In file included from lnInclude\extendedUpwindCellToFaceStencil.H:49:
In file included from lnInclude\extendedCellToFaceStencil.H:53:
In file included from C:/OpenFOAM/SPUMA/src/OpenFOAM/lnInclude\mapDistribute.H:139:
In file included from C:/OpenFOAM/SPUMA/src/OpenFOAM/lnInclude\mapDistributeBase.H:77:
In file included from C:/OpenFOAM/SPUMA/src/OpenFOAM/lnInclude\boolList.H:32:
In file included from C:/OpenFOAM/SPUMA/src/OpenFOAM/lnInclude\List.H:47:
In file included from C:/OpenFOAM/SPUMA/src/OpenFOAM/lnInclude\autoPtr.H:348:
In file included from C:/OpenFOAM/SPUMA/src/OpenFOAM/lnInclude\autoPtrI.H:29:
In file included from C:/OpenFOAM/SPUMA/src/OpenFOAM/lnInclude\error.H:60:
In file included from C:/OpenFOAM/SPUMA/src/OpenFOAM/lnInclude\messageStream.H:57:
In file included from C:/OpenFOAM/SPUMA/src/OpenFOAM/lnInclude\label.H:42:
In file included from C:/OpenFOAM/SPUMA/src/OpenFOAM/lnInclude\int.H:41:
In file included from C:/OpenFOAM/SPUMA/src/OpenFOAM/lnInclude\deviceM.H:58:
In file included from C:/dev/llvm-acpp-msvc-21/bin/../include/AdaptiveCpp\sycl/sycl.hpp:14:
In file included from C:/dev/llvm-acpp-msvc-21/bin/../include/AdaptiveCpp\sycl\../hipSYCL/sycl/sycl.hpp:62:
In file included from C:/dev/llvm-acpp-msvc-21/bin/../include/AdaptiveCpp\sycl\../hipSYCL/sycl\libkernel/reduction.hpp:20:
C:/dev/llvm-acpp-msvc-21/bin/../include/AdaptiveCpp\hipSYCL/algorithms/reduction/reduction_descriptor.hpp:127:14: warning: 'multi_ptr<const int, hipsycl::sycl::access::address_space::global_space, hipsycl::sycl::access::decorated::legacy>' is deprecated [-Wdeprecated-declarations]
  127 |       return _output.get_pointer();
      |              ^
C:/dev/llvm-acpp-msvc-21/bin/../include/AdaptiveCpp\sycl\../hipSYCL/sycl\libkernel\multi_ptr.hpp:668:9: note: 'multi_ptr<const int, hipsycl::sycl::access::address_space::global_space, hipsycl::sycl::access::decorated::legacy>' has been explicitly marked deprecated here
  668 | class [[deprecated]] multi_ptr<ElementType, Space, access::decorated::legacy> {
      |         ^
C:/dev/llvm-acpp-msvc-21/bin/../include/AdaptiveCpp\sycl\../hipSYCL/sycl\libkernel\multi_ptr.hpp:1001:1: warning: 'multi_ptr<int, hipsycl::sycl::access::address_space::global_space, hipsycl::sycl::access::decorated::legacy>' is deprecated [-Wdeprecated-declarations]
 1001 | using global_ptr = multi_ptr<ElementType, access::address_space::global_space, IsDecorated>;
      | ^
C:/dev/llvm-acpp-msvc-21/bin/../include/AdaptiveCpp\sycl\../hipSYCL/sycl\libkernel/accessor.hpp:1274:12: note: in instantiation of template type alias 'global_ptr' requested here
 1274 |     return global_ptr<dataT>{const_cast<dataT*>(this->_ptr.get())};
      |            ^
C:/dev/llvm-acpp-msvc-21/bin/../include/AdaptiveCpp\hipSYCL/algorithms/reduction/reduction_descriptor.hpp:127:22: note: in instantiation of function template specialization 'hipsycl::sycl::accessor<int, 1, hipsycl::sycl::access_mode::read_write, hipsycl::sycl::target::device, hipsycl::sycl::accessor_variant::unranged>::get_pointer<hipsycl::sycl::target::device, void>' requested here
  127 |       return _output.get_pointer();
      |                      ^
C:/dev/llvm-acpp-msvc-21/bin/../include/AdaptiveCpp\hipSYCL/algorithms/reduction/reduction_descriptor.hpp:34:29: note: in instantiation of member function 'hipsycl::algorithms::reduction::reduction_descriptor<hipsycl::algorithms::reduction::reduction_binary_operator<int, hipsycl::sycl::plus<int>>, hipsycl::sycl::accessor<int, 1, hipsycl::sycl::access_mode::read_write, hipsycl::sycl::target::device, hipsycl::sycl::accessor_variant::unranged>>::get_final_output_destination' requested here
   34 |   value_type *output = desc.get_final_output_destination();
      |                             ^
C:/dev/llvm-acpp-msvc-21/bin/../include/AdaptiveCpp\hipSYCL/algorithms/reduction\wg_model/group_horizontal_reducer.hpp:67:28: note: in instantiation of function template specialization 'hipsycl::algorithms::reduction::detail::set_reduction_result<hipsycl::algorithms::reduction::wg_model::configured_reduction_descriptor<hipsycl::algorithms::reduction::reduction_descriptor<hipsycl::algorithms::reduction::reduction_binary_operator<int, hipsycl::sycl::plus<int>>, hipsycl::sycl::accessor<int, 1, hipsycl::sycl::access_mode::read_write, hipsycl::sycl::target::device, hipsycl::sycl::accessor_variant::unranged>>>>' requested here
   67 |         reduction::detail::set_reduction_result(descriptor, group_result,
      |                            ^
C:/dev/llvm-acpp-msvc-21/bin/../include/AdaptiveCpp\hipSYCL/algorithms/reduction/reduction_engine.hpp:84:18: note: in instantiation of function template specialization 'hipsycl::algorithms::reduction::wg_model::group_horizontal_reducer<hipsycl::algorithms::reduction::wg_model::group_reductions::generic_local_memory<hipsycl::algorithms::reduction::reduction_descriptor<hipsycl::algorithms::reduction::reduction_binary_operator<int, hipsycl::sycl::plus<int>>, hipsycl::sycl::accessor<int, 1, hipsycl::sycl::access_mode::read_write, hipsycl::sycl::target::device, hipsycl::sycl::accessor_variant::unranged>>>>::finalize<hipsycl::sycl::nd_item<>, hipsycl::algorithms::reduction::wg_model::configured_reduction_descriptor<hipsycl::algorithms::reduction::reduction_descriptor<hipsycl::algorithms::reduction::reduction_binary_operator<int, hipsycl::sycl::plus<int>>, hipsycl::sycl::accessor<int, 1, hipsycl::sycl::access_mode::read_write, hipsycl::sycl::target::device, hipsycl::sycl::accessor_variant::unranged>>>, hipsycl::algorithms::reduction::wg_model::sequential_reducer<hipsycl::algorithms::reduction::reduction_binary_operator<int, hipsycl::sycl::plus<int>>>>' requested here
   84 |   (group_reducer.finalize(wi_index, descs, std::get<Is>(reducers_tuple)), ...);
      |                  ^
C:/dev/llvm-acpp-msvc-21/bin/../include/AdaptiveCpp\hipSYCL/algorithms/reduction/reduction_engine.hpp:92:3: note: (skipping 14 contexts in backtrace; use -ftemplate-backtrace-limit=0 to see all)
   92 |   invoke_finalize_with_reducers_impl(
      |   ^
C:/OpenFOAM/SPUMA/src/OpenFOAM/lnInclude\syclExecutor.cpp:100:15: note: in instantiation of function template specialization 'hipsycl::sycl::handler::parallel_for<__acpp_unnamed_kernel, hipsycl::algorithms::reduction::reduction_descriptor<hipsycl::algorithms::reduction::reduction_binary_operator<int, hipsycl::sycl::plus<int>>, hipsycl::sycl::accessor<int, 1, hipsycl::sycl::access_mode::read_write, hipsycl::sycl::target::device, hipsycl::sycl::accessor_variant::unranged>>, (lambda at C:\OpenFOAM\SPUMA\src\OpenFOAM\lnInclude\syclExecutor.cpp:101:17)>' requested here
  100 |             h.parallel_for(sycl::range<1>(size), sumReduction,
      |               ^
C:/OpenFOAM/SPUMA/src/OpenFOAM/lnInclude\executor.H:85:34: note: in instantiation of function template specialization 'Foam::syclExecutor::_backendReductionSum<(lambda at C:\OpenFOAM\SPUMA\src\OpenFOAM\lnInclude\FieldFunctions.C:534:26), int>' requested here
   85 |         (static_cast<T*>(this))->_backendReductionSum(lambda, result, size);
      |                                  ^
C:/OpenFOAM/SPUMA/src/OpenFOAM/lnInclude\FieldFunctions.C:536:18: note: in instantiation of function template specialization 'Foam::executor<Foam::syclExecutor>::reductionSum<(lambda at C:\OpenFOAM\SPUMA\src\OpenFOAM\lnInclude\FieldFunctions.C:534:26), int>' requested here
  536 |             exec.reductionSum(sumOp, &result, size);
      |                  ^
C:/OpenFOAM/SPUMA/src/OpenFOAM/lnInclude\FieldFunctions.C:547:26: note: in instantiation of function template specialization 'Foam::sum<int>' requested here
  547 | TMP_UNARY_FUNCTION(Type, sum)
      |                          ^
C:/OpenFOAM/SPUMA/src/OpenFOAM/lnInclude\FieldFunctions.C:463:22: note: expanded from macro 'TMP_UNARY_FUNCTION'
  463 |     ReturnType res = Func(tf1());                                              \
      |                      ^
C:/OpenFOAM/SPUMA/src/OpenFOAM/lnInclude\globalIndexAndTransformI.H:462:30: note: in instantiation of function template specialization 'Foam::sum<int>' requested here
  462 |     label nUsedTrans = round(sum(mag(permutation)));
      |                              ^
C:/dev/llvm-acpp-msvc-21/bin/../include/AdaptiveCpp\sycl\../hipSYCL/sycl\libkernel\multi_ptr.hpp:668:9: note: 'multi_ptr<int, hipsycl::sycl::access::address_space::global_space, hipsycl::sycl::access::decorated::legacy>' has been explicitly marked deprecated here
  668 | class [[deprecated]] multi_ptr<ElementType, Space, access::decorated::legacy> {
      |         ^
In file included from fvMesh/extendedStencil/cellToFace/MeshObjects/upwindCECCellToFaceStencilObject.C:28:
In file included from fvMesh/extendedStencil/cellToFace/MeshObjects\upwindCECCellToFaceStencilObject.H:39:
In file included from lnInclude\extendedUpwindCellToFaceStencil.H:49:
In file included from lnInclude\extendedCellToFaceStencil.H:53:
In file included from C:/OpenFOAM/SPUMA/src/OpenFOAM/lnInclude\mapDistribute.H:772:
In file included from C:/OpenFOAM/SPUMA/src/OpenFOAM/lnInclude\mapDistributeTemplates.C:32:
In file included from C:/OpenFOAM/SPUMA/src/OpenFOAM/lnInclude\transformField.H:43:
In file included from C:/OpenFOAM/SPUMA/src/OpenFOAM/lnInclude\septernion.H:49:
In file included from C:/OpenFOAM/SPUMA/src/OpenFOAM/lnInclude\spatialTransform.H:201:
C:/OpenFOAM/SPUMA/src/OpenFOAM/lnInclude\spatialTransformI.H:42:16: warning: instantiation of variable 'Foam::Tensor<double>::I' required here, but no definition is available [-Wundefined-var-template]
   42 |     E_(tensor::I),
      |                ^
C:/OpenFOAM/SPUMA/src/OpenFOAM/lnInclude\Tensor.H:83:29: note: forward declaration of template entity is here
   83 |         static const Tensor I;
      |                             ^
C:/OpenFOAM/SPUMA/src/OpenFOAM/lnInclude\spatialTransformI.H:42:16: note: add an explicit instantiation declaration to suppress this warning if 'Foam::Tensor<double>::I' is explicitly instantiated in another translation unit
   42 |     E_(tensor::I),
      |                ^
6 warnings generated.
  OK: 319954 bytes
Compiling fvMesh/extendedStencil/cellToFace/MeshObjects/upwindCFCCellToFaceStencilObject.C with omp ...
In file included from fvMesh/extendedStencil/cellToFace/MeshObjects/upwindCFCCellToFaceStencilObject.C:28:
In file included from fvMesh/extendedStencil/cellToFace/MeshObjects\upwindCFCCellToFaceStencilObject.H:39:
In file included from lnInclude\extendedUpwindCellToFaceStencil.H:49:
In file included from lnInclude\extendedCellToFaceStencil.H:53:
In file included from C:/OpenFOAM/SPUMA/src/OpenFOAM/lnInclude\mapDistribute.H:139:
In file included from C:/OpenFOAM/SPUMA/src/OpenFOAM/lnInclude\mapDistributeBase.H:77:
In file included from C:/OpenFOAM/SPUMA/src/OpenFOAM/lnInclude\boolList.H:32:
In file included from C:/OpenFOAM/SPUMA/src/OpenFOAM/lnInclude\List.H:47:
In file included from C:/OpenFOAM/SPUMA/src/OpenFOAM/lnInclude\autoPtr.H:348:
In file included from C:/OpenFOAM/SPUMA/src/OpenFOAM/lnInclude\autoPtrI.H:29:
In file included from C:/OpenFOAM/SPUMA/src/OpenFOAM/lnInclude\error.H:60:
In file included from C:/OpenFOAM/SPUMA/src/OpenFOAM/lnInclude\messageStream.H:57:
In file included from C:/OpenFOAM/SPUMA/src/OpenFOAM/lnInclude\label.H:42:
In file included from C:/OpenFOAM/SPUMA/src/OpenFOAM/lnInclude\int.H:45:
C:/OpenFOAM/SPUMA/src/OpenFOAM/lnInclude\int64.H:77:12: warning: absolute value function 'labs' given an argument of type 'const int64_t' (aka 'const long long') but has parameter of type 'long' which may cause truncation of value [-Wabsolute-value]
   77 |     return ::labs(val);
      |            ^
C:/OpenFOAM/SPUMA/src/OpenFOAM/lnInclude\int64.H:77:12: note: use function 'std::abs' instead
   77 |     return ::labs(val);
      |            ^~~~~~
      |            std::abs
In file included from fvMesh/extendedStencil/cellToFace/MeshObjects/upwindCFCCellToFaceStencilObject.C:28:
In file included from fvMesh/extendedStencil/cellToFace/MeshObjects\upwindCFCCellToFaceStencilObject.H:39:
In file included from lnInclude\extendedUpwindCellToFaceStencil.H:49:
In file included from lnInclude\extendedCellToFaceStencil.H:53:
In file included from C:/OpenFOAM/SPUMA/src/OpenFOAM/lnInclude\mapDistribute.H:141:
In file included from C:/OpenFOAM/SPUMA/src/OpenFOAM/lnInclude\vectorTensorTransform.H:262:
C:/OpenFOAM/SPUMA/src/OpenFOAM/lnInclude\vectorTensorTransformI.H:33:25: warning: instantiation of variable 'Foam::SphericalTensor<double>::I' required here, but no definition is available [-Wundefined-var-template]
   33 |     R_(sphericalTensor::I),
      |                         ^
C:/OpenFOAM/SPUMA/src/OpenFOAM/lnInclude\SphericalTensor.H:79:38: note: forward declaration of template entity is here
   79 |         static const SphericalTensor I;
      |                                      ^
C:/OpenFOAM/SPUMA/src/OpenFOAM/lnInclude\vectorTensorTransformI.H:33:25: note: add an explicit instantiation declaration to suppress this warning if 'Foam::SphericalTensor<double>::I' is explicitly instantiated in another translation unit
   33 |     R_(sphericalTensor::I),
      |                         ^
In file included from fvMesh/extendedStencil/cellToFace/MeshObjects/upwindCFCCellToFaceStencilObject.C:28:
In file included from fvMesh/extendedStencil/cellToFace/MeshObjects\upwindCFCCellToFaceStencilObject.H:39:
In file included from lnInclude\extendedUpwindCellToFaceStencil.H:49:
In file included from lnInclude\extendedCellToFaceStencil.H:53:
In file included from C:/OpenFOAM/SPUMA/src/OpenFOAM/lnInclude\mapDistribute.H:139:
In file included from C:/OpenFOAM/SPUMA/src/OpenFOAM/lnInclude\mapDistributeBase.H:77:
In file included from C:/OpenFOAM/SPUMA/src/OpenFOAM/lnInclude\boolList.H:32:
In file included from C:/OpenFOAM/SPUMA/src/OpenFOAM/lnInclude\List.H:47:
In file included from C:/OpenFOAM/SPUMA/src/OpenFOAM/lnInclude\autoPtr.H:348:
In file included from C:/OpenFOAM/SPUMA/src/OpenFOAM/lnInclude\autoPtrI.H:29:
In file included from C:/OpenFOAM/SPUMA/src/OpenFOAM/lnInclude\error.H:60:
In file included from C:/OpenFOAM/SPUMA/src/OpenFOAM/lnInclude\messageStream.H:57:
In file included from C:/OpenFOAM/SPUMA/src/OpenFOAM/lnInclude\label.H:42:
In file included from C:/OpenFOAM/SPUMA/src/OpenFOAM/lnInclude\int.H:41:
In file included from C:/OpenFOAM/SPUMA/src/OpenFOAM/lnInclude\deviceM.H:58:
In file included from C:/dev/llvm-acpp-msvc-21/bin/../include/AdaptiveCpp\sycl/sycl.hpp:14:
In file included from C:/dev/llvm-acpp-msvc-21/bin/../include/AdaptiveCpp\sycl\../hipSYCL/sycl/sycl.hpp:62:
In file included from C:/dev/llvm-acpp-msvc-21/bin/../include/AdaptiveCpp\sycl\../hipSYCL/sycl\libkernel/reduction.hpp:20:
C:/dev/llvm-acpp-msvc-21/bin/../include/AdaptiveCpp\hipSYCL/algorithms/reduction/reduction_descriptor.hpp:127:22: warning: 'multi_ptr<int, hipsycl::sycl::access::address_space::global_space, hipsycl::sycl::access::decorated::legacy>' is deprecated [-Wdeprecated-declarations]
  127 |       return _output.get_pointer();
      |                      ^
C:/dev/llvm-acpp-msvc-21/bin/../include/AdaptiveCpp\hipSYCL/algorithms/reduction/reduction_descriptor.hpp:34:29: note: in instantiation of member function 'hipsycl::algorithms::reduction::reduction_descriptor<hipsycl::algorithms::reduction::reduction_binary_operator<int, hipsycl::sycl::plus<int>>, hipsycl::sycl::accessor<int, 1, hipsycl::sycl::access_mode::read_write, hipsycl::sycl::target::device, hipsycl::sycl::accessor_variant::unranged>>::get_final_output_destination' requested here
   34 |   value_type *output = desc.get_final_output_destination();
      |                             ^
C:/dev/llvm-acpp-msvc-21/bin/../include/AdaptiveCpp\hipSYCL/algorithms/reduction\wg_model/group_horizontal_reducer.hpp:67:28: note: in instantiation of function template specialization 'hipsycl::algorithms::reduction::detail::set_reduction_result<hipsycl::algorithms::reduction::wg_model::configured_reduction_descriptor<hipsycl::algorithms::reduction::reduction_descriptor<hipsycl::algorithms::reduction::reduction_binary_operator<int, hipsycl::sycl::plus<int>>, hipsycl::sycl::accessor<int, 1, hipsycl::sycl::access_mode::read_write, hipsycl::sycl::target::device, hipsycl::sycl::accessor_variant::unranged>>>>' requested here
   67 |         reduction::detail::set_reduction_result(descriptor, group_result,
      |                            ^
C:/dev/llvm-acpp-msvc-21/bin/../include/AdaptiveCpp\hipSYCL/algorithms/reduction/reduction_engine.hpp:84:18: note: in instantiation of function template specialization 'hipsycl::algorithms::reduction::wg_model::group_horizontal_reducer<hipsycl::algorithms::reduction::wg_model::group_reductions::generic_local_memory<hipsycl::algorithms::reduction::reduction_descriptor<hipsycl::algorithms::reduction::reduction_binary_operator<int, hipsycl::sycl::plus<int>>, hipsycl::sycl::accessor<int, 1, hipsycl::sycl::access_mode::read_write, hipsycl::sycl::target::device, hipsycl::sycl::accessor_variant::unranged>>>>::finalize<hipsycl::sycl::nd_item<>, hipsycl::algorithms::reduction::wg_model::configured_reduction_descriptor<hipsycl::algorithms::reduction::reduction_descriptor<hipsycl::algorithms::reduction::reduction_binary_operator<int, hipsycl::sycl::plus<int>>, hipsycl::sycl::accessor<int, 1, hipsycl::sycl::access_mode::read_write, hipsycl::sycl::target::device, hipsycl::sycl::accessor_variant::unranged>>>, hipsycl::algorithms::reduction::wg_model::sequential_reducer<hipsycl::algorithms::reduction::reduction_binary_operator<int, hipsycl::sycl::plus<int>>>>' requested here
   84 |   (group_reducer.finalize(wi_index, descs, std::get<Is>(reducers_tuple)), ...);
      |                  ^
C:/dev/llvm-acpp-msvc-21/bin/../include/AdaptiveCpp\hipSYCL/algorithms/reduction/reduction_engine.hpp:92:3: note: in instantiation of function template specialization 'hipsycl::algorithms::reduction::invoke_helpers::invoke_finalize_with_reducers_impl<hipsycl::algorithms::reduction::wg_model::group_horizontal_reducer<hipsycl::algorithms::reduction::wg_model::group_reductions::generic_local_memory<hipsycl::algorithms::reduction::reduction_descriptor<hipsycl::algorithms::reduction::reduction_binary_operator<int, hipsycl::sycl::plus<int>>, hipsycl::sycl::accessor<int, 1, hipsycl::sycl::access_mode::read_write, hipsycl::sycl::target::device, hipsycl::sycl::accessor_variant::unranged>>>>, hipsycl::sycl::nd_item<>, std::tuple<hipsycl::algorithms::reduction::wg_model::sequential_reducer<hipsycl::algorithms::reduction::reduction_binary_operator<int, hipsycl::sycl::plus<int>>>>, 0ULL, hipsycl::algorithms::reduction::wg_model::configured_reduction_descriptor<hipsycl::algorithms::reduction::reduction_descriptor<hipsycl::algorithms::reduction::reduction_binary_operator<int, hipsycl::sycl::plus<int>>, hipsycl::sycl::accessor<int, 1, hipsycl::sycl::access_mode::read_write, hipsycl::sycl::target::device, hipsycl::sycl::accessor_variant::unranged>>>>' requested here
   92 |   invoke_finalize_with_reducers_impl(
      |   ^
C:/dev/llvm-acpp-msvc-21/bin/../include/AdaptiveCpp\hipSYCL/algorithms/reduction/reduction_engine.hpp:229:21: note: in instantiation of function template specialization 'hipsycl::algorithms::reduction::invoke_helpers::invoke_finalize_with_reducers<hipsycl::algorithms::reduction::wg_model::group_horizontal_reducer<hipsycl::algorithms::reduction::wg_model::group_reductions::generic_local_memory<hipsycl::algorithms::reduction::reduction_descriptor<hipsycl::algorithms::reduction::reduction_binary_operator<int, hipsycl::sycl::plus<int>>, hipsycl::sycl::accessor<int, 1, hipsycl::sycl::access_mode::read_write, hipsycl::sycl::target::device, hipsycl::sycl::accessor_variant::unranged>>>>, hipsycl::sycl::nd_item<>, hipsycl::algorithms::reduction::wg_model::sequential_reducer<hipsycl::algorithms::reduction::reduction_binary_operator<int, hipsycl::sycl::plus<int>>>, hipsycl::algorithms::reduction::wg_model::configured_reduction_descriptor<hipsycl::algorithms::reduction::reduction_descriptor<hipsycl::algorithms::reduction::reduction_binary_operator<int, hipsycl::sycl::plus<int>>, hipsycl::sycl::accessor<int, 1, hipsycl::sycl::access_mode::read_write, hipsycl::sycl::target::device, hipsycl::sycl::accessor_variant::unranged>>>>' requested here
  229 |     invoke_helpers::invoke_finalize_with_reducers(group_reducer, wi_index, wi_reducers, descs...);
      |                     ^
C:\Program Files (x86)\Microsoft Visual Studio\2022\BuildTools\VC\Tools\MSVC\14.41.34120\include\type_traits:1714:16: note: (skipping 12 contexts in backtrace; use -ftemplate-backtrace-limit=0 to see all)
 1714 |         return static_cast<_Callable&&>(_Obj)(static_cast<_Ty1&&>(_Arg1), static_cast<_Types2&&>(_Args2)...);
      |                ^
C:/OpenFOAM/SPUMA/src/OpenFOAM/lnInclude\syclExecutor.cpp:100:15: note: in instantiation of function template specialization 'hipsycl::sycl::handler::parallel_for<__acpp_unnamed_kernel, hipsycl::algorithms::reduction::reduction_descriptor<hipsycl::algorithms::reduction::reduction_binary_operator<int, hipsycl::sycl::plus<int>>, hipsycl::sycl::accessor<int, 1, hipsycl::sycl::access_mode::read_write, hipsycl::sycl::target::device, hipsycl::sycl::accessor_variant::unranged>>, (lambda at C:\OpenFOAM\SPUMA\src\OpenFOAM\lnInclude\syclExecutor.cpp:101:17)>' requested here
  100 |             h.parallel_for(sycl::range<1>(size), sumReduction,
      |               ^
C:/OpenFOAM/SPUMA/src/OpenFOAM/lnInclude\executor.H:85:34: note: in instantiation of function template specialization 'Foam::syclExecutor::_backendReductionSum<(lambda at C:\OpenFOAM\SPUMA\src\OpenFOAM\lnInclude\FieldFunctions.C:534:26), int>' requested here
   85 |         (static_cast<T*>(this))->_backendReductionSum(lambda, result, size);
      |                                  ^
C:/OpenFOAM/SPUMA/src/OpenFOAM/lnInclude\FieldFunctions.C:536:18: note: in instantiation of function template specialization 'Foam::executor<Foam::syclExecutor>::reductionSum<(lambda at C:\OpenFOAM\SPUMA\src\OpenFOAM\lnInclude\FieldFunctions.C:534:26), int>' requested here
  536 |             exec.reductionSum(sumOp, &result, size);
      |                  ^
C:/OpenFOAM/SPUMA/src/OpenFOAM/lnInclude\FieldFunctions.C:547:26: note: in instantiation of function template specialization 'Foam::sum<int>' requested here
  547 | TMP_UNARY_FUNCTION(Type, sum)
      |                          ^
C:/OpenFOAM/SPUMA/src/OpenFOAM/lnInclude\FieldFunctions.C:463:22: note: expanded from macro 'TMP_UNARY_FUNCTION'
  463 |     ReturnType res = Func(tf1());                                              \
      |                      ^
C:/OpenFOAM/SPUMA/src/OpenFOAM/lnInclude\globalIndexAndTransformI.H:462:30: note: in instantiation of function template specialization 'Foam::sum<int>' requested here
  462 |     label nUsedTrans = round(sum(mag(permutation)));
      |                              ^
C:/dev/llvm-acpp-msvc-21/bin/../include/AdaptiveCpp\sycl\../hipSYCL/sycl\libkernel\multi_ptr.hpp:668:9: note: 'multi_ptr<int, hipsycl::sycl::access::address_space::global_space, hipsycl::sycl::access::decorated::legacy>' has been explicitly marked deprecated here
  668 | class [[deprecated]] multi_ptr<ElementType, Space, access::decorated::legacy> {
      |         ^
In file included from fvMesh/extendedStencil/cellToFace/MeshObjects/upwindCFCCellToFaceStencilObject.C:28:
In file included from fvMesh/extendedStencil/cellToFace/MeshObjects\upwindCFCCellToFaceStencilObject.H:39:
In file included from lnInclude\extendedUpwindCellToFaceStencil.H:49:
In file included from lnInclude\extendedCellToFaceStencil.H:53:
In file included from C:/OpenFOAM/SPUMA/src/OpenFOAM/lnInclude\mapDistribute.H:139:
In file included from C:/OpenFOAM/SPUMA/src/OpenFOAM/lnInclude\mapDistributeBase.H:77:
In file included from C:/OpenFOAM/SPUMA/src/OpenFOAM/lnInclude\boolList.H:32:
In file included from C:/OpenFOAM/SPUMA/src/OpenFOAM/lnInclude\List.H:47:
In file included from C:/OpenFOAM/SPUMA/src/OpenFOAM/lnInclude\autoPtr.H:348:
In file included from C:/OpenFOAM/SPUMA/src/OpenFOAM/lnInclude\autoPtrI.H:29:
In file included from C:/OpenFOAM/SPUMA/src/OpenFOAM/lnInclude\error.H:60:
In file included from C:/OpenFOAM/SPUMA/src/OpenFOAM/lnInclude\messageStream.H:57:
In file included from C:/OpenFOAM/SPUMA/src/OpenFOAM/lnInclude\label.H:42:
In file included from C:/OpenFOAM/SPUMA/src/OpenFOAM/lnInclude\int.H:41:
In file included from C:/OpenFOAM/SPUMA/src/OpenFOAM/lnInclude\deviceM.H:58:
In file included from C:/dev/llvm-acpp-msvc-21/bin/../include/AdaptiveCpp\sycl/sycl.hpp:14:
In file included from C:/dev/llvm-acpp-msvc-21/bin/../include/AdaptiveCpp\sycl\../hipSYCL/sycl/sycl.hpp:62:
In file included from C:/dev/llvm-acpp-msvc-21/bin/../include/AdaptiveCpp\sycl\../hipSYCL/sycl\libkernel/reduction.hpp:20:
C:/dev/llvm-acpp-msvc-21/bin/../include/AdaptiveCpp\hipSYCL/algorithms/reduction/reduction_descriptor.hpp:127:14: warning: 'multi_ptr<const int, hipsycl::sycl::access::address_space::global_space, hipsycl::sycl::access::decorated::legacy>' is deprecated [-Wdeprecated-declarations]
  127 |       return _output.get_pointer();
      |              ^
C:/dev/llvm-acpp-msvc-21/bin/../include/AdaptiveCpp\sycl\../hipSYCL/sycl\libkernel\multi_ptr.hpp:668:9: note: 'multi_ptr<const int, hipsycl::sycl::access::address_space::global_space, hipsycl::sycl::access::decorated::legacy>' has been explicitly marked deprecated here
  668 | class [[deprecated]] multi_ptr<ElementType, Space, access::decorated::legacy> {
      |         ^
C:/dev/llvm-acpp-msvc-21/bin/../include/AdaptiveCpp\sycl\../hipSYCL/sycl\libkernel\multi_ptr.hpp:1001:1: warning: 'multi_ptr<int, hipsycl::sycl::access::address_space::global_space, hipsycl::sycl::access::decorated::legacy>' is deprecated [-Wdeprecated-declarations]
 1001 | using global_ptr = multi_ptr<ElementType, access::address_space::global_space, IsDecorated>;
      | ^
C:/dev/llvm-acpp-msvc-21/bin/../include/AdaptiveCpp\sycl\../hipSYCL/sycl\libkernel/accessor.hpp:1274:12: note: in instantiation of template type alias 'global_ptr' requested here
 1274 |     return global_ptr<dataT>{const_cast<dataT*>(this->_ptr.get())};
      |            ^
C:/dev/llvm-acpp-msvc-21/bin/../include/AdaptiveCpp\hipSYCL/algorithms/reduction/reduction_descriptor.hpp:127:22: note: in instantiation of function template specialization 'hipsycl::sycl::accessor<int, 1, hipsycl::sycl::access_mode::read_write, hipsycl::sycl::target::device, hipsycl::sycl::accessor_variant::unranged>::get_pointer<hipsycl::sycl::target::device, void>' requested here
  127 |       return _output.get_pointer();
      |                      ^
C:/dev/llvm-acpp-msvc-21/bin/../include/AdaptiveCpp\hipSYCL/algorithms/reduction/reduction_descriptor.hpp:34:29: note: in instantiation of member function 'hipsycl::algorithms::reduction::reduction_descriptor<hipsycl::algorithms::reduction::reduction_binary_operator<int, hipsycl::sycl::plus<int>>, hipsycl::sycl::accessor<int, 1, hipsycl::sycl::access_mode::read_write, hipsycl::sycl::target::device, hipsycl::sycl::accessor_variant::unranged>>::get_final_output_destination' requested here
   34 |   value_type *output = desc.get_final_output_destination();
      |                             ^
C:/dev/llvm-acpp-msvc-21/bin/../include/AdaptiveCpp\hipSYCL/algorithms/reduction\wg_model/group_horizontal_reducer.hpp:67:28: note: in instantiation of function template specialization 'hipsycl::algorithms::reduction::detail::set_reduction_result<hipsycl::algorithms::reduction::wg_model::configured_reduction_descriptor<hipsycl::algorithms::reduction::reduction_descriptor<hipsycl::algorithms::reduction::reduction_binary_operator<int, hipsycl::sycl::plus<int>>, hipsycl::sycl::accessor<int, 1, hipsycl::sycl::access_mode::read_write, hipsycl::sycl::target::device, hipsycl::sycl::accessor_variant::unranged>>>>' requested here
   67 |         reduction::detail::set_reduction_result(descriptor, group_result,
      |                            ^
C:/dev/llvm-acpp-msvc-21/bin/../include/AdaptiveCpp\hipSYCL/algorithms/reduction/reduction_engine.hpp:84:18: note: in instantiation of function template specialization 'hipsycl::algorithms::reduction::wg_model::group_horizontal_reducer<hipsycl::algorithms::reduction::wg_model::group_reductions::generic_local_memory<hipsycl::algorithms::reduction::reduction_descriptor<hipsycl::algorithms::reduction::reduction_binary_operator<int, hipsycl::sycl::plus<int>>, hipsycl::sycl::accessor<int, 1, hipsycl::sycl::access_mode::read_write, hipsycl::sycl::target::device, hipsycl::sycl::accessor_variant::unranged>>>>::finalize<hipsycl::sycl::nd_item<>, hipsycl::algorithms::reduction::wg_model::configured_reduction_descriptor<hipsycl::algorithms::reduction::reduction_descriptor<hipsycl::algorithms::reduction::reduction_binary_operator<int, hipsycl::sycl::plus<int>>, hipsycl::sycl::accessor<int, 1, hipsycl::sycl::access_mode::read_write, hipsycl::sycl::target::device, hipsycl::sycl::accessor_variant::unranged>>>, hipsycl::algorithms::reduction::wg_model::sequential_reducer<hipsycl::algorithms::reduction::reduction_binary_operator<int, hipsycl::sycl::plus<int>>>>' requested here
   84 |   (group_reducer.finalize(wi_index, descs, std::get<Is>(reducers_tuple)), ...);
      |                  ^
C:/dev/llvm-acpp-msvc-21/bin/../include/AdaptiveCpp\hipSYCL/algorithms/reduction/reduction_engine.hpp:92:3: note: (skipping 14 contexts in backtrace; use -ftemplate-backtrace-limit=0 to see all)
   92 |   invoke_finalize_with_reducers_impl(
      |   ^
C:/OpenFOAM/SPUMA/src/OpenFOAM/lnInclude\syclExecutor.cpp:100:15: note: in instantiation of function template specialization 'hipsycl::sycl::handler::parallel_for<__acpp_unnamed_kernel, hipsycl::algorithms::reduction::reduction_descriptor<hipsycl::algorithms::reduction::reduction_binary_operator<int, hipsycl::sycl::plus<int>>, hipsycl::sycl::accessor<int, 1, hipsycl::sycl::access_mode::read_write, hipsycl::sycl::target::device, hipsycl::sycl::accessor_variant::unranged>>, (lambda at C:\OpenFOAM\SPUMA\src\OpenFOAM\lnInclude\syclExecutor.cpp:101:17)>' requested here
  100 |             h.parallel_for(sycl::range<1>(size), sumReduction,
      |               ^
C:/OpenFOAM/SPUMA/src/OpenFOAM/lnInclude\executor.H:85:34: note: in instantiation of function template specialization 'Foam::syclExecutor::_backendReductionSum<(lambda at C:\OpenFOAM\SPUMA\src\OpenFOAM\lnInclude\FieldFunctions.C:534:26), int>' requested here
   85 |         (static_cast<T*>(this))->_backendReductionSum(lambda, result, size);
      |                                  ^
C:/OpenFOAM/SPUMA/src/OpenFOAM/lnInclude\FieldFunctions.C:536:18: note: in instantiation of function template specialization 'Foam::executor<Foam::syclExecutor>::reductionSum<(lambda at C:\OpenFOAM\SPUMA\src\OpenFOAM\lnInclude\FieldFunctions.C:534:26), int>' requested here
  536 |             exec.reductionSum(sumOp, &result, size);
      |                  ^
C:/OpenFOAM/SPUMA/src/OpenFOAM/lnInclude\FieldFunctions.C:547:26: note: in instantiation of function template specialization 'Foam::sum<int>' requested here
  547 | TMP_UNARY_FUNCTION(Type, sum)
      |                          ^
C:/OpenFOAM/SPUMA/src/OpenFOAM/lnInclude\FieldFunctions.C:463:22: note: expanded from macro 'TMP_UNARY_FUNCTION'
  463 |     ReturnType res = Func(tf1());                                              \
      |                      ^
C:/OpenFOAM/SPUMA/src/OpenFOAM/lnInclude\globalIndexAndTransformI.H:462:30: note: in instantiation of function template specialization 'Foam::sum<int>' requested here
  462 |     label nUsedTrans = round(sum(mag(permutation)));
      |                              ^
C:/dev/llvm-acpp-msvc-21/bin/../include/AdaptiveCpp\sycl\../hipSYCL/sycl\libkernel\multi_ptr.hpp:668:9: note: 'multi_ptr<int, hipsycl::sycl::access::address_space::global_space, hipsycl::sycl::access::decorated::legacy>' has been explicitly marked deprecated here
  668 | class [[deprecated]] multi_ptr<ElementType, Space, access::decorated::legacy> {
      |         ^
In file included from fvMesh/extendedStencil/cellToFace/MeshObjects/upwindCFCCellToFaceStencilObject.C:28:
In file included from fvMesh/extendedStencil/cellToFace/MeshObjects\upwindCFCCellToFaceStencilObject.H:39:
In file included from lnInclude\extendedUpwindCellToFaceStencil.H:49:
In file included from lnInclude\extendedCellToFaceStencil.H:53:
In file included from C:/OpenFOAM/SPUMA/src/OpenFOAM/lnInclude\mapDistribute.H:772:
In file included from C:/OpenFOAM/SPUMA/src/OpenFOAM/lnInclude\mapDistributeTemplates.C:32:
In file included from C:/OpenFOAM/SPUMA/src/OpenFOAM/lnInclude\transformField.H:43:
In file included from C:/OpenFOAM/SPUMA/src/OpenFOAM/lnInclude\septernion.H:49:
In file included from C:/OpenFOAM/SPUMA/src/OpenFOAM/lnInclude\spatialTransform.H:201:
C:/OpenFOAM/SPUMA/src/OpenFOAM/lnInclude\spatialTransformI.H:42:16: warning: instantiation of variable 'Foam::Tensor<double>::I' required here, but no definition is available [-Wundefined-var-template]
   42 |     E_(tensor::I),
      |                ^
C:/OpenFOAM/SPUMA/src/OpenFOAM/lnInclude\Tensor.H:83:29: note: forward declaration of template entity is here
   83 |         static const Tensor I;
      |                             ^
C:/OpenFOAM/SPUMA/src/OpenFOAM/lnInclude\spatialTransformI.H:42:16: note: add an explicit instantiation declaration to suppress this warning if 'Foam::Tensor<double>::I' is explicitly instantiated in another translation unit
   42 |     E_(tensor::I),
      |                ^
6 warnings generated.
  OK: 319954 bytes
Compiling fvMesh/extendedStencil/cellToFace/MeshObjects/upwindCPCCellToFaceStencilObject.C with omp ...
In file included from fvMesh/extendedStencil/cellToFace/MeshObjects/upwindCPCCellToFaceStencilObject.C:28:
In file included from fvMesh/extendedStencil/cellToFace/MeshObjects\upwindCPCCellToFaceStencilObject.H:39:
In file included from lnInclude\extendedUpwindCellToFaceStencil.H:49:
In file included from lnInclude\extendedCellToFaceStencil.H:53:
In file included from C:/OpenFOAM/SPUMA/src/OpenFOAM/lnInclude\mapDistribute.H:139:
In file included from C:/OpenFOAM/SPUMA/src/OpenFOAM/lnInclude\mapDistributeBase.H:77:
In file included from C:/OpenFOAM/SPUMA/src/OpenFOAM/lnInclude\boolList.H:32:
In file included from C:/OpenFOAM/SPUMA/src/OpenFOAM/lnInclude\List.H:47:
In file included from C:/OpenFOAM/SPUMA/src/OpenFOAM/lnInclude\autoPtr.H:348:
In file included from C:/OpenFOAM/SPUMA/src/OpenFOAM/lnInclude\autoPtrI.H:29:
In file included from C:/OpenFOAM/SPUMA/src/OpenFOAM/lnInclude\error.H:60:
In file included from C:/OpenFOAM/SPUMA/src/OpenFOAM/lnInclude\messageStream.H:57:
In file included from C:/OpenFOAM/SPUMA/src/OpenFOAM/lnInclude\label.H:42:
In file included from C:/OpenFOAM/SPUMA/src/OpenFOAM/lnInclude\int.H:45:
C:/OpenFOAM/SPUMA/src/OpenFOAM/lnInclude\int64.H:77:12: warning: absolute value function 'labs' given an argument of type 'const int64_t' (aka 'const long long') but has parameter of type 'long' which may cause truncation of value [-Wabsolute-value]
   77 |     return ::labs(val);
      |            ^
C:/OpenFOAM/SPUMA/src/OpenFOAM/lnInclude\int64.H:77:12: note: use function 'std::abs' instead
   77 |     return ::labs(val);
      |            ^~~~~~
      |            std::abs
In file included from fvMesh/extendedStencil/cellToFace/MeshObjects/upwindCPCCellToFaceStencilObject.C:28:
In file included from fvMesh/extendedStencil/cellToFace/MeshObjects\upwindCPCCellToFaceStencilObject.H:39:
In file included from lnInclude\extendedUpwindCellToFaceStencil.H:49:
In file included from lnInclude\extendedCellToFaceStencil.H:53:
In file included from C:/OpenFOAM/SPUMA/src/OpenFOAM/lnInclude\mapDistribute.H:141:
In file included from C:/OpenFOAM/SPUMA/src/OpenFOAM/lnInclude\vectorTensorTransform.H:262:
C:/OpenFOAM/SPUMA/src/OpenFOAM/lnInclude\vectorTensorTransformI.H:33:25: warning: instantiation of variable 'Foam::SphericalTensor<double>::I' required here, but no definition is available [-Wundefined-var-template]
   33 |     R_(sphericalTensor::I),
      |                         ^
C:/OpenFOAM/SPUMA/src/OpenFOAM/lnInclude\SphericalTensor.H:79:38: note: forward declaration of template entity is here
   79 |         static const SphericalTensor I;
      |                                      ^
C:/OpenFOAM/SPUMA/src/OpenFOAM/lnInclude\vectorTensorTransformI.H:33:25: note: add an explicit instantiation declaration to suppress this warning if 'Foam::SphericalTensor<double>::I' is explicitly instantiated in another translation unit
   33 |     R_(sphericalTensor::I),
      |                         ^
In file included from fvMesh/extendedStencil/cellToFace/MeshObjects/upwindCPCCellToFaceStencilObject.C:28:
In file included from fvMesh/extendedStencil/cellToFace/MeshObjects\upwindCPCCellToFaceStencilObject.H:39:
In file included from lnInclude\extendedUpwindCellToFaceStencil.H:49:
In file included from lnInclude\extendedCellToFaceStencil.H:53:
In file included from C:/OpenFOAM/SPUMA/src/OpenFOAM/lnInclude\mapDistribute.H:139:
In file included from C:/OpenFOAM/SPUMA/src/OpenFOAM/lnInclude\mapDistributeBase.H:77:
In file included from C:/OpenFOAM/SPUMA/src/OpenFOAM/lnInclude\boolList.H:32:
In file included from C:/OpenFOAM/SPUMA/src/OpenFOAM/lnInclude\List.H:47:
In file included from C:/OpenFOAM/SPUMA/src/OpenFOAM/lnInclude\autoPtr.H:348:
In file included from C:/OpenFOAM/SPUMA/src/OpenFOAM/lnInclude\autoPtrI.H:29:
In file included from C:/OpenFOAM/SPUMA/src/OpenFOAM/lnInclude\error.H:60:
In file included from C:/OpenFOAM/SPUMA/src/OpenFOAM/lnInclude\messageStream.H:57:
In file included from C:/OpenFOAM/SPUMA/src/OpenFOAM/lnInclude\label.H:42:
In file included from C:/OpenFOAM/SPUMA/src/OpenFOAM/lnInclude\int.H:41:
In file included from C:/OpenFOAM/SPUMA/src/OpenFOAM/lnInclude\deviceM.H:58:
In file included from C:/dev/llvm-acpp-msvc-21/bin/../include/AdaptiveCpp\sycl/sycl.hpp:14:
In file included from C:/dev/llvm-acpp-msvc-21/bin/../include/AdaptiveCpp\sycl\../hipSYCL/sycl/sycl.hpp:62:
In file included from C:/dev/llvm-acpp-msvc-21/bin/../include/AdaptiveCpp\sycl\../hipSYCL/sycl\libkernel/reduction.hpp:20:
C:/dev/llvm-acpp-msvc-21/bin/../include/AdaptiveCpp\hipSYCL/algorithms/reduction/reduction_descriptor.hpp:127:22: warning: 'multi_ptr<int, hipsycl::sycl::access::address_space::global_space, hipsycl::sycl::access::decorated::legacy>' is deprecated [-Wdeprecated-declarations]
  127 |       return _output.get_pointer();
      |                      ^
C:/dev/llvm-acpp-msvc-21/bin/../include/AdaptiveCpp\hipSYCL/algorithms/reduction/reduction_descriptor.hpp:34:29: note: in instantiation of member function 'hipsycl::algorithms::reduction::reduction_descriptor<hipsycl::algorithms::reduction::reduction_binary_operator<int, hipsycl::sycl::plus<int>>, hipsycl::sycl::accessor<int, 1, hipsycl::sycl::access_mode::read_write, hipsycl::sycl::target::device, hipsycl::sycl::accessor_variant::unranged>>::get_final_output_destination' requested here
   34 |   value_type *output = desc.get_final_output_destination();
      |                             ^
C:/dev/llvm-acpp-msvc-21/bin/../include/AdaptiveCpp\hipSYCL/algorithms/reduction\wg_model/group_horizontal_reducer.hpp:67:28: note: in instantiation of function template specialization 'hipsycl::algorithms::reduction::detail::set_reduction_result<hipsycl::algorithms::reduction::wg_model::configured_reduction_descriptor<hipsycl::algorithms::reduction::reduction_descriptor<hipsycl::algorithms::reduction::reduction_binary_operator<int, hipsycl::sycl::plus<int>>, hipsycl::sycl::accessor<int, 1, hipsycl::sycl::access_mode::read_write, hipsycl::sycl::target::device, hipsycl::sycl::accessor_variant::unranged>>>>' requested here
   67 |         reduction::detail::set_reduction_result(descriptor, group_result,
      |                            ^
C:/dev/llvm-acpp-msvc-21/bin/../include/AdaptiveCpp\hipSYCL/algorithms/reduction/reduction_engine.hpp:84:18: note: in instantiation of function template specialization 'hipsycl::algorithms::reduction::wg_model::group_horizontal_reducer<hipsycl::algorithms::reduction::wg_model::group_reductions::generic_local_memory<hipsycl::algorithms::reduction::reduction_descriptor<hipsycl::algorithms::reduction::reduction_binary_operator<int, hipsycl::sycl::plus<int>>, hipsycl::sycl::accessor<int, 1, hipsycl::sycl::access_mode::read_write, hipsycl::sycl::target::device, hipsycl::sycl::accessor_variant::unranged>>>>::finalize<hipsycl::sycl::nd_item<>, hipsycl::algorithms::reduction::wg_model::configured_reduction_descriptor<hipsycl::algorithms::reduction::reduction_descriptor<hipsycl::algorithms::reduction::reduction_binary_operator<int, hipsycl::sycl::plus<int>>, hipsycl::sycl::accessor<int, 1, hipsycl::sycl::access_mode::read_write, hipsycl::sycl::target::device, hipsycl::sycl::accessor_variant::unranged>>>, hipsycl::algorithms::reduction::wg_model::sequential_reducer<hipsycl::algorithms::reduction::reduction_binary_operator<int, hipsycl::sycl::plus<int>>>>' requested here
   84 |   (group_reducer.finalize(wi_index, descs, std::get<Is>(reducers_tuple)), ...);
      |                  ^
C:/dev/llvm-acpp-msvc-21/bin/../include/AdaptiveCpp\hipSYCL/algorithms/reduction/reduction_engine.hpp:92:3: note: in instantiation of function template specialization 'hipsycl::algorithms::reduction::invoke_helpers::invoke_finalize_with_reducers_impl<hipsycl::algorithms::reduction::wg_model::group_horizontal_reducer<hipsycl::algorithms::reduction::wg_model::group_reductions::generic_local_memory<hipsycl::algorithms::reduction::reduction_descriptor<hipsycl::algorithms::reduction::reduction_binary_operator<int, hipsycl::sycl::plus<int>>, hipsycl::sycl::accessor<int, 1, hipsycl::sycl::access_mode::read_write, hipsycl::sycl::target::device, hipsycl::sycl::accessor_variant::unranged>>>>, hipsycl::sycl::nd_item<>, std::tuple<hipsycl::algorithms::reduction::wg_model::sequential_reducer<hipsycl::algorithms::reduction::reduction_binary_operator<int, hipsycl::sycl::plus<int>>>>, 0ULL, hipsycl::algorithms::reduction::wg_model::configured_reduction_descriptor<hipsycl::algorithms::reduction::reduction_descriptor<hipsycl::algorithms::reduction::reduction_binary_operator<int, hipsycl::sycl::plus<int>>, hipsycl::sycl::accessor<int, 1, hipsycl::sycl::access_mode::read_write, hipsycl::sycl::target::device, hipsycl::sycl::accessor_variant::unranged>>>>' requested here
   92 |   invoke_finalize_with_reducers_impl(
      |   ^
C:/dev/llvm-acpp-msvc-21/bin/../include/AdaptiveCpp\hipSYCL/algorithms/reduction/reduction_engine.hpp:229:21: note: in instantiation of function template specialization 'hipsycl::algorithms::reduction::invoke_helpers::invoke_finalize_with_reducers<hipsycl::algorithms::reduction::wg_model::group_horizontal_reducer<hipsycl::algorithms::reduction::wg_model::group_reductions::generic_local_memory<hipsycl::algorithms::reduction::reduction_descriptor<hipsycl::algorithms::reduction::reduction_binary_operator<int, hipsycl::sycl::plus<int>>, hipsycl::sycl::accessor<int, 1, hipsycl::sycl::access_mode::read_write, hipsycl::sycl::target::device, hipsycl::sycl::accessor_variant::unranged>>>>, hipsycl::sycl::nd_item<>, hipsycl::algorithms::reduction::wg_model::sequential_reducer<hipsycl::algorithms::reduction::reduction_binary_operator<int, hipsycl::sycl::plus<int>>>, hipsycl::algorithms::reduction::wg_model::configured_reduction_descriptor<hipsycl::algorithms::reduction::reduction_descriptor<hipsycl::algorithms::reduction::reduction_binary_operator<int, hipsycl::sycl::plus<int>>, hipsycl::sycl::accessor<int, 1, hipsycl::sycl::access_mode::read_write, hipsycl::sycl::target::device, hipsycl::sycl::accessor_variant::unranged>>>>' requested here
  229 |     invoke_helpers::invoke_finalize_with_reducers(group_reducer, wi_index, wi_reducers, descs...);
      |                     ^
C:\Program Files (x86)\Microsoft Visual Studio\2022\BuildTools\VC\Tools\MSVC\14.41.34120\include\type_traits:1714:16: note: (skipping 12 contexts in backtrace; use -ftemplate-backtrace-limit=0 to see all)
 1714 |         return static_cast<_Callable&&>(_Obj)(static_cast<_Ty1&&>(_Arg1), static_cast<_Types2&&>(_Args2)...);
      |                ^
C:/OpenFOAM/SPUMA/src/OpenFOAM/lnInclude\syclExecutor.cpp:100:15: note: in instantiation of function template specialization 'hipsycl::sycl::handler::parallel_for<__acpp_unnamed_kernel, hipsycl::algorithms::reduction::reduction_descriptor<hipsycl::algorithms::reduction::reduction_binary_operator<int, hipsycl::sycl::plus<int>>, hipsycl::sycl::accessor<int, 1, hipsycl::sycl::access_mode::read_write, hipsycl::sycl::target::device, hipsycl::sycl::accessor_variant::unranged>>, (lambda at C:\OpenFOAM\SPUMA\src\OpenFOAM\lnInclude\syclExecutor.cpp:101:17)>' requested here
  100 |             h.parallel_for(sycl::range<1>(size), sumReduction,
      |               ^
C:/OpenFOAM/SPUMA/src/OpenFOAM/lnInclude\executor.H:85:34: note: in instantiation of function template specialization 'Foam::syclExecutor::_backendReductionSum<(lambda at C:\OpenFOAM\SPUMA\src\OpenFOAM\lnInclude\FieldFunctions.C:534:26), int>' requested here
   85 |         (static_cast<T*>(this))->_backendReductionSum(lambda, result, size);
      |                                  ^
C:/OpenFOAM/SPUMA/src/OpenFOAM/lnInclude\FieldFunctions.C:536:18: note: in instantiation of function template specialization 'Foam::executor<Foam::syclExecutor>::reductionSum<(lambda at C:\OpenFOAM\SPUMA\src\OpenFOAM\lnInclude\FieldFunctions.C:534:26), int>' requested here
  536 |             exec.reductionSum(sumOp, &result, size);
      |                  ^
C:/OpenFOAM/SPUMA/src/OpenFOAM/lnInclude\FieldFunctions.C:547:26: note: in instantiation of function template specialization 'Foam::sum<int>' requested here
  547 | TMP_UNARY_FUNCTION(Type, sum)
      |                          ^
C:/OpenFOAM/SPUMA/src/OpenFOAM/lnInclude\FieldFunctions.C:463:22: note: expanded from macro 'TMP_UNARY_FUNCTION'
  463 |     ReturnType res = Func(tf1());                                              \
      |                      ^
C:/OpenFOAM/SPUMA/src/OpenFOAM/lnInclude\globalIndexAndTransformI.H:462:30: note: in instantiation of function template specialization 'Foam::sum<int>' requested here
  462 |     label nUsedTrans = round(sum(mag(permutation)));
      |                              ^
C:/dev/llvm-acpp-msvc-21/bin/../include/AdaptiveCpp\sycl\../hipSYCL/sycl\libkernel\multi_ptr.hpp:668:9: note: 'multi_ptr<int, hipsycl::sycl::access::address_space::global_space, hipsycl::sycl::access::decorated::legacy>' has been explicitly marked deprecated here
  668 | class [[deprecated]] multi_ptr<ElementType, Space, access::decorated::legacy> {
      |         ^
In file included from fvMesh/extendedStencil/cellToFace/MeshObjects/upwindCPCCellToFaceStencilObject.C:28:
In file included from fvMesh/extendedStencil/cellToFace/MeshObjects\upwindCPCCellToFaceStencilObject.H:39:
In file included from lnInclude\extendedUpwindCellToFaceStencil.H:49:
In file included from lnInclude\extendedCellToFaceStencil.H:53:
In file included from C:/OpenFOAM/SPUMA/src/OpenFOAM/lnInclude\mapDistribute.H:139:
In file included from C:/OpenFOAM/SPUMA/src/OpenFOAM/lnInclude\mapDistributeBase.H:77:
In file included from C:/OpenFOAM/SPUMA/src/OpenFOAM/lnInclude\boolList.H:32:
In file included from C:/OpenFOAM/SPUMA/src/OpenFOAM/lnInclude\List.H:47:
In file included from C:/OpenFOAM/SPUMA/src/OpenFOAM/lnInclude\autoPtr.H:348:
In file included from C:/OpenFOAM/SPUMA/src/OpenFOAM/lnInclude\autoPtrI.H:29:
In file included from C:/OpenFOAM/SPUMA/src/OpenFOAM/lnInclude\error.H:60:
In file included from C:/OpenFOAM/SPUMA/src/OpenFOAM/lnInclude\messageStream.H:57:
In file included from C:/OpenFOAM/SPUMA/src/OpenFOAM/lnInclude\label.H:42:
In file included from C:/OpenFOAM/SPUMA/src/OpenFOAM/lnInclude\int.H:41:
In file included from C:/OpenFOAM/SPUMA/src/OpenFOAM/lnInclude\deviceM.H:58:
In file included from C:/dev/llvm-acpp-msvc-21/bin/../include/AdaptiveCpp\sycl/sycl.hpp:14:
In file included from C:/dev/llvm-acpp-msvc-21/bin/../include/AdaptiveCpp\sycl\../hipSYCL/sycl/sycl.hpp:62:
In file included from C:/dev/llvm-acpp-msvc-21/bin/../include/AdaptiveCpp\sycl\../hipSYCL/sycl\libkernel/reduction.hpp:20:
C:/dev/llvm-acpp-msvc-21/bin/../include/AdaptiveCpp\hipSYCL/algorithms/reduction/reduction_descriptor.hpp:127:14: warning: 'multi_ptr<const int, hipsycl::sycl::access::address_space::global_space, hipsycl::sycl::access::decorated::legacy>' is deprecated [-Wdeprecated-declarations]
  127 |       return _output.get_pointer();
      |              ^
C:/dev/llvm-acpp-msvc-21/bin/../include/AdaptiveCpp\sycl\../hipSYCL/sycl\libkernel\multi_ptr.hpp:668:9: note: 'multi_ptr<const int, hipsycl::sycl::access::address_space::global_space, hipsycl::sycl::access::decorated::legacy>' has been explicitly marked deprecated here
  668 | class [[deprecated]] multi_ptr<ElementType, Space, access::decorated::legacy> {
      |         ^
C:/dev/llvm-acpp-msvc-21/bin/../include/AdaptiveCpp\sycl\../hipSYCL/sycl\libkernel\multi_ptr.hpp:1001:1: warning: 'multi_ptr<int, hipsycl::sycl::access::address_space::global_space, hipsycl::sycl::access::decorated::legacy>' is deprecated [-Wdeprecated-declarations]
 1001 | using global_ptr = multi_ptr<ElementType, access::address_space::global_space, IsDecorated>;
      | ^
C:/dev/llvm-acpp-msvc-21/bin/../include/AdaptiveCpp\sycl\../hipSYCL/sycl\libkernel/accessor.hpp:1274:12: note: in instantiation of template type alias 'global_ptr' requested here
 1274 |     return global_ptr<dataT>{const_cast<dataT*>(this->_ptr.get())};
      |            ^
C:/dev/llvm-acpp-msvc-21/bin/../include/AdaptiveCpp\hipSYCL/algorithms/reduction/reduction_descriptor.hpp:127:22: note: in instantiation of function template specialization 'hipsycl::sycl::accessor<int, 1, hipsycl::sycl::access_mode::read_write, hipsycl::sycl::target::device, hipsycl::sycl::accessor_variant::unranged>::get_pointer<hipsycl::sycl::target::device, void>' requested here
  127 |       return _output.get_pointer();
      |                      ^
C:/dev/llvm-acpp-msvc-21/bin/../include/AdaptiveCpp\hipSYCL/algorithms/reduction/reduction_descriptor.hpp:34:29: note: in instantiation of member function 'hipsycl::algorithms::reduction::reduction_descriptor<hipsycl::algorithms::reduction::reduction_binary_operator<int, hipsycl::sycl::plus<int>>, hipsycl::sycl::accessor<int, 1, hipsycl::sycl::access_mode::read_write, hipsycl::sycl::target::device, hipsycl::sycl::accessor_variant::unranged>>::get_final_output_destination' requested here
   34 |   value_type *output = desc.get_final_output_destination();
      |                             ^
C:/dev/llvm-acpp-msvc-21/bin/../include/AdaptiveCpp\hipSYCL/algorithms/reduction\wg_model/group_horizontal_reducer.hpp:67:28: note: in instantiation of function template specialization 'hipsycl::algorithms::reduction::detail::set_reduction_result<hipsycl::algorithms::reduction::wg_model::configured_reduction_descriptor<hipsycl::algorithms::reduction::reduction_descriptor<hipsycl::algorithms::reduction::reduction_binary_operator<int, hipsycl::sycl::plus<int>>, hipsycl::sycl::accessor<int, 1, hipsycl::sycl::access_mode::read_write, hipsycl::sycl::target::device, hipsycl::sycl::accessor_variant::unranged>>>>' requested here
   67 |         reduction::detail::set_reduction_result(descriptor, group_result,
      |                            ^
C:/dev/llvm-acpp-msvc-21/bin/../include/AdaptiveCpp\hipSYCL/algorithms/reduction/reduction_engine.hpp:84:18: note: in instantiation of function template specialization 'hipsycl::algorithms::reduction::wg_model::group_horizontal_reducer<hipsycl::algorithms::reduction::wg_model::group_reductions::generic_local_memory<hipsycl::algorithms::reduction::reduction_descriptor<hipsycl::algorithms::reduction::reduction_binary_operator<int, hipsycl::sycl::plus<int>>, hipsycl::sycl::accessor<int, 1, hipsycl::sycl::access_mode::read_write, hipsycl::sycl::target::device, hipsycl::sycl::accessor_variant::unranged>>>>::finalize<hipsycl::sycl::nd_item<>, hipsycl::algorithms::reduction::wg_model::configured_reduction_descriptor<hipsycl::algorithms::reduction::reduction_descriptor<hipsycl::algorithms::reduction::reduction_binary_operator<int, hipsycl::sycl::plus<int>>, hipsycl::sycl::accessor<int, 1, hipsycl::sycl::access_mode::read_write, hipsycl::sycl::target::device, hipsycl::sycl::accessor_variant::unranged>>>, hipsycl::algorithms::reduction::wg_model::sequential_reducer<hipsycl::algorithms::reduction::reduction_binary_operator<int, hipsycl::sycl::plus<int>>>>' requested here
   84 |   (group_reducer.finalize(wi_index, descs, std::get<Is>(reducers_tuple)), ...);
      |                  ^
C:/dev/llvm-acpp-msvc-21/bin/../include/AdaptiveCpp\hipSYCL/algorithms/reduction/reduction_engine.hpp:92:3: note: (skipping 14 contexts in backtrace; use -ftemplate-backtrace-limit=0 to see all)
   92 |   invoke_finalize_with_reducers_impl(
      |   ^
C:/OpenFOAM/SPUMA/src/OpenFOAM/lnInclude\syclExecutor.cpp:100:15: note: in instantiation of function template specialization 'hipsycl::sycl::handler::parallel_for<__acpp_unnamed_kernel, hipsycl::algorithms::reduction::reduction_descriptor<hipsycl::algorithms::reduction::reduction_binary_operator<int, hipsycl::sycl::plus<int>>, hipsycl::sycl::accessor<int, 1, hipsycl::sycl::access_mode::read_write, hipsycl::sycl::target::device, hipsycl::sycl::accessor_variant::unranged>>, (lambda at C:\OpenFOAM\SPUMA\src\OpenFOAM\lnInclude\syclExecutor.cpp:101:17)>' requested here
  100 |             h.parallel_for(sycl::range<1>(size), sumReduction,
      |               ^
C:/OpenFOAM/SPUMA/src/OpenFOAM/lnInclude\executor.H:85:34: note: in instantiation of function template specialization 'Foam::syclExecutor::_backendReductionSum<(lambda at C:\OpenFOAM\SPUMA\src\OpenFOAM\lnInclude\FieldFunctions.C:534:26), int>' requested here
   85 |         (static_cast<T*>(this))->_backendReductionSum(lambda, result, size);
      |                                  ^
C:/OpenFOAM/SPUMA/src/OpenFOAM/lnInclude\FieldFunctions.C:536:18: note: in instantiation of function template specialization 'Foam::executor<Foam::syclExecutor>::reductionSum<(lambda at C:\OpenFOAM\SPUMA\src\OpenFOAM\lnInclude\FieldFunctions.C:534:26), int>' requested here
  536 |             exec.reductionSum(sumOp, &result, size);
      |                  ^
C:/OpenFOAM/SPUMA/src/OpenFOAM/lnInclude\FieldFunctions.C:547:26: note: in instantiation of function template specialization 'Foam::sum<int>' requested here
  547 | TMP_UNARY_FUNCTION(Type, sum)
      |                          ^
C:/OpenFOAM/SPUMA/src/OpenFOAM/lnInclude\FieldFunctions.C:463:22: note: expanded from macro 'TMP_UNARY_FUNCTION'
  463 |     ReturnType res = Func(tf1());                                              \
      |                      ^
C:/OpenFOAM/SPUMA/src/OpenFOAM/lnInclude\globalIndexAndTransformI.H:462:30: note: in instantiation of function template specialization 'Foam::sum<int>' requested here
  462 |     label nUsedTrans = round(sum(mag(permutation)));
      |                              ^
C:/dev/llvm-acpp-msvc-21/bin/../include/AdaptiveCpp\sycl\../hipSYCL/sycl\libkernel\multi_ptr.hpp:668:9: note: 'multi_ptr<int, hipsycl::sycl::access::address_space::global_space, hipsycl::sycl::access::decorated::legacy>' has been explicitly marked deprecated here
  668 | class [[deprecated]] multi_ptr<ElementType, Space, access::decorated::legacy> {
      |         ^
In file included from fvMesh/extendedStencil/cellToFace/MeshObjects/upwindCPCCellToFaceStencilObject.C:28:
In file included from fvMesh/extendedStencil/cellToFace/MeshObjects\upwindCPCCellToFaceStencilObject.H:39:
In file included from lnInclude\extendedUpwindCellToFaceStencil.H:49:
In file included from lnInclude\extendedCellToFaceStencil.H:53:
In file included from C:/OpenFOAM/SPUMA/src/OpenFOAM/lnInclude\mapDistribute.H:772:
In file included from C:/OpenFOAM/SPUMA/src/OpenFOAM/lnInclude\mapDistributeTemplates.C:32:
In file included from C:/OpenFOAM/SPUMA/src/OpenFOAM/lnInclude\transformField.H:43:
In file included from C:/OpenFOAM/SPUMA/src/OpenFOAM/lnInclude\septernion.H:49:
In file included from C:/OpenFOAM/SPUMA/src/OpenFOAM/lnInclude\spatialTransform.H:201:
C:/OpenFOAM/SPUMA/src/OpenFOAM/lnInclude\spatialTransformI.H:42:16: warning: instantiation of variable 'Foam::Tensor<double>::I' required here, but no definition is available [-Wundefined-var-template]
   42 |     E_(tensor::I),
      |                ^
C:/OpenFOAM/SPUMA/src/OpenFOAM/lnInclude\Tensor.H:83:29: note: forward declaration of template entity is here
   83 |         static const Tensor I;
      |                             ^
C:/OpenFOAM/SPUMA/src/OpenFOAM/lnInclude\spatialTransformI.H:42:16: note: add an explicit instantiation declaration to suppress this warning if 'Foam::Tensor<double>::I' is explicitly instantiated in another translation unit
   42 |     E_(tensor::I),
      |                ^
6 warnings generated.
  OK: 319954 bytes
Compiling fvMesh/extendedStencil/cellToFace/MeshObjects/upwindFECCellToFaceStencilObject.C with omp ...
In file included from fvMesh/extendedStencil/cellToFace/MeshObjects/upwindFECCellToFaceStencilObject.C:28:
In file included from fvMesh/extendedStencil/cellToFace/MeshObjects\upwindFECCellToFaceStencilObject.H:39:
In file included from lnInclude\extendedUpwindCellToFaceStencil.H:49:
In file included from lnInclude\extendedCellToFaceStencil.H:53:
In file included from C:/OpenFOAM/SPUMA/src/OpenFOAM/lnInclude\mapDistribute.H:139:
In file included from C:/OpenFOAM/SPUMA/src/OpenFOAM/lnInclude\mapDistributeBase.H:77:
In file included from C:/OpenFOAM/SPUMA/src/OpenFOAM/lnInclude\boolList.H:32:
In file included from C:/OpenFOAM/SPUMA/src/OpenFOAM/lnInclude\List.H:47:
In file included from C:/OpenFOAM/SPUMA/src/OpenFOAM/lnInclude\autoPtr.H:348:
In file included from C:/OpenFOAM/SPUMA/src/OpenFOAM/lnInclude\autoPtrI.H:29:
In file included from C:/OpenFOAM/SPUMA/src/OpenFOAM/lnInclude\error.H:60:
In file included from C:/OpenFOAM/SPUMA/src/OpenFOAM/lnInclude\messageStream.H:57:
In file included from C:/OpenFOAM/SPUMA/src/OpenFOAM/lnInclude\label.H:42:
In file included from C:/OpenFOAM/SPUMA/src/OpenFOAM/lnInclude\int.H:45:
C:/OpenFOAM/SPUMA/src/OpenFOAM/lnInclude\int64.H:77:12: warning: absolute value function 'labs' given an argument of type 'const int64_t' (aka 'const long long') but has parameter of type 'long' which may cause truncation of value [-Wabsolute-value]
   77 |     return ::labs(val);
      |            ^
C:/OpenFOAM/SPUMA/src/OpenFOAM/lnInclude\int64.H:77:12: note: use function 'std::abs' instead
   77 |     return ::labs(val);
      |            ^~~~~~
      |            std::abs
In file included from fvMesh/extendedStencil/cellToFace/MeshObjects/upwindFECCellToFaceStencilObject.C:28:
In file included from fvMesh/extendedStencil/cellToFace/MeshObjects\upwindFECCellToFaceStencilObject.H:39:
In file included from lnInclude\extendedUpwindCellToFaceStencil.H:49:
In file included from lnInclude\extendedCellToFaceStencil.H:53:
In file included from C:/OpenFOAM/SPUMA/src/OpenFOAM/lnInclude\mapDistribute.H:141:
In file included from C:/OpenFOAM/SPUMA/src/OpenFOAM/lnInclude\vectorTensorTransform.H:262:
C:/OpenFOAM/SPUMA/src/OpenFOAM/lnInclude\vectorTensorTransformI.H:33:25: warning: instantiation of variable 'Foam::SphericalTensor<double>::I' required here, but no definition is available [-Wundefined-var-template]
   33 |     R_(sphericalTensor::I),
      |                         ^
C:/OpenFOAM/SPUMA/src/OpenFOAM/lnInclude\SphericalTensor.H:79:38: note: forward declaration of template entity is here
   79 |         static const SphericalTensor I;
      |                                      ^
C:/OpenFOAM/SPUMA/src/OpenFOAM/lnInclude\vectorTensorTransformI.H:33:25: note: add an explicit instantiation declaration to suppress this warning if 'Foam::SphericalTensor<double>::I' is explicitly instantiated in another translation unit
   33 |     R_(sphericalTensor::I),
      |                         ^
In file included from fvMesh/extendedStencil/cellToFace/MeshObjects/upwindFECCellToFaceStencilObject.C:28:
In file included from fvMesh/extendedStencil/cellToFace/MeshObjects\upwindFECCellToFaceStencilObject.H:39:
In file included from lnInclude\extendedUpwindCellToFaceStencil.H:49:
In file included from lnInclude\extendedCellToFaceStencil.H:53:
In file included from C:/OpenFOAM/SPUMA/src/OpenFOAM/lnInclude\mapDistribute.H:139:
In file included from C:/OpenFOAM/SPUMA/src/OpenFOAM/lnInclude\mapDistributeBase.H:77:
In file included from C:/OpenFOAM/SPUMA/src/OpenFOAM/lnInclude\boolList.H:32:
In file included from C:/OpenFOAM/SPUMA/src/OpenFOAM/lnInclude\List.H:47:
In file included from C:/OpenFOAM/SPUMA/src/OpenFOAM/lnInclude\autoPtr.H:348:
In file included from C:/OpenFOAM/SPUMA/src/OpenFOAM/lnInclude\autoPtrI.H:29:
In file included from C:/OpenFOAM/SPUMA/src/OpenFOAM/lnInclude\error.H:60:
In file included from C:/OpenFOAM/SPUMA/src/OpenFOAM/lnInclude\messageStream.H:57:
In file included from C:/OpenFOAM/SPUMA/src/OpenFOAM/lnInclude\label.H:42:
In file included from C:/OpenFOAM/SPUMA/src/OpenFOAM/lnInclude\int.H:41:
In file included from C:/OpenFOAM/SPUMA/src/OpenFOAM/lnInclude\deviceM.H:58:
In file included from C:/dev/llvm-acpp-msvc-21/bin/../include/AdaptiveCpp\sycl/sycl.hpp:14:
In file included from C:/dev/llvm-acpp-msvc-21/bin/../include/AdaptiveCpp\sycl\../hipSYCL/sycl/sycl.hpp:62:
In file included from C:/dev/llvm-acpp-msvc-21/bin/../include/AdaptiveCpp\sycl\../hipSYCL/sycl\libkernel/reduction.hpp:20:
C:/dev/llvm-acpp-msvc-21/bin/../include/AdaptiveCpp\hipSYCL/algorithms/reduction/reduction_descriptor.hpp:127:22: warning: 'multi_ptr<int, hipsycl::sycl::access::address_space::global_space, hipsycl::sycl::access::decorated::legacy>' is deprecated [-Wdeprecated-declarations]
  127 |       return _output.get_pointer();
      |                      ^
C:/dev/llvm-acpp-msvc-21/bin/../include/AdaptiveCpp\hipSYCL/algorithms/reduction/reduction_descriptor.hpp:34:29: note: in instantiation of member function 'hipsycl::algorithms::reduction::reduction_descriptor<hipsycl::algorithms::reduction::reduction_binary_operator<int, hipsycl::sycl::plus<int>>, hipsycl::sycl::accessor<int, 1, hipsycl::sycl::access_mode::read_write, hipsycl::sycl::target::device, hipsycl::sycl::accessor_variant::unranged>>::get_final_output_destination' requested here
   34 |   value_type *output = desc.get_final_output_destination();
      |                             ^
C:/dev/llvm-acpp-msvc-21/bin/../include/AdaptiveCpp\hipSYCL/algorithms/reduction\wg_model/group_horizontal_reducer.hpp:67:28: note: in instantiation of function template specialization 'hipsycl::algorithms::reduction::detail::set_reduction_result<hipsycl::algorithms::reduction::wg_model::configured_reduction_descriptor<hipsycl::algorithms::reduction::reduction_descriptor<hipsycl::algorithms::reduction::reduction_binary_operator<int, hipsycl::sycl::plus<int>>, hipsycl::sycl::accessor<int, 1, hipsycl::sycl::access_mode::read_write, hipsycl::sycl::target::device, hipsycl::sycl::accessor_variant::unranged>>>>' requested here
   67 |         reduction::detail::set_reduction_result(descriptor, group_result,
      |                            ^
C:/dev/llvm-acpp-msvc-21/bin/../include/AdaptiveCpp\hipSYCL/algorithms/reduction/reduction_engine.hpp:84:18: note: in instantiation of function template specialization 'hipsycl::algorithms::reduction::wg_model::group_horizontal_reducer<hipsycl::algorithms::reduction::wg_model::group_reductions::generic_local_memory<hipsycl::algorithms::reduction::reduction_descriptor<hipsycl::algorithms::reduction::reduction_binary_operator<int, hipsycl::sycl::plus<int>>, hipsycl::sycl::accessor<int, 1, hipsycl::sycl::access_mode::read_write, hipsycl::sycl::target::device, hipsycl::sycl::accessor_variant::unranged>>>>::finalize<hipsycl::sycl::nd_item<>, hipsycl::algorithms::reduction::wg_model::configured_reduction_descriptor<hipsycl::algorithms::reduction::reduction_descriptor<hipsycl::algorithms::reduction::reduction_binary_operator<int, hipsycl::sycl::plus<int>>, hipsycl::sycl::accessor<int, 1, hipsycl::sycl::access_mode::read_write, hipsycl::sycl::target::device, hipsycl::sycl::accessor_variant::unranged>>>, hipsycl::algorithms::reduction::wg_model::sequential_reducer<hipsycl::algorithms::reduction::reduction_binary_operator<int, hipsycl::sycl::plus<int>>>>' requested here
   84 |   (group_reducer.finalize(wi_index, descs, std::get<Is>(reducers_tuple)), ...);
      |                  ^
C:/dev/llvm-acpp-msvc-21/bin/../include/AdaptiveCpp\hipSYCL/algorithms/reduction/reduction_engine.hpp:92:3: note: in instantiation of function template specialization 'hipsycl::algorithms::reduction::invoke_helpers::invoke_finalize_with_reducers_impl<hipsycl::algorithms::reduction::wg_model::group_horizontal_reducer<hipsycl::algorithms::reduction::wg_model::group_reductions::generic_local_memory<hipsycl::algorithms::reduction::reduction_descriptor<hipsycl::algorithms::reduction::reduction_binary_operator<int, hipsycl::sycl::plus<int>>, hipsycl::sycl::accessor<int, 1, hipsycl::sycl::access_mode::read_write, hipsycl::sycl::target::device, hipsycl::sycl::accessor_variant::unranged>>>>, hipsycl::sycl::nd_item<>, std::tuple<hipsycl::algorithms::reduction::wg_model::sequential_reducer<hipsycl::algorithms::reduction::reduction_binary_operator<int, hipsycl::sycl::plus<int>>>>, 0ULL, hipsycl::algorithms::reduction::wg_model::configured_reduction_descriptor<hipsycl::algorithms::reduction::reduction_descriptor<hipsycl::algorithms::reduction::reduction_binary_operator<int, hipsycl::sycl::plus<int>>, hipsycl::sycl::accessor<int, 1, hipsycl::sycl::access_mode::read_write, hipsycl::sycl::target::device, hipsycl::sycl::accessor_variant::unranged>>>>' requested here
   92 |   invoke_finalize_with_reducers_impl(
      |   ^
C:/dev/llvm-acpp-msvc-21/bin/../include/AdaptiveCpp\hipSYCL/algorithms/reduction/reduction_engine.hpp:229:21: note: in instantiation of function template specialization 'hipsycl::algorithms::reduction::invoke_helpers::invoke_finalize_with_reducers<hipsycl::algorithms::reduction::wg_model::group_horizontal_reducer<hipsycl::algorithms::reduction::wg_model::group_reductions::generic_local_memory<hipsycl::algorithms::reduction::reduction_descriptor<hipsycl::algorithms::reduction::reduction_binary_operator<int, hipsycl::sycl::plus<int>>, hipsycl::sycl::accessor<int, 1, hipsycl::sycl::access_mode::read_write, hipsycl::sycl::target::device, hipsycl::sycl::accessor_variant::unranged>>>>, hipsycl::sycl::nd_item<>, hipsycl::algorithms::reduction::wg_model::sequential_reducer<hipsycl::algorithms::reduction::reduction_binary_operator<int, hipsycl::sycl::plus<int>>>, hipsycl::algorithms::reduction::wg_model::configured_reduction_descriptor<hipsycl::algorithms::reduction::reduction_descriptor<hipsycl::algorithms::reduction::reduction_binary_operator<int, hipsycl::sycl::plus<int>>, hipsycl::sycl::accessor<int, 1, hipsycl::sycl::access_mode::read_write, hipsycl::sycl::target::device, hipsycl::sycl::accessor_variant::unranged>>>>' requested here
  229 |     invoke_helpers::invoke_finalize_with_reducers(group_reducer, wi_index, wi_reducers, descs...);
      |                     ^
C:\Program Files (x86)\Microsoft Visual Studio\2022\BuildTools\VC\Tools\MSVC\14.41.34120\include\type_traits:1714:16: note: (skipping 12 contexts in backtrace; use -ftemplate-backtrace-limit=0 to see all)
 1714 |         return static_cast<_Callable&&>(_Obj)(static_cast<_Ty1&&>(_Arg1), static_cast<_Types2&&>(_Args2)...);
      |                ^
C:/OpenFOAM/SPUMA/src/OpenFOAM/lnInclude\syclExecutor.cpp:100:15: note: in instantiation of function template specialization 'hipsycl::sycl::handler::parallel_for<__acpp_unnamed_kernel, hipsycl::algorithms::reduction::reduction_descriptor<hipsycl::algorithms::reduction::reduction_binary_operator<int, hipsycl::sycl::plus<int>>, hipsycl::sycl::accessor<int, 1, hipsycl::sycl::access_mode::read_write, hipsycl::sycl::target::device, hipsycl::sycl::accessor_variant::unranged>>, (lambda at C:\OpenFOAM\SPUMA\src\OpenFOAM\lnInclude\syclExecutor.cpp:101:17)>' requested here
  100 |             h.parallel_for(sycl::range<1>(size), sumReduction,
      |               ^
C:/OpenFOAM/SPUMA/src/OpenFOAM/lnInclude\executor.H:85:34: note: in instantiation of function template specialization 'Foam::syclExecutor::_backendReductionSum<(lambda at C:\OpenFOAM\SPUMA\src\OpenFOAM\lnInclude\FieldFunctions.C:534:26), int>' requested here
   85 |         (static_cast<T*>(this))->_backendReductionSum(lambda, result, size);
      |                                  ^
C:/OpenFOAM/SPUMA/src/OpenFOAM/lnInclude\FieldFunctions.C:536:18: note: in instantiation of function template specialization 'Foam::executor<Foam::syclExecutor>::reductionSum<(lambda at C:\OpenFOAM\SPUMA\src\OpenFOAM\lnInclude\FieldFunctions.C:534:26), int>' requested here
  536 |             exec.reductionSum(sumOp, &result, size);
      |                  ^
C:/OpenFOAM/SPUMA/src/OpenFOAM/lnInclude\FieldFunctions.C:547:26: note: in instantiation of function template specialization 'Foam::sum<int>' requested here
  547 | TMP_UNARY_FUNCTION(Type, sum)
      |                          ^
C:/OpenFOAM/SPUMA/src/OpenFOAM/lnInclude\FieldFunctions.C:463:22: note: expanded from macro 'TMP_UNARY_FUNCTION'
  463 |     ReturnType res = Func(tf1());                                              \
      |                      ^
C:/OpenFOAM/SPUMA/src/OpenFOAM/lnInclude\globalIndexAndTransformI.H:462:30: note: in instantiation of function template specialization 'Foam::sum<int>' requested here
  462 |     label nUsedTrans = round(sum(mag(permutation)));
      |                              ^
C:/dev/llvm-acpp-msvc-21/bin/../include/AdaptiveCpp\sycl\../hipSYCL/sycl\libkernel\multi_ptr.hpp:668:9: note: 'multi_ptr<int, hipsycl::sycl::access::address_space::global_space, hipsycl::sycl::access::decorated::legacy>' has been explicitly marked deprecated here
  668 | class [[deprecated]] multi_ptr<ElementType, Space, access::decorated::legacy> {
      |         ^
In file included from fvMesh/extendedStencil/cellToFace/MeshObjects/upwindFECCellToFaceStencilObject.C:28:
In file included from fvMesh/extendedStencil/cellToFace/MeshObjects\upwindFECCellToFaceStencilObject.H:39:
In file included from lnInclude\extendedUpwindCellToFaceStencil.H:49:
In file included from lnInclude\extendedCellToFaceStencil.H:53:
In file included from C:/OpenFOAM/SPUMA/src/OpenFOAM/lnInclude\mapDistribute.H:139:
In file included from C:/OpenFOAM/SPUMA/src/OpenFOAM/lnInclude\mapDistributeBase.H:77:
In file included from C:/OpenFOAM/SPUMA/src/OpenFOAM/lnInclude\boolList.H:32:
In file included from C:/OpenFOAM/SPUMA/src/OpenFOAM/lnInclude\List.H:47:
In file included from C:/OpenFOAM/SPUMA/src/OpenFOAM/lnInclude\autoPtr.H:348:
In file included from C:/OpenFOAM/SPUMA/src/OpenFOAM/lnInclude\autoPtrI.H:29:
In file included from C:/OpenFOAM/SPUMA/src/OpenFOAM/lnInclude\error.H:60:
In file included from C:/OpenFOAM/SPUMA/src/OpenFOAM/lnInclude\messageStream.H:57:
In file included from C:/OpenFOAM/SPUMA/src/OpenFOAM/lnInclude\label.H:42:
In file included from C:/OpenFOAM/SPUMA/src/OpenFOAM/lnInclude\int.H:41:
In file included from C:/OpenFOAM/SPUMA/src/OpenFOAM/lnInclude\deviceM.H:58:
In file included from C:/dev/llvm-acpp-msvc-21/bin/../include/AdaptiveCpp\sycl/sycl.hpp:14:
In file included from C:/dev/llvm-acpp-msvc-21/bin/../include/AdaptiveCpp\sycl\../hipSYCL/sycl/sycl.hpp:62:
In file included from C:/dev/llvm-acpp-msvc-21/bin/../include/AdaptiveCpp\sycl\../hipSYCL/sycl\libkernel/reduction.hpp:20:
C:/dev/llvm-acpp-msvc-21/bin/../include/AdaptiveCpp\hipSYCL/algorithms/reduction/reduction_descriptor.hpp:127:14: warning: 'multi_ptr<const int, hipsycl::sycl::access::address_space::global_space, hipsycl::sycl::access::decorated::legacy>' is deprecated [-Wdeprecated-declarations]
  127 |       return _output.get_pointer();
      |              ^
C:/dev/llvm-acpp-msvc-21/bin/../include/AdaptiveCpp\sycl\../hipSYCL/sycl\libkernel\multi_ptr.hpp:668:9: note: 'multi_ptr<const int, hipsycl::sycl::access::address_space::global_space, hipsycl::sycl::access::decorated::legacy>' has been explicitly marked deprecated here
  668 | class [[deprecated]] multi_ptr<ElementType, Space, access::decorated::legacy> {
      |         ^
C:/dev/llvm-acpp-msvc-21/bin/../include/AdaptiveCpp\sycl\../hipSYCL/sycl\libkernel\multi_ptr.hpp:1001:1: warning: 'multi_ptr<int, hipsycl::sycl::access::address_space::global_space, hipsycl::sycl::access::decorated::legacy>' is deprecated [-Wdeprecated-declarations]
 1001 | using global_ptr = multi_ptr<ElementType, access::address_space::global_space, IsDecorated>;
      | ^
C:/dev/llvm-acpp-msvc-21/bin/../include/AdaptiveCpp\sycl\../hipSYCL/sycl\libkernel/accessor.hpp:1274:12: note: in instantiation of template type alias 'global_ptr' requested here
 1274 |     return global_ptr<dataT>{const_cast<dataT*>(this->_ptr.get())};
      |            ^
C:/dev/llvm-acpp-msvc-21/bin/../include/AdaptiveCpp\hipSYCL/algorithms/reduction/reduction_descriptor.hpp:127:22: note: in instantiation of function template specialization 'hipsycl::sycl::accessor<int, 1, hipsycl::sycl::access_mode::read_write, hipsycl::sycl::target::device, hipsycl::sycl::accessor_variant::unranged>::get_pointer<hipsycl::sycl::target::device, void>' requested here
  127 |       return _output.get_pointer();
      |                      ^
C:/dev/llvm-acpp-msvc-21/bin/../include/AdaptiveCpp\hipSYCL/algorithms/reduction/reduction_descriptor.hpp:34:29: note: in instantiation of member function 'hipsycl::algorithms::reduction::reduction_descriptor<hipsycl::algorithms::reduction::reduction_binary_operator<int, hipsycl::sycl::plus<int>>, hipsycl::sycl::accessor<int, 1, hipsycl::sycl::access_mode::read_write, hipsycl::sycl::target::device, hipsycl::sycl::accessor_variant::unranged>>::get_final_output_destination' requested here
   34 |   value_type *output = desc.get_final_output_destination();
      |                             ^
C:/dev/llvm-acpp-msvc-21/bin/../include/AdaptiveCpp\hipSYCL/algorithms/reduction\wg_model/group_horizontal_reducer.hpp:67:28: note: in instantiation of function template specialization 'hipsycl::algorithms::reduction::detail::set_reduction_result<hipsycl::algorithms::reduction::wg_model::configured_reduction_descriptor<hipsycl::algorithms::reduction::reduction_descriptor<hipsycl::algorithms::reduction::reduction_binary_operator<int, hipsycl::sycl::plus<int>>, hipsycl::sycl::accessor<int, 1, hipsycl::sycl::access_mode::read_write, hipsycl::sycl::target::device, hipsycl::sycl::accessor_variant::unranged>>>>' requested here
   67 |         reduction::detail::set_reduction_result(descriptor, group_result,
      |                            ^
C:/dev/llvm-acpp-msvc-21/bin/../include/AdaptiveCpp\hipSYCL/algorithms/reduction/reduction_engine.hpp:84:18: note: in instantiation of function template specialization 'hipsycl::algorithms::reduction::wg_model::group_horizontal_reducer<hipsycl::algorithms::reduction::wg_model::group_reductions::generic_local_memory<hipsycl::algorithms::reduction::reduction_descriptor<hipsycl::algorithms::reduction::reduction_binary_operator<int, hipsycl::sycl::plus<int>>, hipsycl::sycl::accessor<int, 1, hipsycl::sycl::access_mode::read_write, hipsycl::sycl::target::device, hipsycl::sycl::accessor_variant::unranged>>>>::finalize<hipsycl::sycl::nd_item<>, hipsycl::algorithms::reduction::wg_model::configured_reduction_descriptor<hipsycl::algorithms::reduction::reduction_descriptor<hipsycl::algorithms::reduction::reduction_binary_operator<int, hipsycl::sycl::plus<int>>, hipsycl::sycl::accessor<int, 1, hipsycl::sycl::access_mode::read_write, hipsycl::sycl::target::device, hipsycl::sycl::accessor_variant::unranged>>>, hipsycl::algorithms::reduction::wg_model::sequential_reducer<hipsycl::algorithms::reduction::reduction_binary_operator<int, hipsycl::sycl::plus<int>>>>' requested here
   84 |   (group_reducer.finalize(wi_index, descs, std::get<Is>(reducers_tuple)), ...);
      |                  ^
C:/dev/llvm-acpp-msvc-21/bin/../include/AdaptiveCpp\hipSYCL/algorithms/reduction/reduction_engine.hpp:92:3: note: (skipping 14 contexts in backtrace; use -ftemplate-backtrace-limit=0 to see all)
   92 |   invoke_finalize_with_reducers_impl(
      |   ^
C:/OpenFOAM/SPUMA/src/OpenFOAM/lnInclude\syclExecutor.cpp:100:15: note: in instantiation of function template specialization 'hipsycl::sycl::handler::parallel_for<__acpp_unnamed_kernel, hipsycl::algorithms::reduction::reduction_descriptor<hipsycl::algorithms::reduction::reduction_binary_operator<int, hipsycl::sycl::plus<int>>, hipsycl::sycl::accessor<int, 1, hipsycl::sycl::access_mode::read_write, hipsycl::sycl::target::device, hipsycl::sycl::accessor_variant::unranged>>, (lambda at C:\OpenFOAM\SPUMA\src\OpenFOAM\lnInclude\syclExecutor.cpp:101:17)>' requested here
  100 |             h.parallel_for(sycl::range<1>(size), sumReduction,
      |               ^
C:/OpenFOAM/SPUMA/src/OpenFOAM/lnInclude\executor.H:85:34: note: in instantiation of function template specialization 'Foam::syclExecutor::_backendReductionSum<(lambda at C:\OpenFOAM\SPUMA\src\OpenFOAM\lnInclude\FieldFunctions.C:534:26), int>' requested here
   85 |         (static_cast<T*>(this))->_backendReductionSum(lambda, result, size);
      |                                  ^
C:/OpenFOAM/SPUMA/src/OpenFOAM/lnInclude\FieldFunctions.C:536:18: note: in instantiation of function template specialization 'Foam::executor<Foam::syclExecutor>::reductionSum<(lambda at C:\OpenFOAM\SPUMA\src\OpenFOAM\lnInclude\FieldFunctions.C:534:26), int>' requested here
  536 |             exec.reductionSum(sumOp, &result, size);
      |                  ^
C:/OpenFOAM/SPUMA/src/OpenFOAM/lnInclude\FieldFunctions.C:547:26: note: in instantiation of function template specialization 'Foam::sum<int>' requested here
  547 | TMP_UNARY_FUNCTION(Type, sum)
      |                          ^
C:/OpenFOAM/SPUMA/src/OpenFOAM/lnInclude\FieldFunctions.C:463:22: note: expanded from macro 'TMP_UNARY_FUNCTION'
  463 |     ReturnType res = Func(tf1());                                              \
      |                      ^
C:/OpenFOAM/SPUMA/src/OpenFOAM/lnInclude\globalIndexAndTransformI.H:462:30: note: in instantiation of function template specialization 'Foam::sum<int>' requested here
  462 |     label nUsedTrans = round(sum(mag(permutation)));
      |                              ^
C:/dev/llvm-acpp-msvc-21/bin/../include/AdaptiveCpp\sycl\../hipSYCL/sycl\libkernel\multi_ptr.hpp:668:9: note: 'multi_ptr<int, hipsycl::sycl::access::address_space::global_space, hipsycl::sycl::access::decorated::legacy>' has been explicitly marked deprecated here
  668 | class [[deprecated]] multi_ptr<ElementType, Space, access::decorated::legacy> {
      |         ^
In file included from fvMesh/extendedStencil/cellToFace/MeshObjects/upwindFECCellToFaceStencilObject.C:28:
In file included from fvMesh/extendedStencil/cellToFace/MeshObjects\upwindFECCellToFaceStencilObject.H:39:
In file included from lnInclude\extendedUpwindCellToFaceStencil.H:49:
In file included from lnInclude\extendedCellToFaceStencil.H:53:
In file included from C:/OpenFOAM/SPUMA/src/OpenFOAM/lnInclude\mapDistribute.H:772:
In file included from C:/OpenFOAM/SPUMA/src/OpenFOAM/lnInclude\mapDistributeTemplates.C:32:
In file included from C:/OpenFOAM/SPUMA/src/OpenFOAM/lnInclude\transformField.H:43:
In file included from C:/OpenFOAM/SPUMA/src/OpenFOAM/lnInclude\septernion.H:49:
In file included from C:/OpenFOAM/SPUMA/src/OpenFOAM/lnInclude\spatialTransform.H:201:
C:/OpenFOAM/SPUMA/src/OpenFOAM/lnInclude\spatialTransformI.H:42:16: warning: instantiation of variable 'Foam::Tensor<double>::I' required here, but no definition is available [-Wundefined-var-template]
   42 |     E_(tensor::I),
      |                ^
C:/OpenFOAM/SPUMA/src/OpenFOAM/lnInclude\Tensor.H:83:29: note: forward declaration of template entity is here
   83 |         static const Tensor I;
      |                             ^
C:/OpenFOAM/SPUMA/src/OpenFOAM/lnInclude\spatialTransformI.H:42:16: note: add an explicit instantiation declaration to suppress this warning if 'Foam::Tensor<double>::I' is explicitly instantiated in another translation unit
   42 |     E_(tensor::I),
      |                ^
6 warnings generated.
  OK: 319954 bytes
Compiling fvMesh/extendedStencil/faceToCell/extendedCentredFaceToCellStencil.C with omp ...
In file included from fvMesh/extendedStencil/faceToCell/extendedCentredFaceToCellStencil.C:28:
In file included from fvMesh/extendedStencil/faceToCell\extendedCentredFaceToCellStencil.H:39:
In file included from fvMesh/extendedStencil/faceToCell\extendedFaceToCellStencil.H:42:
In file included from C:/OpenFOAM/SPUMA/src/OpenFOAM/lnInclude\mapDistribute.H:139:
In file included from C:/OpenFOAM/SPUMA/src/OpenFOAM/lnInclude\mapDistributeBase.H:77:
In file included from C:/OpenFOAM/SPUMA/src/OpenFOAM/lnInclude\boolList.H:32:
In file included from C:/OpenFOAM/SPUMA/src/OpenFOAM/lnInclude\List.H:47:
In file included from C:/OpenFOAM/SPUMA/src/OpenFOAM/lnInclude\autoPtr.H:348:
In file included from C:/OpenFOAM/SPUMA/src/OpenFOAM/lnInclude\autoPtrI.H:29:
In file included from C:/OpenFOAM/SPUMA/src/OpenFOAM/lnInclude\error.H:60:
In file included from C:/OpenFOAM/SPUMA/src/OpenFOAM/lnInclude\messageStream.H:57:
In file included from C:/OpenFOAM/SPUMA/src/OpenFOAM/lnInclude\label.H:42:
In file included from C:/OpenFOAM/SPUMA/src/OpenFOAM/lnInclude\int.H:45:
C:/OpenFOAM/SPUMA/src/OpenFOAM/lnInclude\int64.H:77:12: warning: absolute value function 'labs' given an argument of type 'const int64_t' (aka 'const long long') but has parameter of type 'long' which may cause truncation of value [-Wabsolute-value]
   77 |     return ::labs(val);
      |            ^
C:/OpenFOAM/SPUMA/src/OpenFOAM/lnInclude\int64.H:77:12: note: use function 'std::abs' instead
   77 |     return ::labs(val);
      |            ^~~~~~
      |            std::abs
In file included from fvMesh/extendedStencil/faceToCell/extendedCentredFaceToCellStencil.C:28:
In file included from fvMesh/extendedStencil/faceToCell\extendedCentredFaceToCellStencil.H:39:
In file included from fvMesh/extendedStencil/faceToCell\extendedFaceToCellStencil.H:42:
In file included from C:/OpenFOAM/SPUMA/src/OpenFOAM/lnInclude\mapDistribute.H:141:
In file included from C:/OpenFOAM/SPUMA/src/OpenFOAM/lnInclude\vectorTensorTransform.H:262:
C:/OpenFOAM/SPUMA/src/OpenFOAM/lnInclude\vectorTensorTransformI.H:33:25: warning: instantiation of variable 'Foam::SphericalTensor<double>::I' required here, but no definition is available [-Wundefined-var-template]
   33 |     R_(sphericalTensor::I),
      |                         ^
C:/OpenFOAM/SPUMA/src/OpenFOAM/lnInclude\SphericalTensor.H:79:38: note: forward declaration of template entity is here
   79 |         static const SphericalTensor I;
      |                                      ^
C:/OpenFOAM/SPUMA/src/OpenFOAM/lnInclude\vectorTensorTransformI.H:33:25: note: add an explicit instantiation declaration to suppress this warning if 'Foam::SphericalTensor<double>::I' is explicitly instantiated in another translation unit
   33 |     R_(sphericalTensor::I),
      |                         ^
In file included from fvMesh/extendedStencil/faceToCell/extendedCentredFaceToCellStencil.C:28:
In file included from fvMesh/extendedStencil/faceToCell\extendedCentredFaceToCellStencil.H:39:
In file included from fvMesh/extendedStencil/faceToCell\extendedFaceToCellStencil.H:42:
In file included from C:/OpenFOAM/SPUMA/src/OpenFOAM/lnInclude\mapDistribute.H:139:
In file included from C:/OpenFOAM/SPUMA/src/OpenFOAM/lnInclude\mapDistributeBase.H:77:
In file included from C:/OpenFOAM/SPUMA/src/OpenFOAM/lnInclude\boolList.H:32:
In file included from C:/OpenFOAM/SPUMA/src/OpenFOAM/lnInclude\List.H:47:
In file included from C:/OpenFOAM/SPUMA/src/OpenFOAM/lnInclude\autoPtr.H:348:
In file included from C:/OpenFOAM/SPUMA/src/OpenFOAM/lnInclude\autoPtrI.H:29:
In file included from C:/OpenFOAM/SPUMA/src/OpenFOAM/lnInclude\error.H:60:
In file included from C:/OpenFOAM/SPUMA/src/OpenFOAM/lnInclude\messageStream.H:57:
In file included from C:/OpenFOAM/SPUMA/src/OpenFOAM/lnInclude\label.H:42:
In file included from C:/OpenFOAM/SPUMA/src/OpenFOAM/lnInclude\int.H:41:
In file included from C:/OpenFOAM/SPUMA/src/OpenFOAM/lnInclude\deviceM.H:58:
In file included from C:/dev/llvm-acpp-msvc-21/bin/../include/AdaptiveCpp\sycl/sycl.hpp:14:
In file included from C:/dev/llvm-acpp-msvc-21/bin/../include/AdaptiveCpp\sycl\../hipSYCL/sycl/sycl.hpp:62:
In file included from C:/dev/llvm-acpp-msvc-21/bin/../include/AdaptiveCpp\sycl\../hipSYCL/sycl\libkernel/reduction.hpp:20:
C:/dev/llvm-acpp-msvc-21/bin/../include/AdaptiveCpp\hipSYCL/algorithms/reduction/reduction_descriptor.hpp:127:22: warning: 'multi_ptr<int, hipsycl::sycl::access::address_space::global_space, hipsycl::sycl::access::decorated::legacy>' is deprecated [-Wdeprecated-declarations]
  127 |       return _output.get_pointer();
      |                      ^
C:/dev/llvm-acpp-msvc-21/bin/../include/AdaptiveCpp\hipSYCL/algorithms/reduction/reduction_descriptor.hpp:34:29: note: in instantiation of member function 'hipsycl::algorithms::reduction::reduction_descriptor<hipsycl::algorithms::reduction::reduction_binary_operator<int, hipsycl::sycl::plus<int>>, hipsycl::sycl::accessor<int, 1, hipsycl::sycl::access_mode::read_write, hipsycl::sycl::target::device, hipsycl::sycl::accessor_variant::unranged>>::get_final_output_destination' requested here
   34 |   value_type *output = desc.get_final_output_destination();
      |                             ^
C:/dev/llvm-acpp-msvc-21/bin/../include/AdaptiveCpp\hipSYCL/algorithms/reduction\wg_model/group_horizontal_reducer.hpp:67:28: note: in instantiation of function template specialization 'hipsycl::algorithms::reduction::detail::set_reduction_result<hipsycl::algorithms::reduction::wg_model::configured_reduction_descriptor<hipsycl::algorithms::reduction::reduction_descriptor<hipsycl::algorithms::reduction::reduction_binary_operator<int, hipsycl::sycl::plus<int>>, hipsycl::sycl::accessor<int, 1, hipsycl::sycl::access_mode::read_write, hipsycl::sycl::target::device, hipsycl::sycl::accessor_variant::unranged>>>>' requested here
   67 |         reduction::detail::set_reduction_result(descriptor, group_result,
      |                            ^
C:/dev/llvm-acpp-msvc-21/bin/../include/AdaptiveCpp\hipSYCL/algorithms/reduction/reduction_engine.hpp:84:18: note: in instantiation of function template specialization 'hipsycl::algorithms::reduction::wg_model::group_horizontal_reducer<hipsycl::algorithms::reduction::wg_model::group_reductions::generic_local_memory<hipsycl::algorithms::reduction::reduction_descriptor<hipsycl::algorithms::reduction::reduction_binary_operator<int, hipsycl::sycl::plus<int>>, hipsycl::sycl::accessor<int, 1, hipsycl::sycl::access_mode::read_write, hipsycl::sycl::target::device, hipsycl::sycl::accessor_variant::unranged>>>>::finalize<hipsycl::sycl::nd_item<>, hipsycl::algorithms::reduction::wg_model::configured_reduction_descriptor<hipsycl::algorithms::reduction::reduction_descriptor<hipsycl::algorithms::reduction::reduction_binary_operator<int, hipsycl::sycl::plus<int>>, hipsycl::sycl::accessor<int, 1, hipsycl::sycl::access_mode::read_write, hipsycl::sycl::target::device, hipsycl::sycl::accessor_variant::unranged>>>, hipsycl::algorithms::reduction::wg_model::sequential_reducer<hipsycl::algorithms::reduction::reduction_binary_operator<int, hipsycl::sycl::plus<int>>>>' requested here
   84 |   (group_reducer.finalize(wi_index, descs, std::get<Is>(reducers_tuple)), ...);
      |                  ^
C:/dev/llvm-acpp-msvc-21/bin/../include/AdaptiveCpp\hipSYCL/algorithms/reduction/reduction_engine.hpp:92:3: note: in instantiation of function template specialization 'hipsycl::algorithms::reduction::invoke_helpers::invoke_finalize_with_reducers_impl<hipsycl::algorithms::reduction::wg_model::group_horizontal_reducer<hipsycl::algorithms::reduction::wg_model::group_reductions::generic_local_memory<hipsycl::algorithms::reduction::reduction_descriptor<hipsycl::algorithms::reduction::reduction_binary_operator<int, hipsycl::sycl::plus<int>>, hipsycl::sycl::accessor<int, 1, hipsycl::sycl::access_mode::read_write, hipsycl::sycl::target::device, hipsycl::sycl::accessor_variant::unranged>>>>, hipsycl::sycl::nd_item<>, std::tuple<hipsycl::algorithms::reduction::wg_model::sequential_reducer<hipsycl::algorithms::reduction::reduction_binary_operator<int, hipsycl::sycl::plus<int>>>>, 0ULL, hipsycl::algorithms::reduction::wg_model::configured_reduction_descriptor<hipsycl::algorithms::reduction::reduction_descriptor<hipsycl::algorithms::reduction::reduction_binary_operator<int, hipsycl::sycl::plus<int>>, hipsycl::sycl::accessor<int, 1, hipsycl::sycl::access_mode::read_write, hipsycl::sycl::target::device, hipsycl::sycl::accessor_variant::unranged>>>>' requested here
   92 |   invoke_finalize_with_reducers_impl(
      |   ^
C:/dev/llvm-acpp-msvc-21/bin/../include/AdaptiveCpp\hipSYCL/algorithms/reduction/reduction_engine.hpp:229:21: note: in instantiation of function template specialization 'hipsycl::algorithms::reduction::invoke_helpers::invoke_finalize_with_reducers<hipsycl::algorithms::reduction::wg_model::group_horizontal_reducer<hipsycl::algorithms::reduction::wg_model::group_reductions::generic_local_memory<hipsycl::algorithms::reduction::reduction_descriptor<hipsycl::algorithms::reduction::reduction_binary_operator<int, hipsycl::sycl::plus<int>>, hipsycl::sycl::accessor<int, 1, hipsycl::sycl::access_mode::read_write, hipsycl::sycl::target::device, hipsycl::sycl::accessor_variant::unranged>>>>, hipsycl::sycl::nd_item<>, hipsycl::algorithms::reduction::wg_model::sequential_reducer<hipsycl::algorithms::reduction::reduction_binary_operator<int, hipsycl::sycl::plus<int>>>, hipsycl::algorithms::reduction::wg_model::configured_reduction_descriptor<hipsycl::algorithms::reduction::reduction_descriptor<hipsycl::algorithms::reduction::reduction_binary_operator<int, hipsycl::sycl::plus<int>>, hipsycl::sycl::accessor<int, 1, hipsycl::sycl::access_mode::read_write, hipsycl::sycl::target::device, hipsycl::sycl::accessor_variant::unranged>>>>' requested here
  229 |     invoke_helpers::invoke_finalize_with_reducers(group_reducer, wi_index, wi_reducers, descs...);
      |                     ^
C:\Program Files (x86)\Microsoft Visual Studio\2022\BuildTools\VC\Tools\MSVC\14.41.34120\include\type_traits:1714:16: note: (skipping 12 contexts in backtrace; use -ftemplate-backtrace-limit=0 to see all)
 1714 |         return static_cast<_Callable&&>(_Obj)(static_cast<_Ty1&&>(_Arg1), static_cast<_Types2&&>(_Args2)...);
      |                ^
C:/OpenFOAM/SPUMA/src/OpenFOAM/lnInclude\syclExecutor.cpp:100:15: note: in instantiation of function template specialization 'hipsycl::sycl::handler::parallel_for<__acpp_unnamed_kernel, hipsycl::algorithms::reduction::reduction_descriptor<hipsycl::algorithms::reduction::reduction_binary_operator<int, hipsycl::sycl::plus<int>>, hipsycl::sycl::accessor<int, 1, hipsycl::sycl::access_mode::read_write, hipsycl::sycl::target::device, hipsycl::sycl::accessor_variant::unranged>>, (lambda at C:\OpenFOAM\SPUMA\src\OpenFOAM\lnInclude\syclExecutor.cpp:101:17)>' requested here
  100 |             h.parallel_for(sycl::range<1>(size), sumReduction,
      |               ^
C:/OpenFOAM/SPUMA/src/OpenFOAM/lnInclude\executor.H:85:34: note: in instantiation of function template specialization 'Foam::syclExecutor::_backendReductionSum<(lambda at C:\OpenFOAM\SPUMA\src\OpenFOAM\lnInclude\FieldFunctions.C:534:26), int>' requested here
   85 |         (static_cast<T*>(this))->_backendReductionSum(lambda, result, size);
      |                                  ^
C:/OpenFOAM/SPUMA/src/OpenFOAM/lnInclude\FieldFunctions.C:536:18: note: in instantiation of function template specialization 'Foam::executor<Foam::syclExecutor>::reductionSum<(lambda at C:\OpenFOAM\SPUMA\src\OpenFOAM\lnInclude\FieldFunctions.C:534:26), int>' requested here
  536 |             exec.reductionSum(sumOp, &result, size);
      |                  ^
C:/OpenFOAM/SPUMA/src/OpenFOAM/lnInclude\FieldFunctions.C:547:26: note: in instantiation of function template specialization 'Foam::sum<int>' requested here
  547 | TMP_UNARY_FUNCTION(Type, sum)
      |                          ^
C:/OpenFOAM/SPUMA/src/OpenFOAM/lnInclude\FieldFunctions.C:463:22: note: expanded from macro 'TMP_UNARY_FUNCTION'
  463 |     ReturnType res = Func(tf1());                                              \
      |                      ^
C:/OpenFOAM/SPUMA/src/OpenFOAM/lnInclude\globalIndexAndTransformI.H:462:30: note: in instantiation of function template specialization 'Foam::sum<int>' requested here
  462 |     label nUsedTrans = round(sum(mag(permutation)));
      |                              ^
C:/dev/llvm-acpp-msvc-21/bin/../include/AdaptiveCpp\sycl\../hipSYCL/sycl\libkernel\multi_ptr.hpp:668:9: note: 'multi_ptr<int, hipsycl::sycl::access::address_space::global_space, hipsycl::sycl::access::decorated::legacy>' has been explicitly marked deprecated here
  668 | class [[deprecated]] multi_ptr<ElementType, Space, access::decorated::legacy> {
      |         ^
In file included from fvMesh/extendedStencil/faceToCell/extendedCentredFaceToCellStencil.C:28:
In file included from fvMesh/extendedStencil/faceToCell\extendedCentredFaceToCellStencil.H:39:
In file included from fvMesh/extendedStencil/faceToCell\extendedFaceToCellStencil.H:42:
In file included from C:/OpenFOAM/SPUMA/src/OpenFOAM/lnInclude\mapDistribute.H:139:
In file included from C:/OpenFOAM/SPUMA/src/OpenFOAM/lnInclude\mapDistributeBase.H:77:
In file included from C:/OpenFOAM/SPUMA/src/OpenFOAM/lnInclude\boolList.H:32:
In file included from C:/OpenFOAM/SPUMA/src/OpenFOAM/lnInclude\List.H:47:
In file included from C:/OpenFOAM/SPUMA/src/OpenFOAM/lnInclude\autoPtr.H:348:
In file included from C:/OpenFOAM/SPUMA/src/OpenFOAM/lnInclude\autoPtrI.H:29:
In file included from C:/OpenFOAM/SPUMA/src/OpenFOAM/lnInclude\error.H:60:
In file included from C:/OpenFOAM/SPUMA/src/OpenFOAM/lnInclude\messageStream.H:57:
In file included from C:/OpenFOAM/SPUMA/src/OpenFOAM/lnInclude\label.H:42:
In file included from C:/OpenFOAM/SPUMA/src/OpenFOAM/lnInclude\int.H:41:
In file included from C:/OpenFOAM/SPUMA/src/OpenFOAM/lnInclude\deviceM.H:58:
In file included from C:/dev/llvm-acpp-msvc-21/bin/../include/AdaptiveCpp\sycl/sycl.hpp:14:
In file included from C:/dev/llvm-acpp-msvc-21/bin/../include/AdaptiveCpp\sycl\../hipSYCL/sycl/sycl.hpp:62:
In file included from C:/dev/llvm-acpp-msvc-21/bin/../include/AdaptiveCpp\sycl\../hipSYCL/sycl\libkernel/reduction.hpp:20:
C:/dev/llvm-acpp-msvc-21/bin/../include/AdaptiveCpp\hipSYCL/algorithms/reduction/reduction_descriptor.hpp:127:14: warning: 'multi_ptr<const int, hipsycl::sycl::access::address_space::global_space, hipsycl::sycl::access::decorated::legacy>' is deprecated [-Wdeprecated-declarations]
  127 |       return _output.get_pointer();
      |              ^
C:/dev/llvm-acpp-msvc-21/bin/../include/AdaptiveCpp\sycl\../hipSYCL/sycl\libkernel\multi_ptr.hpp:668:9: note: 'multi_ptr<const int, hipsycl::sycl::access::address_space::global_space, hipsycl::sycl::access::decorated::legacy>' has been explicitly marked deprecated here
  668 | class [[deprecated]] multi_ptr<ElementType, Space, access::decorated::legacy> {
      |         ^
C:/dev/llvm-acpp-msvc-21/bin/../include/AdaptiveCpp\sycl\../hipSYCL/sycl\libkernel\multi_ptr.hpp:1001:1: warning: 'multi_ptr<int, hipsycl::sycl::access::address_space::global_space, hipsycl::sycl::access::decorated::legacy>' is deprecated [-Wdeprecated-declarations]
 1001 | using global_ptr = multi_ptr<ElementType, access::address_space::global_space, IsDecorated>;
      | ^
C:/dev/llvm-acpp-msvc-21/bin/../include/AdaptiveCpp\sycl\../hipSYCL/sycl\libkernel/accessor.hpp:1274:12: note: in instantiation of template type alias 'global_ptr' requested here
 1274 |     return global_ptr<dataT>{const_cast<dataT*>(this->_ptr.get())};
      |            ^
C:/dev/llvm-acpp-msvc-21/bin/../include/AdaptiveCpp\hipSYCL/algorithms/reduction/reduction_descriptor.hpp:127:22: note: in instantiation of function template specialization 'hipsycl::sycl::accessor<int, 1, hipsycl::sycl::access_mode::read_write, hipsycl::sycl::target::device, hipsycl::sycl::accessor_variant::unranged>::get_pointer<hipsycl::sycl::target::device, void>' requested here
  127 |       return _output.get_pointer();
      |                      ^
C:/dev/llvm-acpp-msvc-21/bin/../include/AdaptiveCpp\hipSYCL/algorithms/reduction/reduction_descriptor.hpp:34:29: note: in instantiation of member function 'hipsycl::algorithms::reduction::reduction_descriptor<hipsycl::algorithms::reduction::reduction_binary_operator<int, hipsycl::sycl::plus<int>>, hipsycl::sycl::accessor<int, 1, hipsycl::sycl::access_mode::read_write, hipsycl::sycl::target::device, hipsycl::sycl::accessor_variant::unranged>>::get_final_output_destination' requested here
   34 |   value_type *output = desc.get_final_output_destination();
      |                             ^
C:/dev/llvm-acpp-msvc-21/bin/../include/AdaptiveCpp\hipSYCL/algorithms/reduction\wg_model/group_horizontal_reducer.hpp:67:28: note: in instantiation of function template specialization 'hipsycl::algorithms::reduction::detail::set_reduction_result<hipsycl::algorithms::reduction::wg_model::configured_reduction_descriptor<hipsycl::algorithms::reduction::reduction_descriptor<hipsycl::algorithms::reduction::reduction_binary_operator<int, hipsycl::sycl::plus<int>>, hipsycl::sycl::accessor<int, 1, hipsycl::sycl::access_mode::read_write, hipsycl::sycl::target::device, hipsycl::sycl::accessor_variant::unranged>>>>' requested here
   67 |         reduction::detail::set_reduction_result(descriptor, group_result,
      |                            ^
C:/dev/llvm-acpp-msvc-21/bin/../include/AdaptiveCpp\hipSYCL/algorithms/reduction/reduction_engine.hpp:84:18: note: in instantiation of function template specialization 'hipsycl::algorithms::reduction::wg_model::group_horizontal_reducer<hipsycl::algorithms::reduction::wg_model::group_reductions::generic_local_memory<hipsycl::algorithms::reduction::reduction_descriptor<hipsycl::algorithms::reduction::reduction_binary_operator<int, hipsycl::sycl::plus<int>>, hipsycl::sycl::accessor<int, 1, hipsycl::sycl::access_mode::read_write, hipsycl::sycl::target::device, hipsycl::sycl::accessor_variant::unranged>>>>::finalize<hipsycl::sycl::nd_item<>, hipsycl::algorithms::reduction::wg_model::configured_reduction_descriptor<hipsycl::algorithms::reduction::reduction_descriptor<hipsycl::algorithms::reduction::reduction_binary_operator<int, hipsycl::sycl::plus<int>>, hipsycl::sycl::accessor<int, 1, hipsycl::sycl::access_mode::read_write, hipsycl::sycl::target::device, hipsycl::sycl::accessor_variant::unranged>>>, hipsycl::algorithms::reduction::wg_model::sequential_reducer<hipsycl::algorithms::reduction::reduction_binary_operator<int, hipsycl::sycl::plus<int>>>>' requested here
   84 |   (group_reducer.finalize(wi_index, descs, std::get<Is>(reducers_tuple)), ...);
      |                  ^
C:/dev/llvm-acpp-msvc-21/bin/../include/AdaptiveCpp\hipSYCL/algorithms/reduction/reduction_engine.hpp:92:3: note: (skipping 14 contexts in backtrace; use -ftemplate-backtrace-limit=0 to see all)
   92 |   invoke_finalize_with_reducers_impl(
      |   ^
C:/OpenFOAM/SPUMA/src/OpenFOAM/lnInclude\syclExecutor.cpp:100:15: note: in instantiation of function template specialization 'hipsycl::sycl::handler::parallel_for<__acpp_unnamed_kernel, hipsycl::algorithms::reduction::reduction_descriptor<hipsycl::algorithms::reduction::reduction_binary_operator<int, hipsycl::sycl::plus<int>>, hipsycl::sycl::accessor<int, 1, hipsycl::sycl::access_mode::read_write, hipsycl::sycl::target::device, hipsycl::sycl::accessor_variant::unranged>>, (lambda at C:\OpenFOAM\SPUMA\src\OpenFOAM\lnInclude\syclExecutor.cpp:101:17)>' requested here
  100 |             h.parallel_for(sycl::range<1>(size), sumReduction,
      |               ^
C:/OpenFOAM/SPUMA/src/OpenFOAM/lnInclude\executor.H:85:34: note: in instantiation of function template specialization 'Foam::syclExecutor::_backendReductionSum<(lambda at C:\OpenFOAM\SPUMA\src\OpenFOAM\lnInclude\FieldFunctions.C:534:26), int>' requested here
   85 |         (static_cast<T*>(this))->_backendReductionSum(lambda, result, size);
      |                                  ^
C:/OpenFOAM/SPUMA/src/OpenFOAM/lnInclude\FieldFunctions.C:536:18: note: in instantiation of function template specialization 'Foam::executor<Foam::syclExecutor>::reductionSum<(lambda at C:\OpenFOAM\SPUMA\src\OpenFOAM\lnInclude\FieldFunctions.C:534:26), int>' requested here
  536 |             exec.reductionSum(sumOp, &result, size);
      |                  ^
C:/OpenFOAM/SPUMA/src/OpenFOAM/lnInclude\FieldFunctions.C:547:26: note: in instantiation of function template specialization 'Foam::sum<int>' requested here
  547 | TMP_UNARY_FUNCTION(Type, sum)
      |                          ^
C:/OpenFOAM/SPUMA/src/OpenFOAM/lnInclude\FieldFunctions.C:463:22: note: expanded from macro 'TMP_UNARY_FUNCTION'
  463 |     ReturnType res = Func(tf1());                                              \
      |                      ^
C:/OpenFOAM/SPUMA/src/OpenFOAM/lnInclude\globalIndexAndTransformI.H:462:30: note: in instantiation of function template specialization 'Foam::sum<int>' requested here
  462 |     label nUsedTrans = round(sum(mag(permutation)));
      |                              ^
C:/dev/llvm-acpp-msvc-21/bin/../include/AdaptiveCpp\sycl\../hipSYCL/sycl\libkernel\multi_ptr.hpp:668:9: note: 'multi_ptr<int, hipsycl::sycl::access::address_space::global_space, hipsycl::sycl::access::decorated::legacy>' has been explicitly marked deprecated here
  668 | class [[deprecated]] multi_ptr<ElementType, Space, access::decorated::legacy> {
      |         ^
In file included from fvMesh/extendedStencil/faceToCell/extendedCentredFaceToCellStencil.C:28:
In file included from fvMesh/extendedStencil/faceToCell\extendedCentredFaceToCellStencil.H:39:
In file included from fvMesh/extendedStencil/faceToCell\extendedFaceToCellStencil.H:42:
In file included from C:/OpenFOAM/SPUMA/src/OpenFOAM/lnInclude\mapDistribute.H:772:
In file included from C:/OpenFOAM/SPUMA/src/OpenFOAM/lnInclude\mapDistributeTemplates.C:32:
In file included from C:/OpenFOAM/SPUMA/src/OpenFOAM/lnInclude\transformField.H:43:
In file included from C:/OpenFOAM/SPUMA/src/OpenFOAM/lnInclude\septernion.H:49:
In file included from C:/OpenFOAM/SPUMA/src/OpenFOAM/lnInclude\spatialTransform.H:201:
C:/OpenFOAM/SPUMA/src/OpenFOAM/lnInclude\spatialTransformI.H:42:16: warning: instantiation of variable 'Foam::Tensor<double>::I' required here, but no definition is available [-Wundefined-var-template]
   42 |     E_(tensor::I),
      |                ^
C:/OpenFOAM/SPUMA/src/OpenFOAM/lnInclude\Tensor.H:83:29: note: forward declaration of template entity is here
   83 |         static const Tensor I;
      |                             ^
C:/OpenFOAM/SPUMA/src/OpenFOAM/lnInclude\spatialTransformI.H:42:16: note: add an explicit instantiation declaration to suppress this warning if 'Foam::Tensor<double>::I' is explicitly instantiated in another translation unit
   42 |     E_(tensor::I),
      |                ^
6 warnings generated.
  OK: 278800 bytes
Compiling fvMesh/extendedStencil/faceToCell/extendedFaceToCellStencil.C with omp ...
In file included from fvMesh/extendedStencil/faceToCell/extendedFaceToCellStencil.C:28:
In file included from fvMesh/extendedStencil/faceToCell\extendedFaceToCellStencil.H:42:
In file included from C:/OpenFOAM/SPUMA/src/OpenFOAM/lnInclude\mapDistribute.H:139:
In file included from C:/OpenFOAM/SPUMA/src/OpenFOAM/lnInclude\mapDistributeBase.H:77:
In file included from C:/OpenFOAM/SPUMA/src/OpenFOAM/lnInclude\boolList.H:32:
In file included from C:/OpenFOAM/SPUMA/src/OpenFOAM/lnInclude\List.H:47:
In file included from C:/OpenFOAM/SPUMA/src/OpenFOAM/lnInclude\autoPtr.H:348:
In file included from C:/OpenFOAM/SPUMA/src/OpenFOAM/lnInclude\autoPtrI.H:29:
In file included from C:/OpenFOAM/SPUMA/src/OpenFOAM/lnInclude\error.H:60:
In file included from C:/OpenFOAM/SPUMA/src/OpenFOAM/lnInclude\messageStream.H:57:
In file included from C:/OpenFOAM/SPUMA/src/OpenFOAM/lnInclude\label.H:42:
In file included from C:/OpenFOAM/SPUMA/src/OpenFOAM/lnInclude\int.H:45:
C:/OpenFOAM/SPUMA/src/OpenFOAM/lnInclude\int64.H:77:12: warning: absolute value function 'labs' given an argument of type 'const int64_t' (aka 'const long long') but has parameter of type 'long' which may cause truncation of value [-Wabsolute-value]
   77 |     return ::labs(val);
      |            ^
C:/OpenFOAM/SPUMA/src/OpenFOAM/lnInclude\int64.H:77:12: note: use function 'std::abs' instead
   77 |     return ::labs(val);
      |            ^~~~~~
      |            std::abs
In file included from fvMesh/extendedStencil/faceToCell/extendedFaceToCellStencil.C:28:
In file included from fvMesh/extendedStencil/faceToCell\extendedFaceToCellStencil.H:42:
In file included from C:/OpenFOAM/SPUMA/src/OpenFOAM/lnInclude\mapDistribute.H:141:
In file included from C:/OpenFOAM/SPUMA/src/OpenFOAM/lnInclude\vectorTensorTransform.H:262:
C:/OpenFOAM/SPUMA/src/OpenFOAM/lnInclude\vectorTensorTransformI.H:33:25: warning: instantiation of variable 'Foam::SphericalTensor<double>::I' required here, but no definition is available [-Wundefined-var-template]
   33 |     R_(sphericalTensor::I),
      |                         ^
C:/OpenFOAM/SPUMA/src/OpenFOAM/lnInclude\SphericalTensor.H:79:38: note: forward declaration of template entity is here
   79 |         static const SphericalTensor I;
      |                                      ^
C:/OpenFOAM/SPUMA/src/OpenFOAM/lnInclude\vectorTensorTransformI.H:33:25: note: add an explicit instantiation declaration to suppress this warning if 'Foam::SphericalTensor<double>::I' is explicitly instantiated in another translation unit
   33 |     R_(sphericalTensor::I),
      |                         ^
In file included from fvMesh/extendedStencil/faceToCell/extendedFaceToCellStencil.C:28:
In file included from fvMesh/extendedStencil/faceToCell\extendedFaceToCellStencil.H:42:
In file included from C:/OpenFOAM/SPUMA/src/OpenFOAM/lnInclude\mapDistribute.H:139:
In file included from C:/OpenFOAM/SPUMA/src/OpenFOAM/lnInclude\mapDistributeBase.H:77:
In file included from C:/OpenFOAM/SPUMA/src/OpenFOAM/lnInclude\boolList.H:32:
In file included from C:/OpenFOAM/SPUMA/src/OpenFOAM/lnInclude\List.H:47:
In file included from C:/OpenFOAM/SPUMA/src/OpenFOAM/lnInclude\autoPtr.H:348:
In file included from C:/OpenFOAM/SPUMA/src/OpenFOAM/lnInclude\autoPtrI.H:29:
In file included from C:/OpenFOAM/SPUMA/src/OpenFOAM/lnInclude\error.H:60:
In file included from C:/OpenFOAM/SPUMA/src/OpenFOAM/lnInclude\messageStream.H:57:
In file included from C:/OpenFOAM/SPUMA/src/OpenFOAM/lnInclude\label.H:42:
In file included from C:/OpenFOAM/SPUMA/src/OpenFOAM/lnInclude\int.H:41:
In file included from C:/OpenFOAM/SPUMA/src/OpenFOAM/lnInclude\deviceM.H:58:
In file included from C:/dev/llvm-acpp-msvc-21/bin/../include/AdaptiveCpp\sycl/sycl.hpp:14:
In file included from C:/dev/llvm-acpp-msvc-21/bin/../include/AdaptiveCpp\sycl\../hipSYCL/sycl/sycl.hpp:62:
In file included from C:/dev/llvm-acpp-msvc-21/bin/../include/AdaptiveCpp\sycl\../hipSYCL/sycl\libkernel/reduction.hpp:20:
C:/dev/llvm-acpp-msvc-21/bin/../include/AdaptiveCpp\hipSYCL/algorithms/reduction/reduction_descriptor.hpp:127:22: warning: 'multi_ptr<int, hipsycl::sycl::access::address_space::global_space, hipsycl::sycl::access::decorated::legacy>' is deprecated [-Wdeprecated-declarations]
  127 |       return _output.get_pointer();
      |                      ^
C:/dev/llvm-acpp-msvc-21/bin/../include/AdaptiveCpp\hipSYCL/algorithms/reduction/reduction_descriptor.hpp:34:29: note: in instantiation of member function 'hipsycl::algorithms::reduction::reduction_descriptor<hipsycl::algorithms::reduction::reduction_binary_operator<int, hipsycl::sycl::plus<int>>, hipsycl::sycl::accessor<int, 1, hipsycl::sycl::access_mode::read_write, hipsycl::sycl::target::device, hipsycl::sycl::accessor_variant::unranged>>::get_final_output_destination' requested here
   34 |   value_type *output = desc.get_final_output_destination();
      |                             ^
C:/dev/llvm-acpp-msvc-21/bin/../include/AdaptiveCpp\hipSYCL/algorithms/reduction\wg_model/group_horizontal_reducer.hpp:67:28: note: in instantiation of function template specialization 'hipsycl::algorithms::reduction::detail::set_reduction_result<hipsycl::algorithms::reduction::wg_model::configured_reduction_descriptor<hipsycl::algorithms::reduction::reduction_descriptor<hipsycl::algorithms::reduction::reduction_binary_operator<int, hipsycl::sycl::plus<int>>, hipsycl::sycl::accessor<int, 1, hipsycl::sycl::access_mode::read_write, hipsycl::sycl::target::device, hipsycl::sycl::accessor_variant::unranged>>>>' requested here
   67 |         reduction::detail::set_reduction_result(descriptor, group_result,
      |                            ^
C:/dev/llvm-acpp-msvc-21/bin/../include/AdaptiveCpp\hipSYCL/algorithms/reduction/reduction_engine.hpp:84:18: note: in instantiation of function template specialization 'hipsycl::algorithms::reduction::wg_model::group_horizontal_reducer<hipsycl::algorithms::reduction::wg_model::group_reductions::generic_local_memory<hipsycl::algorithms::reduction::reduction_descriptor<hipsycl::algorithms::reduction::reduction_binary_operator<int, hipsycl::sycl::plus<int>>, hipsycl::sycl::accessor<int, 1, hipsycl::sycl::access_mode::read_write, hipsycl::sycl::target::device, hipsycl::sycl::accessor_variant::unranged>>>>::finalize<hipsycl::sycl::nd_item<>, hipsycl::algorithms::reduction::wg_model::configured_reduction_descriptor<hipsycl::algorithms::reduction::reduction_descriptor<hipsycl::algorithms::reduction::reduction_binary_operator<int, hipsycl::sycl::plus<int>>, hipsycl::sycl::accessor<int, 1, hipsycl::sycl::access_mode::read_write, hipsycl::sycl::target::device, hipsycl::sycl::accessor_variant::unranged>>>, hipsycl::algorithms::reduction::wg_model::sequential_reducer<hipsycl::algorithms::reduction::reduction_binary_operator<int, hipsycl::sycl::plus<int>>>>' requested here
   84 |   (group_reducer.finalize(wi_index, descs, std::get<Is>(reducers_tuple)), ...);
      |                  ^
C:/dev/llvm-acpp-msvc-21/bin/../include/AdaptiveCpp\hipSYCL/algorithms/reduction/reduction_engine.hpp:92:3: note: in instantiation of function template specialization 'hipsycl::algorithms::reduction::invoke_helpers::invoke_finalize_with_reducers_impl<hipsycl::algorithms::reduction::wg_model::group_horizontal_reducer<hipsycl::algorithms::reduction::wg_model::group_reductions::generic_local_memory<hipsycl::algorithms::reduction::reduction_descriptor<hipsycl::algorithms::reduction::reduction_binary_operator<int, hipsycl::sycl::plus<int>>, hipsycl::sycl::accessor<int, 1, hipsycl::sycl::access_mode::read_write, hipsycl::sycl::target::device, hipsycl::sycl::accessor_variant::unranged>>>>, hipsycl::sycl::nd_item<>, std::tuple<hipsycl::algorithms::reduction::wg_model::sequential_reducer<hipsycl::algorithms::reduction::reduction_binary_operator<int, hipsycl::sycl::plus<int>>>>, 0ULL, hipsycl::algorithms::reduction::wg_model::configured_reduction_descriptor<hipsycl::algorithms::reduction::reduction_descriptor<hipsycl::algorithms::reduction::reduction_binary_operator<int, hipsycl::sycl::plus<int>>, hipsycl::sycl::accessor<int, 1, hipsycl::sycl::access_mode::read_write, hipsycl::sycl::target::device, hipsycl::sycl::accessor_variant::unranged>>>>' requested here
   92 |   invoke_finalize_with_reducers_impl(
      |   ^
C:/dev/llvm-acpp-msvc-21/bin/../include/AdaptiveCpp\hipSYCL/algorithms/reduction/reduction_engine.hpp:229:21: note: in instantiation of function template specialization 'hipsycl::algorithms::reduction::invoke_helpers::invoke_finalize_with_reducers<hipsycl::algorithms::reduction::wg_model::group_horizontal_reducer<hipsycl::algorithms::reduction::wg_model::group_reductions::generic_local_memory<hipsycl::algorithms::reduction::reduction_descriptor<hipsycl::algorithms::reduction::reduction_binary_operator<int, hipsycl::sycl::plus<int>>, hipsycl::sycl::accessor<int, 1, hipsycl::sycl::access_mode::read_write, hipsycl::sycl::target::device, hipsycl::sycl::accessor_variant::unranged>>>>, hipsycl::sycl::nd_item<>, hipsycl::algorithms::reduction::wg_model::sequential_reducer<hipsycl::algorithms::reduction::reduction_binary_operator<int, hipsycl::sycl::plus<int>>>, hipsycl::algorithms::reduction::wg_model::configured_reduction_descriptor<hipsycl::algorithms::reduction::reduction_descriptor<hipsycl::algorithms::reduction::reduction_binary_operator<int, hipsycl::sycl::plus<int>>, hipsycl::sycl::accessor<int, 1, hipsycl::sycl::access_mode::read_write, hipsycl::sycl::target::device, hipsycl::sycl::accessor_variant::unranged>>>>' requested here
  229 |     invoke_helpers::invoke_finalize_with_reducers(group_reducer, wi_index, wi_reducers, descs...);
      |                     ^
C:\Program Files (x86)\Microsoft Visual Studio\2022\BuildTools\VC\Tools\MSVC\14.41.34120\include\type_traits:1714:16: note: (skipping 12 contexts in backtrace; use -ftemplate-backtrace-limit=0 to see all)
 1714 |         return static_cast<_Callable&&>(_Obj)(static_cast<_Ty1&&>(_Arg1), static_cast<_Types2&&>(_Args2)...);
      |                ^
C:/OpenFOAM/SPUMA/src/OpenFOAM/lnInclude\syclExecutor.cpp:100:15: note: in instantiation of function template specialization 'hipsycl::sycl::handler::parallel_for<__acpp_unnamed_kernel, hipsycl::algorithms::reduction::reduction_descriptor<hipsycl::algorithms::reduction::reduction_binary_operator<int, hipsycl::sycl::plus<int>>, hipsycl::sycl::accessor<int, 1, hipsycl::sycl::access_mode::read_write, hipsycl::sycl::target::device, hipsycl::sycl::accessor_variant::unranged>>, (lambda at C:\OpenFOAM\SPUMA\src\OpenFOAM\lnInclude\syclExecutor.cpp:101:17)>' requested here
  100 |             h.parallel_for(sycl::range<1>(size), sumReduction,
      |               ^
C:/OpenFOAM/SPUMA/src/OpenFOAM/lnInclude\executor.H:85:34: note: in instantiation of function template specialization 'Foam::syclExecutor::_backendReductionSum<(lambda at C:\OpenFOAM\SPUMA\src\OpenFOAM\lnInclude\FieldFunctions.C:534:26), int>' requested here
   85 |         (static_cast<T*>(this))->_backendReductionSum(lambda, result, size);
      |                                  ^
C:/OpenFOAM/SPUMA/src/OpenFOAM/lnInclude\FieldFunctions.C:536:18: note: in instantiation of function template specialization 'Foam::executor<Foam::syclExecutor>::reductionSum<(lambda at C:\OpenFOAM\SPUMA\src\OpenFOAM\lnInclude\FieldFunctions.C:534:26), int>' requested here
  536 |             exec.reductionSum(sumOp, &result, size);
      |                  ^
C:/OpenFOAM/SPUMA/src/OpenFOAM/lnInclude\FieldFunctions.C:547:26: note: in instantiation of function template specialization 'Foam::sum<int>' requested here
  547 | TMP_UNARY_FUNCTION(Type, sum)
      |                          ^
C:/OpenFOAM/SPUMA/src/OpenFOAM/lnInclude\FieldFunctions.C:463:22: note: expanded from macro 'TMP_UNARY_FUNCTION'
  463 |     ReturnType res = Func(tf1());                                              \
      |                      ^
C:/OpenFOAM/SPUMA/src/OpenFOAM/lnInclude\globalIndexAndTransformI.H:462:30: note: in instantiation of function template specialization 'Foam::sum<int>' requested here
  462 |     label nUsedTrans = round(sum(mag(permutation)));
      |                              ^
C:/dev/llvm-acpp-msvc-21/bin/../include/AdaptiveCpp\sycl\../hipSYCL/sycl\libkernel\multi_ptr.hpp:668:9: note: 'multi_ptr<int, hipsycl::sycl::access::address_space::global_space, hipsycl::sycl::access::decorated::legacy>' has been explicitly marked deprecated here
  668 | class [[deprecated]] multi_ptr<ElementType, Space, access::decorated::legacy> {
      |         ^
In file included from fvMesh/extendedStencil/faceToCell/extendedFaceToCellStencil.C:28:
In file included from fvMesh/extendedStencil/faceToCell\extendedFaceToCellStencil.H:42:
In file included from C:/OpenFOAM/SPUMA/src/OpenFOAM/lnInclude\mapDistribute.H:139:
In file included from C:/OpenFOAM/SPUMA/src/OpenFOAM/lnInclude\mapDistributeBase.H:77:
In file included from C:/OpenFOAM/SPUMA/src/OpenFOAM/lnInclude\boolList.H:32:
In file included from C:/OpenFOAM/SPUMA/src/OpenFOAM/lnInclude\List.H:47:
In file included from C:/OpenFOAM/SPUMA/src/OpenFOAM/lnInclude\autoPtr.H:348:
In file included from C:/OpenFOAM/SPUMA/src/OpenFOAM/lnInclude\autoPtrI.H:29:
In file included from C:/OpenFOAM/SPUMA/src/OpenFOAM/lnInclude\error.H:60:
In file included from C:/OpenFOAM/SPUMA/src/OpenFOAM/lnInclude\messageStream.H:57:
In file included from C:/OpenFOAM/SPUMA/src/OpenFOAM/lnInclude\label.H:42:
In file included from C:/OpenFOAM/SPUMA/src/OpenFOAM/lnInclude\int.H:41:
In file included from C:/OpenFOAM/SPUMA/src/OpenFOAM/lnInclude\deviceM.H:58:
In file included from C:/dev/llvm-acpp-msvc-21/bin/../include/AdaptiveCpp\sycl/sycl.hpp:14:
In file included from C:/dev/llvm-acpp-msvc-21/bin/../include/AdaptiveCpp\sycl\../hipSYCL/sycl/sycl.hpp:62:
In file included from C:/dev/llvm-acpp-msvc-21/bin/../include/AdaptiveCpp\sycl\../hipSYCL/sycl\libkernel/reduction.hpp:20:
C:/dev/llvm-acpp-msvc-21/bin/../include/AdaptiveCpp\hipSYCL/algorithms/reduction/reduction_descriptor.hpp:127:14: warning: 'multi_ptr<const int, hipsycl::sycl::access::address_space::global_space, hipsycl::sycl::access::decorated::legacy>' is deprecated [-Wdeprecated-declarations]
  127 |       return _output.get_pointer();
      |              ^
C:/dev/llvm-acpp-msvc-21/bin/../include/AdaptiveCpp\sycl\../hipSYCL/sycl\libkernel\multi_ptr.hpp:668:9: note: 'multi_ptr<const int, hipsycl::sycl::access::address_space::global_space, hipsycl::sycl::access::decorated::legacy>' has been explicitly marked deprecated here
  668 | class [[deprecated]] multi_ptr<ElementType, Space, access::decorated::legacy> {
      |         ^
C:/dev/llvm-acpp-msvc-21/bin/../include/AdaptiveCpp\sycl\../hipSYCL/sycl\libkernel\multi_ptr.hpp:1001:1: warning: 'multi_ptr<int, hipsycl::sycl::access::address_space::global_space, hipsycl::sycl::access::decorated::legacy>' is deprecated [-Wdeprecated-declarations]
 1001 | using global_ptr = multi_ptr<ElementType, access::address_space::global_space, IsDecorated>;
      | ^
C:/dev/llvm-acpp-msvc-21/bin/../include/AdaptiveCpp\sycl\../hipSYCL/sycl\libkernel/accessor.hpp:1274:12: note: in instantiation of template type alias 'global_ptr' requested here
 1274 |     return global_ptr<dataT>{const_cast<dataT*>(this->_ptr.get())};
      |            ^
C:/dev/llvm-acpp-msvc-21/bin/../include/AdaptiveCpp\hipSYCL/algorithms/reduction/reduction_descriptor.hpp:127:22: note: in instantiation of function template specialization 'hipsycl::sycl::accessor<int, 1, hipsycl::sycl::access_mode::read_write, hipsycl::sycl::target::device, hipsycl::sycl::accessor_variant::unranged>::get_pointer<hipsycl::sycl::target::device, void>' requested here
  127 |       return _output.get_pointer();
      |                      ^
C:/dev/llvm-acpp-msvc-21/bin/../include/AdaptiveCpp\hipSYCL/algorithms/reduction/reduction_descriptor.hpp:34:29: note: in instantiation of member function 'hipsycl::algorithms::reduction::reduction_descriptor<hipsycl::algorithms::reduction::reduction_binary_operator<int, hipsycl::sycl::plus<int>>, hipsycl::sycl::accessor<int, 1, hipsycl::sycl::access_mode::read_write, hipsycl::sycl::target::device, hipsycl::sycl::accessor_variant::unranged>>::get_final_output_destination' requested here
   34 |   value_type *output = desc.get_final_output_destination();
      |                             ^
C:/dev/llvm-acpp-msvc-21/bin/../include/AdaptiveCpp\hipSYCL/algorithms/reduction\wg_model/group_horizontal_reducer.hpp:67:28: note: in instantiation of function template specialization 'hipsycl::algorithms::reduction::detail::set_reduction_result<hipsycl::algorithms::reduction::wg_model::configured_reduction_descriptor<hipsycl::algorithms::reduction::reduction_descriptor<hipsycl::algorithms::reduction::reduction_binary_operator<int, hipsycl::sycl::plus<int>>, hipsycl::sycl::accessor<int, 1, hipsycl::sycl::access_mode::read_write, hipsycl::sycl::target::device, hipsycl::sycl::accessor_variant::unranged>>>>' requested here
   67 |         reduction::detail::set_reduction_result(descriptor, group_result,
      |                            ^
C:/dev/llvm-acpp-msvc-21/bin/../include/AdaptiveCpp\hipSYCL/algorithms/reduction/reduction_engine.hpp:84:18: note: in instantiation of function template specialization 'hipsycl::algorithms::reduction::wg_model::group_horizontal_reducer<hipsycl::algorithms::reduction::wg_model::group_reductions::generic_local_memory<hipsycl::algorithms::reduction::reduction_descriptor<hipsycl::algorithms::reduction::reduction_binary_operator<int, hipsycl::sycl::plus<int>>, hipsycl::sycl::accessor<int, 1, hipsycl::sycl::access_mode::read_write, hipsycl::sycl::target::device, hipsycl::sycl::accessor_variant::unranged>>>>::finalize<hipsycl::sycl::nd_item<>, hipsycl::algorithms::reduction::wg_model::configured_reduction_descriptor<hipsycl::algorithms::reduction::reduction_descriptor<hipsycl::algorithms::reduction::reduction_binary_operator<int, hipsycl::sycl::plus<int>>, hipsycl::sycl::accessor<int, 1, hipsycl::sycl::access_mode::read_write, hipsycl::sycl::target::device, hipsycl::sycl::accessor_variant::unranged>>>, hipsycl::algorithms::reduction::wg_model::sequential_reducer<hipsycl::algorithms::reduction::reduction_binary_operator<int, hipsycl::sycl::plus<int>>>>' requested here
   84 |   (group_reducer.finalize(wi_index, descs, std::get<Is>(reducers_tuple)), ...);
      |                  ^
C:/dev/llvm-acpp-msvc-21/bin/../include/AdaptiveCpp\hipSYCL/algorithms/reduction/reduction_engine.hpp:92:3: note: (skipping 14 contexts in backtrace; use -ftemplate-backtrace-limit=0 to see all)
   92 |   invoke_finalize_with_reducers_impl(
      |   ^
C:/OpenFOAM/SPUMA/src/OpenFOAM/lnInclude\syclExecutor.cpp:100:15: note: in instantiation of function template specialization 'hipsycl::sycl::handler::parallel_for<__acpp_unnamed_kernel, hipsycl::algorithms::reduction::reduction_descriptor<hipsycl::algorithms::reduction::reduction_binary_operator<int, hipsycl::sycl::plus<int>>, hipsycl::sycl::accessor<int, 1, hipsycl::sycl::access_mode::read_write, hipsycl::sycl::target::device, hipsycl::sycl::accessor_variant::unranged>>, (lambda at C:\OpenFOAM\SPUMA\src\OpenFOAM\lnInclude\syclExecutor.cpp:101:17)>' requested here
  100 |             h.parallel_for(sycl::range<1>(size), sumReduction,
      |               ^
C:/OpenFOAM/SPUMA/src/OpenFOAM/lnInclude\executor.H:85:34: note: in instantiation of function template specialization 'Foam::syclExecutor::_backendReductionSum<(lambda at C:\OpenFOAM\SPUMA\src\OpenFOAM\lnInclude\FieldFunctions.C:534:26), int>' requested here
   85 |         (static_cast<T*>(this))->_backendReductionSum(lambda, result, size);
      |                                  ^
C:/OpenFOAM/SPUMA/src/OpenFOAM/lnInclude\FieldFunctions.C:536:18: note: in instantiation of function template specialization 'Foam::executor<Foam::syclExecutor>::reductionSum<(lambda at C:\OpenFOAM\SPUMA\src\OpenFOAM\lnInclude\FieldFunctions.C:534:26), int>' requested here
  536 |             exec.reductionSum(sumOp, &result, size);
      |                  ^
C:/OpenFOAM/SPUMA/src/OpenFOAM/lnInclude\FieldFunctions.C:547:26: note: in instantiation of function template specialization 'Foam::sum<int>' requested here
  547 | TMP_UNARY_FUNCTION(Type, sum)
      |                          ^
C:/OpenFOAM/SPUMA/src/OpenFOAM/lnInclude\FieldFunctions.C:463:22: note: expanded from macro 'TMP_UNARY_FUNCTION'
  463 |     ReturnType res = Func(tf1());                                              \
      |                      ^
C:/OpenFOAM/SPUMA/src/OpenFOAM/lnInclude\globalIndexAndTransformI.H:462:30: note: in instantiation of function template specialization 'Foam::sum<int>' requested here
  462 |     label nUsedTrans = round(sum(mag(permutation)));
      |                              ^
C:/dev/llvm-acpp-msvc-21/bin/../include/AdaptiveCpp\sycl\../hipSYCL/sycl\libkernel\multi_ptr.hpp:668:9: note: 'multi_ptr<int, hipsycl::sycl::access::address_space::global_space, hipsycl::sycl::access::decorated::legacy>' has been explicitly marked deprecated here
  668 | class [[deprecated]] multi_ptr<ElementType, Space, access::decorated::legacy> {
      |         ^
In file included from fvMesh/extendedStencil/faceToCell/extendedFaceToCellStencil.C:28:
In file included from fvMesh/extendedStencil/faceToCell\extendedFaceToCellStencil.H:42:
In file included from C:/OpenFOAM/SPUMA/src/OpenFOAM/lnInclude\mapDistribute.H:772:
In file included from C:/OpenFOAM/SPUMA/src/OpenFOAM/lnInclude\mapDistributeTemplates.C:32:
In file included from C:/OpenFOAM/SPUMA/src/OpenFOAM/lnInclude\transformField.H:43:
In file included from C:/OpenFOAM/SPUMA/src/OpenFOAM/lnInclude\septernion.H:49:
In file included from C:/OpenFOAM/SPUMA/src/OpenFOAM/lnInclude\spatialTransform.H:201:
C:/OpenFOAM/SPUMA/src/OpenFOAM/lnInclude\spatialTransformI.H:42:16: warning: instantiation of variable 'Foam::Tensor<double>::I' required here, but no definition is available [-Wundefined-var-template]
   42 |     E_(tensor::I),
      |                ^
C:/OpenFOAM/SPUMA/src/OpenFOAM/lnInclude\Tensor.H:83:29: note: forward declaration of template entity is here
   83 |         static const Tensor I;
      |                             ^
C:/OpenFOAM/SPUMA/src/OpenFOAM/lnInclude\spatialTransformI.H:42:16: note: add an explicit instantiation declaration to suppress this warning if 'Foam::Tensor<double>::I' is explicitly instantiated in another translation unit
   42 |     E_(tensor::I),
      |                ^
6 warnings generated.
  OK: 265610 bytes
Compiling fvMesh/extendedStencil/faceToCell/MeshObjects/centredCFCFaceToCellStencilObject.C with omp ...
In file included from fvMesh/extendedStencil/faceToCell/MeshObjects/centredCFCFaceToCellStencilObject.C:28:
In file included from fvMesh/extendedStencil/faceToCell/MeshObjects\centredCFCFaceToCellStencilObject.H:39:
In file included from lnInclude\extendedCentredFaceToCellStencil.H:39:
In file included from lnInclude\extendedFaceToCellStencil.H:42:
In file included from C:/OpenFOAM/SPUMA/src/OpenFOAM/lnInclude\mapDistribute.H:139:
In file included from C:/OpenFOAM/SPUMA/src/OpenFOAM/lnInclude\mapDistributeBase.H:77:
In file included from C:/OpenFOAM/SPUMA/src/OpenFOAM/lnInclude\boolList.H:32:
In file included from C:/OpenFOAM/SPUMA/src/OpenFOAM/lnInclude\List.H:47:
In file included from C:/OpenFOAM/SPUMA/src/OpenFOAM/lnInclude\autoPtr.H:348:
In file included from C:/OpenFOAM/SPUMA/src/OpenFOAM/lnInclude\autoPtrI.H:29:
In file included from C:/OpenFOAM/SPUMA/src/OpenFOAM/lnInclude\error.H:60:
In file included from C:/OpenFOAM/SPUMA/src/OpenFOAM/lnInclude\messageStream.H:57:
In file included from C:/OpenFOAM/SPUMA/src/OpenFOAM/lnInclude\label.H:42:
In file included from C:/OpenFOAM/SPUMA/src/OpenFOAM/lnInclude\int.H:45:
C:/OpenFOAM/SPUMA/src/OpenFOAM/lnInclude\int64.H:77:12: warning: absolute value function 'labs' given an argument of type 'const int64_t' (aka 'const long long') but has parameter of type 'long' which may cause truncation of value [-Wabsolute-value]
   77 |     return ::labs(val);
      |            ^
C:/OpenFOAM/SPUMA/src/OpenFOAM/lnInclude\int64.H:77:12: note: use function 'std::abs' instead
   77 |     return ::labs(val);
      |            ^~~~~~
      |            std::abs
In file included from fvMesh/extendedStencil/faceToCell/MeshObjects/centredCFCFaceToCellStencilObject.C:28:
In file included from fvMesh/extendedStencil/faceToCell/MeshObjects\centredCFCFaceToCellStencilObject.H:39:
In file included from lnInclude\extendedCentredFaceToCellStencil.H:39:
In file included from lnInclude\extendedFaceToCellStencil.H:42:
In file included from C:/OpenFOAM/SPUMA/src/OpenFOAM/lnInclude\mapDistribute.H:141:
In file included from C:/OpenFOAM/SPUMA/src/OpenFOAM/lnInclude\vectorTensorTransform.H:262:
C:/OpenFOAM/SPUMA/src/OpenFOAM/lnInclude\vectorTensorTransformI.H:33:25: warning: instantiation of variable 'Foam::SphericalTensor<double>::I' required here, but no definition is available [-Wundefined-var-template]
   33 |     R_(sphericalTensor::I),
      |                         ^
C:/OpenFOAM/SPUMA/src/OpenFOAM/lnInclude\SphericalTensor.H:79:38: note: forward declaration of template entity is here
   79 |         static const SphericalTensor I;
      |                                      ^
C:/OpenFOAM/SPUMA/src/OpenFOAM/lnInclude\vectorTensorTransformI.H:33:25: note: add an explicit instantiation declaration to suppress this warning if 'Foam::SphericalTensor<double>::I' is explicitly instantiated in another translation unit
   33 |     R_(sphericalTensor::I),
      |                         ^
In file included from fvMesh/extendedStencil/faceToCell/MeshObjects/centredCFCFaceToCellStencilObject.C:28:
In file included from fvMesh/extendedStencil/faceToCell/MeshObjects\centredCFCFaceToCellStencilObject.H:39:
In file included from lnInclude\extendedCentredFaceToCellStencil.H:39:
In file included from lnInclude\extendedFaceToCellStencil.H:42:
In file included from C:/OpenFOAM/SPUMA/src/OpenFOAM/lnInclude\mapDistribute.H:139:
In file included from C:/OpenFOAM/SPUMA/src/OpenFOAM/lnInclude\mapDistributeBase.H:77:
In file included from C:/OpenFOAM/SPUMA/src/OpenFOAM/lnInclude\boolList.H:32:
In file included from C:/OpenFOAM/SPUMA/src/OpenFOAM/lnInclude\List.H:47:
In file included from C:/OpenFOAM/SPUMA/src/OpenFOAM/lnInclude\autoPtr.H:348:
In file included from C:/OpenFOAM/SPUMA/src/OpenFOAM/lnInclude\autoPtrI.H:29:
In file included from C:/OpenFOAM/SPUMA/src/OpenFOAM/lnInclude\error.H:60:
In file included from C:/OpenFOAM/SPUMA/src/OpenFOAM/lnInclude\messageStream.H:57:
In file included from C:/OpenFOAM/SPUMA/src/OpenFOAM/lnInclude\label.H:42:
In file included from C:/OpenFOAM/SPUMA/src/OpenFOAM/lnInclude\int.H:41:
In file included from C:/OpenFOAM/SPUMA/src/OpenFOAM/lnInclude\deviceM.H:58:
In file included from C:/dev/llvm-acpp-msvc-21/bin/../include/AdaptiveCpp\sycl/sycl.hpp:14:
In file included from C:/dev/llvm-acpp-msvc-21/bin/../include/AdaptiveCpp\sycl\../hipSYCL/sycl/sycl.hpp:62:
In file included from C:/dev/llvm-acpp-msvc-21/bin/../include/AdaptiveCpp\sycl\../hipSYCL/sycl\libkernel/reduction.hpp:20:
C:/dev/llvm-acpp-msvc-21/bin/../include/AdaptiveCpp\hipSYCL/algorithms/reduction/reduction_descriptor.hpp:127:22: warning: 'multi_ptr<int, hipsycl::sycl::access::address_space::global_space, hipsycl::sycl::access::decorated::legacy>' is deprecated [-Wdeprecated-declarations]
  127 |       return _output.get_pointer();
      |                      ^
C:/dev/llvm-acpp-msvc-21/bin/../include/AdaptiveCpp\hipSYCL/algorithms/reduction/reduction_descriptor.hpp:34:29: note: in instantiation of member function 'hipsycl::algorithms::reduction::reduction_descriptor<hipsycl::algorithms::reduction::reduction_binary_operator<int, hipsycl::sycl::plus<int>>, hipsycl::sycl::accessor<int, 1, hipsycl::sycl::access_mode::read_write, hipsycl::sycl::target::device, hipsycl::sycl::accessor_variant::unranged>>::get_final_output_destination' requested here
   34 |   value_type *output = desc.get_final_output_destination();
      |                             ^
C:/dev/llvm-acpp-msvc-21/bin/../include/AdaptiveCpp\hipSYCL/algorithms/reduction\wg_model/group_horizontal_reducer.hpp:67:28: note: in instantiation of function template specialization 'hipsycl::algorithms::reduction::detail::set_reduction_result<hipsycl::algorithms::reduction::wg_model::configured_reduction_descriptor<hipsycl::algorithms::reduction::reduction_descriptor<hipsycl::algorithms::reduction::reduction_binary_operator<int, hipsycl::sycl::plus<int>>, hipsycl::sycl::accessor<int, 1, hipsycl::sycl::access_mode::read_write, hipsycl::sycl::target::device, hipsycl::sycl::accessor_variant::unranged>>>>' requested here
   67 |         reduction::detail::set_reduction_result(descriptor, group_result,
      |                            ^
C:/dev/llvm-acpp-msvc-21/bin/../include/AdaptiveCpp\hipSYCL/algorithms/reduction/reduction_engine.hpp:84:18: note: in instantiation of function template specialization 'hipsycl::algorithms::reduction::wg_model::group_horizontal_reducer<hipsycl::algorithms::reduction::wg_model::group_reductions::generic_local_memory<hipsycl::algorithms::reduction::reduction_descriptor<hipsycl::algorithms::reduction::reduction_binary_operator<int, hipsycl::sycl::plus<int>>, hipsycl::sycl::accessor<int, 1, hipsycl::sycl::access_mode::read_write, hipsycl::sycl::target::device, hipsycl::sycl::accessor_variant::unranged>>>>::finalize<hipsycl::sycl::nd_item<>, hipsycl::algorithms::reduction::wg_model::configured_reduction_descriptor<hipsycl::algorithms::reduction::reduction_descriptor<hipsycl::algorithms::reduction::reduction_binary_operator<int, hipsycl::sycl::plus<int>>, hipsycl::sycl::accessor<int, 1, hipsycl::sycl::access_mode::read_write, hipsycl::sycl::target::device, hipsycl::sycl::accessor_variant::unranged>>>, hipsycl::algorithms::reduction::wg_model::sequential_reducer<hipsycl::algorithms::reduction::reduction_binary_operator<int, hipsycl::sycl::plus<int>>>>' requested here
   84 |   (group_reducer.finalize(wi_index, descs, std::get<Is>(reducers_tuple)), ...);
      |                  ^
C:/dev/llvm-acpp-msvc-21/bin/../include/AdaptiveCpp\hipSYCL/algorithms/reduction/reduction_engine.hpp:92:3: note: in instantiation of function template specialization 'hipsycl::algorithms::reduction::invoke_helpers::invoke_finalize_with_reducers_impl<hipsycl::algorithms::reduction::wg_model::group_horizontal_reducer<hipsycl::algorithms::reduction::wg_model::group_reductions::generic_local_memory<hipsycl::algorithms::reduction::reduction_descriptor<hipsycl::algorithms::reduction::reduction_binary_operator<int, hipsycl::sycl::plus<int>>, hipsycl::sycl::accessor<int, 1, hipsycl::sycl::access_mode::read_write, hipsycl::sycl::target::device, hipsycl::sycl::accessor_variant::unranged>>>>, hipsycl::sycl::nd_item<>, std::tuple<hipsycl::algorithms::reduction::wg_model::sequential_reducer<hipsycl::algorithms::reduction::reduction_binary_operator<int, hipsycl::sycl::plus<int>>>>, 0ULL, hipsycl::algorithms::reduction::wg_model::configured_reduction_descriptor<hipsycl::algorithms::reduction::reduction_descriptor<hipsycl::algorithms::reduction::reduction_binary_operator<int, hipsycl::sycl::plus<int>>, hipsycl::sycl::accessor<int, 1, hipsycl::sycl::access_mode::read_write, hipsycl::sycl::target::device, hipsycl::sycl::accessor_variant::unranged>>>>' requested here
   92 |   invoke_finalize_with_reducers_impl(
      |   ^
C:/dev/llvm-acpp-msvc-21/bin/../include/AdaptiveCpp\hipSYCL/algorithms/reduction/reduction_engine.hpp:229:21: note: in instantiation of function template specialization 'hipsycl::algorithms::reduction::invoke_helpers::invoke_finalize_with_reducers<hipsycl::algorithms::reduction::wg_model::group_horizontal_reducer<hipsycl::algorithms::reduction::wg_model::group_reductions::generic_local_memory<hipsycl::algorithms::reduction::reduction_descriptor<hipsycl::algorithms::reduction::reduction_binary_operator<int, hipsycl::sycl::plus<int>>, hipsycl::sycl::accessor<int, 1, hipsycl::sycl::access_mode::read_write, hipsycl::sycl::target::device, hipsycl::sycl::accessor_variant::unranged>>>>, hipsycl::sycl::nd_item<>, hipsycl::algorithms::reduction::wg_model::sequential_reducer<hipsycl::algorithms::reduction::reduction_binary_operator<int, hipsycl::sycl::plus<int>>>, hipsycl::algorithms::reduction::wg_model::configured_reduction_descriptor<hipsycl::algorithms::reduction::reduction_descriptor<hipsycl::algorithms::reduction::reduction_binary_operator<int, hipsycl::sycl::plus<int>>, hipsycl::sycl::accessor<int, 1, hipsycl::sycl::access_mode::read_write, hipsycl::sycl::target::device, hipsycl::sycl::accessor_variant::unranged>>>>' requested here
  229 |     invoke_helpers::invoke_finalize_with_reducers(group_reducer, wi_index, wi_reducers, descs...);
      |                     ^
C:\Program Files (x86)\Microsoft Visual Studio\2022\BuildTools\VC\Tools\MSVC\14.41.34120\include\type_traits:1714:16: note: (skipping 12 contexts in backtrace; use -ftemplate-backtrace-limit=0 to see all)
 1714 |         return static_cast<_Callable&&>(_Obj)(static_cast<_Ty1&&>(_Arg1), static_cast<_Types2&&>(_Args2)...);
      |                ^
C:/OpenFOAM/SPUMA/src/OpenFOAM/lnInclude\syclExecutor.cpp:100:15: note: in instantiation of function template specialization 'hipsycl::sycl::handler::parallel_for<__acpp_unnamed_kernel, hipsycl::algorithms::reduction::reduction_descriptor<hipsycl::algorithms::reduction::reduction_binary_operator<int, hipsycl::sycl::plus<int>>, hipsycl::sycl::accessor<int, 1, hipsycl::sycl::access_mode::read_write, hipsycl::sycl::target::device, hipsycl::sycl::accessor_variant::unranged>>, (lambda at C:\OpenFOAM\SPUMA\src\OpenFOAM\lnInclude\syclExecutor.cpp:101:17)>' requested here
  100 |             h.parallel_for(sycl::range<1>(size), sumReduction,
      |               ^
C:/OpenFOAM/SPUMA/src/OpenFOAM/lnInclude\executor.H:85:34: note: in instantiation of function template specialization 'Foam::syclExecutor::_backendReductionSum<(lambda at C:\OpenFOAM\SPUMA\src\OpenFOAM\lnInclude\FieldFunctions.C:534:26), int>' requested here
   85 |         (static_cast<T*>(this))->_backendReductionSum(lambda, result, size);
      |                                  ^
C:/OpenFOAM/SPUMA/src/OpenFOAM/lnInclude\FieldFunctions.C:536:18: note: in instantiation of function template specialization 'Foam::executor<Foam::syclExecutor>::reductionSum<(lambda at C:\OpenFOAM\SPUMA\src\OpenFOAM\lnInclude\FieldFunctions.C:534:26), int>' requested here
  536 |             exec.reductionSum(sumOp, &result, size);
      |                  ^
C:/OpenFOAM/SPUMA/src/OpenFOAM/lnInclude\FieldFunctions.C:547:26: note: in instantiation of function template specialization 'Foam::sum<int>' requested here
  547 | TMP_UNARY_FUNCTION(Type, sum)
      |                          ^
C:/OpenFOAM/SPUMA/src/OpenFOAM/lnInclude\FieldFunctions.C:463:22: note: expanded from macro 'TMP_UNARY_FUNCTION'
  463 |     ReturnType res = Func(tf1());                                              \
      |                      ^
C:/OpenFOAM/SPUMA/src/OpenFOAM/lnInclude\globalIndexAndTransformI.H:462:30: note: in instantiation of function template specialization 'Foam::sum<int>' requested here
  462 |     label nUsedTrans = round(sum(mag(permutation)));
      |                              ^
C:/dev/llvm-acpp-msvc-21/bin/../include/AdaptiveCpp\sycl\../hipSYCL/sycl\libkernel\multi_ptr.hpp:668:9: note: 'multi_ptr<int, hipsycl::sycl::access::address_space::global_space, hipsycl::sycl::access::decorated::legacy>' has been explicitly marked deprecated here
  668 | class [[deprecated]] multi_ptr<ElementType, Space, access::decorated::legacy> {
      |         ^
In file included from fvMesh/extendedStencil/faceToCell/MeshObjects/centredCFCFaceToCellStencilObject.C:28:
In file included from fvMesh/extendedStencil/faceToCell/MeshObjects\centredCFCFaceToCellStencilObject.H:39:
In file included from lnInclude\extendedCentredFaceToCellStencil.H:39:
In file included from lnInclude\extendedFaceToCellStencil.H:42:
In file included from C:/OpenFOAM/SPUMA/src/OpenFOAM/lnInclude\mapDistribute.H:139:
In file included from C:/OpenFOAM/SPUMA/src/OpenFOAM/lnInclude\mapDistributeBase.H:77:
In file included from C:/OpenFOAM/SPUMA/src/OpenFOAM/lnInclude\boolList.H:32:
In file included from C:/OpenFOAM/SPUMA/src/OpenFOAM/lnInclude\List.H:47:
In file included from C:/OpenFOAM/SPUMA/src/OpenFOAM/lnInclude\autoPtr.H:348:
In file included from C:/OpenFOAM/SPUMA/src/OpenFOAM/lnInclude\autoPtrI.H:29:
In file included from C:/OpenFOAM/SPUMA/src/OpenFOAM/lnInclude\error.H:60:
In file included from C:/OpenFOAM/SPUMA/src/OpenFOAM/lnInclude\messageStream.H:57:
In file included from C:/OpenFOAM/SPUMA/src/OpenFOAM/lnInclude\label.H:42:
In file included from C:/OpenFOAM/SPUMA/src/OpenFOAM/lnInclude\int.H:41:
In file included from C:/OpenFOAM/SPUMA/src/OpenFOAM/lnInclude\deviceM.H:58:
In file included from C:/dev/llvm-acpp-msvc-21/bin/../include/AdaptiveCpp\sycl/sycl.hpp:14:
In file included from C:/dev/llvm-acpp-msvc-21/bin/../include/AdaptiveCpp\sycl\../hipSYCL/sycl/sycl.hpp:62:
In file included from C:/dev/llvm-acpp-msvc-21/bin/../include/AdaptiveCpp\sycl\../hipSYCL/sycl\libkernel/reduction.hpp:20:
C:/dev/llvm-acpp-msvc-21/bin/../include/AdaptiveCpp\hipSYCL/algorithms/reduction/reduction_descriptor.hpp:127:14: warning: 'multi_ptr<const int, hipsycl::sycl::access::address_space::global_space, hipsycl::sycl::access::decorated::legacy>' is deprecated [-Wdeprecated-declarations]
  127 |       return _output.get_pointer();
      |              ^
C:/dev/llvm-acpp-msvc-21/bin/../include/AdaptiveCpp\sycl\../hipSYCL/sycl\libkernel\multi_ptr.hpp:668:9: note: 'multi_ptr<const int, hipsycl::sycl::access::address_space::global_space, hipsycl::sycl::access::decorated::legacy>' has been explicitly marked deprecated here
  668 | class [[deprecated]] multi_ptr<ElementType, Space, access::decorated::legacy> {
      |         ^
C:/dev/llvm-acpp-msvc-21/bin/../include/AdaptiveCpp\sycl\../hipSYCL/sycl\libkernel\multi_ptr.hpp:1001:1: warning: 'multi_ptr<int, hipsycl::sycl::access::address_space::global_space, hipsycl::sycl::access::decorated::legacy>' is deprecated [-Wdeprecated-declarations]
 1001 | using global_ptr = multi_ptr<ElementType, access::address_space::global_space, IsDecorated>;
      | ^
C:/dev/llvm-acpp-msvc-21/bin/../include/AdaptiveCpp\sycl\../hipSYCL/sycl\libkernel/accessor.hpp:1274:12: note: in instantiation of template type alias 'global_ptr' requested here
 1274 |     return global_ptr<dataT>{const_cast<dataT*>(this->_ptr.get())};
      |            ^
C:/dev/llvm-acpp-msvc-21/bin/../include/AdaptiveCpp\hipSYCL/algorithms/reduction/reduction_descriptor.hpp:127:22: note: in instantiation of function template specialization 'hipsycl::sycl::accessor<int, 1, hipsycl::sycl::access_mode::read_write, hipsycl::sycl::target::device, hipsycl::sycl::accessor_variant::unranged>::get_pointer<hipsycl::sycl::target::device, void>' requested here
  127 |       return _output.get_pointer();
      |                      ^
C:/dev/llvm-acpp-msvc-21/bin/../include/AdaptiveCpp\hipSYCL/algorithms/reduction/reduction_descriptor.hpp:34:29: note: in instantiation of member function 'hipsycl::algorithms::reduction::reduction_descriptor<hipsycl::algorithms::reduction::reduction_binary_operator<int, hipsycl::sycl::plus<int>>, hipsycl::sycl::accessor<int, 1, hipsycl::sycl::access_mode::read_write, hipsycl::sycl::target::device, hipsycl::sycl::accessor_variant::unranged>>::get_final_output_destination' requested here
   34 |   value_type *output = desc.get_final_output_destination();
      |                             ^
C:/dev/llvm-acpp-msvc-21/bin/../include/AdaptiveCpp\hipSYCL/algorithms/reduction\wg_model/group_horizontal_reducer.hpp:67:28: note: in instantiation of function template specialization 'hipsycl::algorithms::reduction::detail::set_reduction_result<hipsycl::algorithms::reduction::wg_model::configured_reduction_descriptor<hipsycl::algorithms::reduction::reduction_descriptor<hipsycl::algorithms::reduction::reduction_binary_operator<int, hipsycl::sycl::plus<int>>, hipsycl::sycl::accessor<int, 1, hipsycl::sycl::access_mode::read_write, hipsycl::sycl::target::device, hipsycl::sycl::accessor_variant::unranged>>>>' requested here
   67 |         reduction::detail::set_reduction_result(descriptor, group_result,
      |                            ^
C:/dev/llvm-acpp-msvc-21/bin/../include/AdaptiveCpp\hipSYCL/algorithms/reduction/reduction_engine.hpp:84:18: note: in instantiation of function template specialization 'hipsycl::algorithms::reduction::wg_model::group_horizontal_reducer<hipsycl::algorithms::reduction::wg_model::group_reductions::generic_local_memory<hipsycl::algorithms::reduction::reduction_descriptor<hipsycl::algorithms::reduction::reduction_binary_operator<int, hipsycl::sycl::plus<int>>, hipsycl::sycl::accessor<int, 1, hipsycl::sycl::access_mode::read_write, hipsycl::sycl::target::device, hipsycl::sycl::accessor_variant::unranged>>>>::finalize<hipsycl::sycl::nd_item<>, hipsycl::algorithms::reduction::wg_model::configured_reduction_descriptor<hipsycl::algorithms::reduction::reduction_descriptor<hipsycl::algorithms::reduction::reduction_binary_operator<int, hipsycl::sycl::plus<int>>, hipsycl::sycl::accessor<int, 1, hipsycl::sycl::access_mode::read_write, hipsycl::sycl::target::device, hipsycl::sycl::accessor_variant::unranged>>>, hipsycl::algorithms::reduction::wg_model::sequential_reducer<hipsycl::algorithms::reduction::reduction_binary_operator<int, hipsycl::sycl::plus<int>>>>' requested here
   84 |   (group_reducer.finalize(wi_index, descs, std::get<Is>(reducers_tuple)), ...);
      |                  ^
C:/dev/llvm-acpp-msvc-21/bin/../include/AdaptiveCpp\hipSYCL/algorithms/reduction/reduction_engine.hpp:92:3: note: (skipping 14 contexts in backtrace; use -ftemplate-backtrace-limit=0 to see all)
   92 |   invoke_finalize_with_reducers_impl(
      |   ^
C:/OpenFOAM/SPUMA/src/OpenFOAM/lnInclude\syclExecutor.cpp:100:15: note: in instantiation of function template specialization 'hipsycl::sycl::handler::parallel_for<__acpp_unnamed_kernel, hipsycl::algorithms::reduction::reduction_descriptor<hipsycl::algorithms::reduction::reduction_binary_operator<int, hipsycl::sycl::plus<int>>, hipsycl::sycl::accessor<int, 1, hipsycl::sycl::access_mode::read_write, hipsycl::sycl::target::device, hipsycl::sycl::accessor_variant::unranged>>, (lambda at C:\OpenFOAM\SPUMA\src\OpenFOAM\lnInclude\syclExecutor.cpp:101:17)>' requested here
  100 |             h.parallel_for(sycl::range<1>(size), sumReduction,
      |               ^
C:/OpenFOAM/SPUMA/src/OpenFOAM/lnInclude\executor.H:85:34: note: in instantiation of function template specialization 'Foam::syclExecutor::_backendReductionSum<(lambda at C:\OpenFOAM\SPUMA\src\OpenFOAM\lnInclude\FieldFunctions.C:534:26), int>' requested here
   85 |         (static_cast<T*>(this))->_backendReductionSum(lambda, result, size);
      |                                  ^
C:/OpenFOAM/SPUMA/src/OpenFOAM/lnInclude\FieldFunctions.C:536:18: note: in instantiation of function template specialization 'Foam::executor<Foam::syclExecutor>::reductionSum<(lambda at C:\OpenFOAM\SPUMA\src\OpenFOAM\lnInclude\FieldFunctions.C:534:26), int>' requested here
  536 |             exec.reductionSum(sumOp, &result, size);
      |                  ^
C:/OpenFOAM/SPUMA/src/OpenFOAM/lnInclude\FieldFunctions.C:547:26: note: in instantiation of function template specialization 'Foam::sum<int>' requested here
  547 | TMP_UNARY_FUNCTION(Type, sum)
      |                          ^
C:/OpenFOAM/SPUMA/src/OpenFOAM/lnInclude\FieldFunctions.C:463:22: note: expanded from macro 'TMP_UNARY_FUNCTION'
  463 |     ReturnType res = Func(tf1());                                              \
      |                      ^
C:/OpenFOAM/SPUMA/src/OpenFOAM/lnInclude\globalIndexAndTransformI.H:462:30: note: in instantiation of function template specialization 'Foam::sum<int>' requested here
  462 |     label nUsedTrans = round(sum(mag(permutation)));
      |                              ^
C:/dev/llvm-acpp-msvc-21/bin/../include/AdaptiveCpp\sycl\../hipSYCL/sycl\libkernel\multi_ptr.hpp:668:9: note: 'multi_ptr<int, hipsycl::sycl::access::address_space::global_space, hipsycl::sycl::access::decorated::legacy>' has been explicitly marked deprecated here
  668 | class [[deprecated]] multi_ptr<ElementType, Space, access::decorated::legacy> {
      |         ^
In file included from fvMesh/extendedStencil/faceToCell/MeshObjects/centredCFCFaceToCellStencilObject.C:28:
In file included from fvMesh/extendedStencil/faceToCell/MeshObjects\centredCFCFaceToCellStencilObject.H:39:
In file included from lnInclude\extendedCentredFaceToCellStencil.H:39:
In file included from lnInclude\extendedFaceToCellStencil.H:42:
In file included from C:/OpenFOAM/SPUMA/src/OpenFOAM/lnInclude\mapDistribute.H:772:
In file included from C:/OpenFOAM/SPUMA/src/OpenFOAM/lnInclude\mapDistributeTemplates.C:32:
In file included from C:/OpenFOAM/SPUMA/src/OpenFOAM/lnInclude\transformField.H:43:
In file included from C:/OpenFOAM/SPUMA/src/OpenFOAM/lnInclude\septernion.H:49:
In file included from C:/OpenFOAM/SPUMA/src/OpenFOAM/lnInclude\spatialTransform.H:201:
C:/OpenFOAM/SPUMA/src/OpenFOAM/lnInclude\spatialTransformI.H:42:16: warning: instantiation of variable 'Foam::Tensor<double>::I' required here, but no definition is available [-Wundefined-var-template]
   42 |     E_(tensor::I),
      |                ^
C:/OpenFOAM/SPUMA/src/OpenFOAM/lnInclude\Tensor.H:83:29: note: forward declaration of template entity is here
   83 |         static const Tensor I;
      |                             ^
C:/OpenFOAM/SPUMA/src/OpenFOAM/lnInclude\spatialTransformI.H:42:16: note: add an explicit instantiation declaration to suppress this warning if 'Foam::Tensor<double>::I' is explicitly instantiated in another translation unit
   42 |     E_(tensor::I),
      |                ^
6 warnings generated.
  OK: 319979 bytes
Compiling fvMesh/fvMeshMapper/fvPatchMapper.C with omp ...
In file included from fvMesh/fvMeshMapper/fvPatchMapper.C:29:
In file included from fvMesh/fvMeshMapper\fvPatchMapper.H:41:
In file included from lnInclude\fvPatchFieldMapper.H:37:
In file included from C:/OpenFOAM/SPUMA/src/OpenFOAM/lnInclude\primitiveFields.H:40:
In file included from C:/OpenFOAM/SPUMA/src/OpenFOAM/lnInclude\boolField.H:41:
In file included from C:/OpenFOAM/SPUMA/src/OpenFOAM/lnInclude\Field.H:50:
In file included from C:/OpenFOAM/SPUMA/src/OpenFOAM/lnInclude\tmp.H:54:
In file included from C:/OpenFOAM/SPUMA/src/OpenFOAM/lnInclude\autoPtr.H:348:
In file included from C:/OpenFOAM/SPUMA/src/OpenFOAM/lnInclude\autoPtrI.H:29:
In file included from C:/OpenFOAM/SPUMA/src/OpenFOAM/lnInclude\error.H:60:
In file included from C:/OpenFOAM/SPUMA/src/OpenFOAM/lnInclude\messageStream.H:57:
In file included from C:/OpenFOAM/SPUMA/src/OpenFOAM/lnInclude\label.H:42:
In file included from C:/OpenFOAM/SPUMA/src/OpenFOAM/lnInclude\int.H:45:
C:/OpenFOAM/SPUMA/src/OpenFOAM/lnInclude\int64.H:77:12: warning: absolute value function 'labs' given an argument of type 'const int64_t' (aka 'const long long') but has parameter of type 'long' which may cause truncation of value [-Wabsolute-value]
   77 |     return ::labs(val);
      |            ^
C:/OpenFOAM/SPUMA/src/OpenFOAM/lnInclude\int64.H:77:12: note: use function 'std::abs' instead
   77 |     return ::labs(val);
      |            ^~~~~~
      |            std::abs
1 warning generated.
  OK: 97740 bytes
Compiling fvMesh/singleCellFvMesh/singleCellFvMesh.C with omp ...
In file included from fvMesh/singleCellFvMesh/singleCellFvMesh.C:29:
In file included from fvMesh/singleCellFvMesh\singleCellFvMesh.H:44:
In file included from lnInclude\fvPatchFieldMapper.H:37:
In file included from C:/OpenFOAM/SPUMA/src/OpenFOAM/lnInclude\primitiveFields.H:40:
In file included from C:/OpenFOAM/SPUMA/src/OpenFOAM/lnInclude\boolField.H:41:
In file included from C:/OpenFOAM/SPUMA/src/OpenFOAM/lnInclude\Field.H:50:
In file included from C:/OpenFOAM/SPUMA/src/OpenFOAM/lnInclude\tmp.H:54:
In file included from C:/OpenFOAM/SPUMA/src/OpenFOAM/lnInclude\autoPtr.H:348:
In file included from C:/OpenFOAM/SPUMA/src/OpenFOAM/lnInclude\autoPtrI.H:29:
In file included from C:/OpenFOAM/SPUMA/src/OpenFOAM/lnInclude\error.H:60:
In file included from C:/OpenFOAM/SPUMA/src/OpenFOAM/lnInclude\messageStream.H:57:
In file included from C:/OpenFOAM/SPUMA/src/OpenFOAM/lnInclude\label.H:42:
In file included from C:/OpenFOAM/SPUMA/src/OpenFOAM/lnInclude\int.H:45:
C:/OpenFOAM/SPUMA/src/OpenFOAM/lnInclude\int64.H:77:12: warning: absolute value function 'labs' given an argument of type 'const int64_t' (aka 'const long long') but has parameter of type 'long' which may cause truncation of value [-Wabsolute-value]
   77 |     return ::labs(val);
      |            ^
C:/OpenFOAM/SPUMA/src/OpenFOAM/lnInclude\int64.H:77:12: note: use function 'std::abs' instead
   77 |     return ::labs(val);
      |            ^~~~~~
      |            std::abs
In file included from fvMesh/singleCellFvMesh/singleCellFvMesh.C:30:
In file included from C:/OpenFOAM/SPUMA/src/OpenFOAM/lnInclude\syncTools.H:53:
In file included from C:/OpenFOAM/SPUMA/src/OpenFOAM/lnInclude\mapDistribute.H:141:
In file included from C:/OpenFOAM/SPUMA/src/OpenFOAM/lnInclude\vectorTensorTransform.H:262:
C:/OpenFOAM/SPUMA/src/OpenFOAM/lnInclude\vectorTensorTransformI.H:33:25: warning: instantiation of variable 'Foam::SphericalTensor<double>::I' required here, but no definition is available [-Wundefined-var-template]
   33 |     R_(sphericalTensor::I),
      |                         ^
C:/OpenFOAM/SPUMA/src/OpenFOAM/lnInclude\SphericalTensor.H:79:38: note: forward declaration of template entity is here
   79 |         static const SphericalTensor I;
      |                                      ^
C:/OpenFOAM/SPUMA/src/OpenFOAM/lnInclude\vectorTensorTransformI.H:33:25: note: add an explicit instantiation declaration to suppress this warning if 'Foam::SphericalTensor<double>::I' is explicitly instantiated in another translation unit
   33 |     R_(sphericalTensor::I),
      |                         ^
In file included from fvMesh/singleCellFvMesh/singleCellFvMesh.C:29:
In file included from fvMesh/singleCellFvMesh\singleCellFvMesh.H:44:
In file included from lnInclude\fvPatchFieldMapper.H:37:
In file included from C:/OpenFOAM/SPUMA/src/OpenFOAM/lnInclude\primitiveFields.H:40:
In file included from C:/OpenFOAM/SPUMA/src/OpenFOAM/lnInclude\boolField.H:41:
In file included from C:/OpenFOAM/SPUMA/src/OpenFOAM/lnInclude\Field.H:50:
In file included from C:/OpenFOAM/SPUMA/src/OpenFOAM/lnInclude\tmp.H:54:
In file included from C:/OpenFOAM/SPUMA/src/OpenFOAM/lnInclude\autoPtr.H:348:
In file included from C:/OpenFOAM/SPUMA/src/OpenFOAM/lnInclude\autoPtrI.H:29:
In file included from C:/OpenFOAM/SPUMA/src/OpenFOAM/lnInclude\error.H:60:
In file included from C:/OpenFOAM/SPUMA/src/OpenFOAM/lnInclude\messageStream.H:57:
In file included from C:/OpenFOAM/SPUMA/src/OpenFOAM/lnInclude\label.H:42:
In file included from C:/OpenFOAM/SPUMA/src/OpenFOAM/lnInclude\int.H:41:
In file included from C:/OpenFOAM/SPUMA/src/OpenFOAM/lnInclude\deviceM.H:58:
In file included from C:/dev/llvm-acpp-msvc-21/bin/../include/AdaptiveCpp\sycl/sycl.hpp:14:
In file included from C:/dev/llvm-acpp-msvc-21/bin/../include/AdaptiveCpp\sycl\../hipSYCL/sycl/sycl.hpp:62:
In file included from C:/dev/llvm-acpp-msvc-21/bin/../include/AdaptiveCpp\sycl\../hipSYCL/sycl\libkernel/reduction.hpp:20:
C:/dev/llvm-acpp-msvc-21/bin/../include/AdaptiveCpp\hipSYCL/algorithms/reduction/reduction_descriptor.hpp:127:22: warning: 'multi_ptr<int, hipsycl::sycl::access::address_space::global_space, hipsycl::sycl::access::decorated::legacy>' is deprecated [-Wdeprecated-declarations]
  127 |       return _output.get_pointer();
      |                      ^
C:/dev/llvm-acpp-msvc-21/bin/../include/AdaptiveCpp\hipSYCL/algorithms/reduction/reduction_descriptor.hpp:34:29: note: in instantiation of member function 'hipsycl::algorithms::reduction::reduction_descriptor<hipsycl::algorithms::reduction::reduction_binary_operator<int, hipsycl::sycl::plus<int>>, hipsycl::sycl::accessor<int, 1, hipsycl::sycl::access_mode::read_write, hipsycl::sycl::target::device, hipsycl::sycl::accessor_variant::unranged>>::get_final_output_destination' requested here
   34 |   value_type *output = desc.get_final_output_destination();
      |                             ^
C:/dev/llvm-acpp-msvc-21/bin/../include/AdaptiveCpp\hipSYCL/algorithms/reduction\wg_model/group_horizontal_reducer.hpp:67:28: note: in instantiation of function template specialization 'hipsycl::algorithms::reduction::detail::set_reduction_result<hipsycl::algorithms::reduction::wg_model::configured_reduction_descriptor<hipsycl::algorithms::reduction::reduction_descriptor<hipsycl::algorithms::reduction::reduction_binary_operator<int, hipsycl::sycl::plus<int>>, hipsycl::sycl::accessor<int, 1, hipsycl::sycl::access_mode::read_write, hipsycl::sycl::target::device, hipsycl::sycl::accessor_variant::unranged>>>>' requested here
   67 |         reduction::detail::set_reduction_result(descriptor, group_result,
      |                            ^
C:/dev/llvm-acpp-msvc-21/bin/../include/AdaptiveCpp\hipSYCL/algorithms/reduction/reduction_engine.hpp:84:18: note: in instantiation of function template specialization 'hipsycl::algorithms::reduction::wg_model::group_horizontal_reducer<hipsycl::algorithms::reduction::wg_model::group_reductions::generic_local_memory<hipsycl::algorithms::reduction::reduction_descriptor<hipsycl::algorithms::reduction::reduction_binary_operator<int, hipsycl::sycl::plus<int>>, hipsycl::sycl::accessor<int, 1, hipsycl::sycl::access_mode::read_write, hipsycl::sycl::target::device, hipsycl::sycl::accessor_variant::unranged>>>>::finalize<hipsycl::sycl::nd_item<>, hipsycl::algorithms::reduction::wg_model::configured_reduction_descriptor<hipsycl::algorithms::reduction::reduction_descriptor<hipsycl::algorithms::reduction::reduction_binary_operator<int, hipsycl::sycl::plus<int>>, hipsycl::sycl::accessor<int, 1, hipsycl::sycl::access_mode::read_write, hipsycl::sycl::target::device, hipsycl::sycl::accessor_variant::unranged>>>, hipsycl::algorithms::reduction::wg_model::sequential_reducer<hipsycl::algorithms::reduction::reduction_binary_operator<int, hipsycl::sycl::plus<int>>>>' requested here
   84 |   (group_reducer.finalize(wi_index, descs, std::get<Is>(reducers_tuple)), ...);
      |                  ^
C:/dev/llvm-acpp-msvc-21/bin/../include/AdaptiveCpp\hipSYCL/algorithms/reduction/reduction_engine.hpp:92:3: note: in instantiation of function template specialization 'hipsycl::algorithms::reduction::invoke_helpers::invoke_finalize_with_reducers_impl<hipsycl::algorithms::reduction::wg_model::group_horizontal_reducer<hipsycl::algorithms::reduction::wg_model::group_reductions::generic_local_memory<hipsycl::algorithms::reduction::reduction_descriptor<hipsycl::algorithms::reduction::reduction_binary_operator<int, hipsycl::sycl::plus<int>>, hipsycl::sycl::accessor<int, 1, hipsycl::sycl::access_mode::read_write, hipsycl::sycl::target::device, hipsycl::sycl::accessor_variant::unranged>>>>, hipsycl::sycl::nd_item<>, std::tuple<hipsycl::algorithms::reduction::wg_model::sequential_reducer<hipsycl::algorithms::reduction::reduction_binary_operator<int, hipsycl::sycl::plus<int>>>>, 0ULL, hipsycl::algorithms::reduction::wg_model::configured_reduction_descriptor<hipsycl::algorithms::reduction::reduction_descriptor<hipsycl::algorithms::reduction::reduction_binary_operator<int, hipsycl::sycl::plus<int>>, hipsycl::sycl::accessor<int, 1, hipsycl::sycl::access_mode::read_write, hipsycl::sycl::target::device, hipsycl::sycl::accessor_variant::unranged>>>>' requested here
   92 |   invoke_finalize_with_reducers_impl(
      |   ^
C:/dev/llvm-acpp-msvc-21/bin/../include/AdaptiveCpp\hipSYCL/algorithms/reduction/reduction_engine.hpp:229:21: note: in instantiation of function template specialization 'hipsycl::algorithms::reduction::invoke_helpers::invoke_finalize_with_reducers<hipsycl::algorithms::reduction::wg_model::group_horizontal_reducer<hipsycl::algorithms::reduction::wg_model::group_reductions::generic_local_memory<hipsycl::algorithms::reduction::reduction_descriptor<hipsycl::algorithms::reduction::reduction_binary_operator<int, hipsycl::sycl::plus<int>>, hipsycl::sycl::accessor<int, 1, hipsycl::sycl::access_mode::read_write, hipsycl::sycl::target::device, hipsycl::sycl::accessor_variant::unranged>>>>, hipsycl::sycl::nd_item<>, hipsycl::algorithms::reduction::wg_model::sequential_reducer<hipsycl::algorithms::reduction::reduction_binary_operator<int, hipsycl::sycl::plus<int>>>, hipsycl::algorithms::reduction::wg_model::configured_reduction_descriptor<hipsycl::algorithms::reduction::reduction_descriptor<hipsycl::algorithms::reduction::reduction_binary_operator<int, hipsycl::sycl::plus<int>>, hipsycl::sycl::accessor<int, 1, hipsycl::sycl::access_mode::read_write, hipsycl::sycl::target::device, hipsycl::sycl::accessor_variant::unranged>>>>' requested here
  229 |     invoke_helpers::invoke_finalize_with_reducers(group_reducer, wi_index, wi_reducers, descs...);
      |                     ^
C:\Program Files (x86)\Microsoft Visual Studio\2022\BuildTools\VC\Tools\MSVC\14.41.34120\include\type_traits:1714:16: note: (skipping 12 contexts in backtrace; use -ftemplate-backtrace-limit=0 to see all)
 1714 |         return static_cast<_Callable&&>(_Obj)(static_cast<_Ty1&&>(_Arg1), static_cast<_Types2&&>(_Args2)...);
      |                ^
C:/OpenFOAM/SPUMA/src/OpenFOAM/lnInclude\syclExecutor.cpp:100:15: note: in instantiation of function template specialization 'hipsycl::sycl::handler::parallel_for<__acpp_unnamed_kernel, hipsycl::algorithms::reduction::reduction_descriptor<hipsycl::algorithms::reduction::reduction_binary_operator<int, hipsycl::sycl::plus<int>>, hipsycl::sycl::accessor<int, 1, hipsycl::sycl::access_mode::read_write, hipsycl::sycl::target::device, hipsycl::sycl::accessor_variant::unranged>>, (lambda at C:\OpenFOAM\SPUMA\src\OpenFOAM\lnInclude\syclExecutor.cpp:101:17)>' requested here
  100 |             h.parallel_for(sycl::range<1>(size), sumReduction,
      |               ^
C:/OpenFOAM/SPUMA/src/OpenFOAM/lnInclude\executor.H:85:34: note: in instantiation of function template specialization 'Foam::syclExecutor::_backendReductionSum<(lambda at C:\OpenFOAM\SPUMA\src\OpenFOAM\lnInclude\FieldFunctions.C:534:26), int>' requested here
   85 |         (static_cast<T*>(this))->_backendReductionSum(lambda, result, size);
      |                                  ^
C:/OpenFOAM/SPUMA/src/OpenFOAM/lnInclude\FieldFunctions.C:536:18: note: in instantiation of function template specialization 'Foam::executor<Foam::syclExecutor>::reductionSum<(lambda at C:\OpenFOAM\SPUMA\src\OpenFOAM\lnInclude\FieldFunctions.C:534:26), int>' requested here
  536 |             exec.reductionSum(sumOp, &result, size);
      |                  ^
C:/OpenFOAM/SPUMA/src/OpenFOAM/lnInclude\FieldFunctions.C:547:26: note: in instantiation of function template specialization 'Foam::sum<int>' requested here
  547 | TMP_UNARY_FUNCTION(Type, sum)
      |                          ^
C:/OpenFOAM/SPUMA/src/OpenFOAM/lnInclude\FieldFunctions.C:463:22: note: expanded from macro 'TMP_UNARY_FUNCTION'
  463 |     ReturnType res = Func(tf1());                                              \
      |                      ^
C:/OpenFOAM/SPUMA/src/OpenFOAM/lnInclude\globalIndexAndTransformI.H:462:30: note: in instantiation of function template specialization 'Foam::sum<int>' requested here
  462 |     label nUsedTrans = round(sum(mag(permutation)));
      |                              ^
C:/dev/llvm-acpp-msvc-21/bin/../include/AdaptiveCpp\sycl\../hipSYCL/sycl\libkernel\multi_ptr.hpp:668:9: note: 'multi_ptr<int, hipsycl::sycl::access::address_space::global_space, hipsycl::sycl::access::decorated::legacy>' has been explicitly marked deprecated here
  668 | class [[deprecated]] multi_ptr<ElementType, Space, access::decorated::legacy> {
      |         ^
In file included from fvMesh/singleCellFvMesh/singleCellFvMesh.C:29:
In file included from fvMesh/singleCellFvMesh\singleCellFvMesh.H:44:
In file included from lnInclude\fvPatchFieldMapper.H:37:
In file included from C:/OpenFOAM/SPUMA/src/OpenFOAM/lnInclude\primitiveFields.H:40:
In file included from C:/OpenFOAM/SPUMA/src/OpenFOAM/lnInclude\boolField.H:41:
In file included from C:/OpenFOAM/SPUMA/src/OpenFOAM/lnInclude\Field.H:50:
In file included from C:/OpenFOAM/SPUMA/src/OpenFOAM/lnInclude\tmp.H:54:
In file included from C:/OpenFOAM/SPUMA/src/OpenFOAM/lnInclude\autoPtr.H:348:
In file included from C:/OpenFOAM/SPUMA/src/OpenFOAM/lnInclude\autoPtrI.H:29:
In file included from C:/OpenFOAM/SPUMA/src/OpenFOAM/lnInclude\error.H:60:
In file included from C:/OpenFOAM/SPUMA/src/OpenFOAM/lnInclude\messageStream.H:57:
In file included from C:/OpenFOAM/SPUMA/src/OpenFOAM/lnInclude\label.H:42:
In file included from C:/OpenFOAM/SPUMA/src/OpenFOAM/lnInclude\int.H:41:
In file included from C:/OpenFOAM/SPUMA/src/OpenFOAM/lnInclude\deviceM.H:58:
In file included from C:/dev/llvm-acpp-msvc-21/bin/../include/AdaptiveCpp\sycl/sycl.hpp:14:
In file included from C:/dev/llvm-acpp-msvc-21/bin/../include/AdaptiveCpp\sycl\../hipSYCL/sycl/sycl.hpp:62:
In file included from C:/dev/llvm-acpp-msvc-21/bin/../include/AdaptiveCpp\sycl\../hipSYCL/sycl\libkernel/reduction.hpp:20:
C:/dev/llvm-acpp-msvc-21/bin/../include/AdaptiveCpp\hipSYCL/algorithms/reduction/reduction_descriptor.hpp:127:14: warning: 'multi_ptr<const int, hipsycl::sycl::access::address_space::global_space, hipsycl::sycl::access::decorated::legacy>' is deprecated [-Wdeprecated-declarations]
  127 |       return _output.get_pointer();
      |              ^
C:/dev/llvm-acpp-msvc-21/bin/../include/AdaptiveCpp\sycl\../hipSYCL/sycl\libkernel\multi_ptr.hpp:668:9: note: 'multi_ptr<const int, hipsycl::sycl::access::address_space::global_space, hipsycl::sycl::access::decorated::legacy>' has been explicitly marked deprecated here
  668 | class [[deprecated]] multi_ptr<ElementType, Space, access::decorated::legacy> {
      |         ^
C:/dev/llvm-acpp-msvc-21/bin/../include/AdaptiveCpp\sycl\../hipSYCL/sycl\libkernel\multi_ptr.hpp:1001:1: warning: 'multi_ptr<int, hipsycl::sycl::access::address_space::global_space, hipsycl::sycl::access::decorated::legacy>' is deprecated [-Wdeprecated-declarations]
 1001 | using global_ptr = multi_ptr<ElementType, access::address_space::global_space, IsDecorated>;
      | ^
C:/dev/llvm-acpp-msvc-21/bin/../include/AdaptiveCpp\sycl\../hipSYCL/sycl\libkernel/accessor.hpp:1274:12: note: in instantiation of template type alias 'global_ptr' requested here
 1274 |     return global_ptr<dataT>{const_cast<dataT*>(this->_ptr.get())};
      |            ^
C:/dev/llvm-acpp-msvc-21/bin/../include/AdaptiveCpp\hipSYCL/algorithms/reduction/reduction_descriptor.hpp:127:22: note: in instantiation of function template specialization 'hipsycl::sycl::accessor<int, 1, hipsycl::sycl::access_mode::read_write, hipsycl::sycl::target::device, hipsycl::sycl::accessor_variant::unranged>::get_pointer<hipsycl::sycl::target::device, void>' requested here
  127 |       return _output.get_pointer();
      |                      ^
C:/dev/llvm-acpp-msvc-21/bin/../include/AdaptiveCpp\hipSYCL/algorithms/reduction/reduction_descriptor.hpp:34:29: note: in instantiation of member function 'hipsycl::algorithms::reduction::reduction_descriptor<hipsycl::algorithms::reduction::reduction_binary_operator<int, hipsycl::sycl::plus<int>>, hipsycl::sycl::accessor<int, 1, hipsycl::sycl::access_mode::read_write, hipsycl::sycl::target::device, hipsycl::sycl::accessor_variant::unranged>>::get_final_output_destination' requested here
   34 |   value_type *output = desc.get_final_output_destination();
      |                             ^
C:/dev/llvm-acpp-msvc-21/bin/../include/AdaptiveCpp\hipSYCL/algorithms/reduction\wg_model/group_horizontal_reducer.hpp:67:28: note: in instantiation of function template specialization 'hipsycl::algorithms::reduction::detail::set_reduction_result<hipsycl::algorithms::reduction::wg_model::configured_reduction_descriptor<hipsycl::algorithms::reduction::reduction_descriptor<hipsycl::algorithms::reduction::reduction_binary_operator<int, hipsycl::sycl::plus<int>>, hipsycl::sycl::accessor<int, 1, hipsycl::sycl::access_mode::read_write, hipsycl::sycl::target::device, hipsycl::sycl::accessor_variant::unranged>>>>' requested here
   67 |         reduction::detail::set_reduction_result(descriptor, group_result,
      |                            ^
C:/dev/llvm-acpp-msvc-21/bin/../include/AdaptiveCpp\hipSYCL/algorithms/reduction/reduction_engine.hpp:84:18: note: in instantiation of function template specialization 'hipsycl::algorithms::reduction::wg_model::group_horizontal_reducer<hipsycl::algorithms::reduction::wg_model::group_reductions::generic_local_memory<hipsycl::algorithms::reduction::reduction_descriptor<hipsycl::algorithms::reduction::reduction_binary_operator<int, hipsycl::sycl::plus<int>>, hipsycl::sycl::accessor<int, 1, hipsycl::sycl::access_mode::read_write, hipsycl::sycl::target::device, hipsycl::sycl::accessor_variant::unranged>>>>::finalize<hipsycl::sycl::nd_item<>, hipsycl::algorithms::reduction::wg_model::configured_reduction_descriptor<hipsycl::algorithms::reduction::reduction_descriptor<hipsycl::algorithms::reduction::reduction_binary_operator<int, hipsycl::sycl::plus<int>>, hipsycl::sycl::accessor<int, 1, hipsycl::sycl::access_mode::read_write, hipsycl::sycl::target::device, hipsycl::sycl::accessor_variant::unranged>>>, hipsycl::algorithms::reduction::wg_model::sequential_reducer<hipsycl::algorithms::reduction::reduction_binary_operator<int, hipsycl::sycl::plus<int>>>>' requested here
   84 |   (group_reducer.finalize(wi_index, descs, std::get<Is>(reducers_tuple)), ...);
      |                  ^
C:/dev/llvm-acpp-msvc-21/bin/../include/AdaptiveCpp\hipSYCL/algorithms/reduction/reduction_engine.hpp:92:3: note: (skipping 14 contexts in backtrace; use -ftemplate-backtrace-limit=0 to see all)
   92 |   invoke_finalize_with_reducers_impl(
      |   ^
C:/OpenFOAM/SPUMA/src/OpenFOAM/lnInclude\syclExecutor.cpp:100:15: note: in instantiation of function template specialization 'hipsycl::sycl::handler::parallel_for<__acpp_unnamed_kernel, hipsycl::algorithms::reduction::reduction_descriptor<hipsycl::algorithms::reduction::reduction_binary_operator<int, hipsycl::sycl::plus<int>>, hipsycl::sycl::accessor<int, 1, hipsycl::sycl::access_mode::read_write, hipsycl::sycl::target::device, hipsycl::sycl::accessor_variant::unranged>>, (lambda at C:\OpenFOAM\SPUMA\src\OpenFOAM\lnInclude\syclExecutor.cpp:101:17)>' requested here
  100 |             h.parallel_for(sycl::range<1>(size), sumReduction,
      |               ^
C:/OpenFOAM/SPUMA/src/OpenFOAM/lnInclude\executor.H:85:34: note: in instantiation of function template specialization 'Foam::syclExecutor::_backendReductionSum<(lambda at C:\OpenFOAM\SPUMA\src\OpenFOAM\lnInclude\FieldFunctions.C:534:26), int>' requested here
   85 |         (static_cast<T*>(this))->_backendReductionSum(lambda, result, size);
      |                                  ^
C:/OpenFOAM/SPUMA/src/OpenFOAM/lnInclude\FieldFunctions.C:536:18: note: in instantiation of function template specialization 'Foam::executor<Foam::syclExecutor>::reductionSum<(lambda at C:\OpenFOAM\SPUMA\src\OpenFOAM\lnInclude\FieldFunctions.C:534:26), int>' requested here
  536 |             exec.reductionSum(sumOp, &result, size);
      |                  ^
C:/OpenFOAM/SPUMA/src/OpenFOAM/lnInclude\FieldFunctions.C:547:26: note: in instantiation of function template specialization 'Foam::sum<int>' requested here
  547 | TMP_UNARY_FUNCTION(Type, sum)
      |                          ^
C:/OpenFOAM/SPUMA/src/OpenFOAM/lnInclude\FieldFunctions.C:463:22: note: expanded from macro 'TMP_UNARY_FUNCTION'
  463 |     ReturnType res = Func(tf1());                                              \
      |                      ^
C:/OpenFOAM/SPUMA/src/OpenFOAM/lnInclude\globalIndexAndTransformI.H:462:30: note: in instantiation of function template specialization 'Foam::sum<int>' requested here
  462 |     label nUsedTrans = round(sum(mag(permutation)));
      |                              ^
C:/dev/llvm-acpp-msvc-21/bin/../include/AdaptiveCpp\sycl\../hipSYCL/sycl\libkernel\multi_ptr.hpp:668:9: note: 'multi_ptr<int, hipsycl::sycl::access::address_space::global_space, hipsycl::sycl::access::decorated::legacy>' has been explicitly marked deprecated here
  668 | class [[deprecated]] multi_ptr<ElementType, Space, access::decorated::legacy> {
      |         ^
In file included from fvMesh/singleCellFvMesh/singleCellFvMesh.C:30:
In file included from C:/OpenFOAM/SPUMA/src/OpenFOAM/lnInclude\syncTools.H:53:
In file included from C:/OpenFOAM/SPUMA/src/OpenFOAM/lnInclude\mapDistribute.H:772:
In file included from C:/OpenFOAM/SPUMA/src/OpenFOAM/lnInclude\mapDistributeTemplates.C:32:
In file included from C:/OpenFOAM/SPUMA/src/OpenFOAM/lnInclude\transformField.H:43:
In file included from C:/OpenFOAM/SPUMA/src/OpenFOAM/lnInclude\septernion.H:49:
In file included from C:/OpenFOAM/SPUMA/src/OpenFOAM/lnInclude\spatialTransform.H:201:
C:/OpenFOAM/SPUMA/src/OpenFOAM/lnInclude\spatialTransformI.H:42:16: warning: instantiation of variable 'Foam::Tensor<double>::I' required here, but no definition is available [-Wundefined-var-template]
   42 |     E_(tensor::I),
      |                ^
C:/OpenFOAM/SPUMA/src/OpenFOAM/lnInclude\Tensor.H:83:29: note: forward declaration of template entity is here
   83 |         static const Tensor I;
      |                             ^
C:/OpenFOAM/SPUMA/src/OpenFOAM/lnInclude\spatialTransformI.H:42:16: note: add an explicit instantiation declaration to suppress this warning if 'Foam::Tensor<double>::I' is explicitly instantiated in another translation unit
   42 |     E_(tensor::I),
      |                ^
In file included from fvMesh/singleCellFvMesh/singleCellFvMesh.C:29:
In file included from fvMesh/singleCellFvMesh\singleCellFvMesh.H:45:
In file included from lnInclude\fvMesh.H:53:
In file included from C:/OpenFOAM/SPUMA/src/OpenFOAM/lnInclude\polyMesh.H:55:
In file included from C:/OpenFOAM/SPUMA/src/OpenFOAM/lnInclude\faceIOList.H:32:
In file included from C:/OpenFOAM/SPUMA/src/OpenFOAM/lnInclude\CompactIOList.H:45:
In file included from C:/OpenFOAM/SPUMA/src/OpenFOAM/lnInclude\IOList.H:197:
C:/OpenFOAM/SPUMA/src/OpenFOAM/lnInclude\IOList.C:39:20: warning: instantiation of variable 'Foam::IOList<Foam::List<int>>::typeName' required here, but no definition is available [-Wundefined-var-template]
   39 |         readStream(typeName) >> *this;
      |                    ^
C:/OpenFOAM/SPUMA/src/OpenFOAM/lnInclude\IOList.C:93:10: note: in instantiation of member function 'Foam::IOList<Foam::List<int>>::readIOcontents' requested here
   93 |     if (!readIOcontents())
      |          ^
fvMesh/singleCellFvMesh/singleCellFvMesh.C:416:5: note: in instantiation of member function 'Foam::IOList<Foam::List<int>>::IOList' requested here
  416 |     patchFaceAgglomeration_
      |     ^
C:/OpenFOAM/SPUMA/src/OpenFOAM/lnInclude\IOList.H:71:5: note: forward declaration of template entity is here
   71 |     TypeName("List");
      |     ^
C:/OpenFOAM/SPUMA/src/OpenFOAM/lnInclude\typeInfo.H:71:5: note: expanded from macro 'TypeName'
   71 |     ClassName(TypeNameString);                                                 \
      |     ^
C:/OpenFOAM/SPUMA/src/OpenFOAM/lnInclude\className.H:69:5: note: expanded from macro 'ClassName'
   69 |     ClassNameNoDebug(TypeNameString);                                          \
      |     ^
C:/OpenFOAM/SPUMA/src/OpenFOAM/lnInclude\className.H:44:52: note: expanded from macro 'ClassNameNoDebug'
   44 |     FOAM_TYPENAME_EXPORT static const ::Foam::word typeName
      |                                                    ^
C:/OpenFOAM/SPUMA/src/OpenFOAM/lnInclude\IOList.C:39:20: note: add an explicit instantiation declaration to suppress this warning if 'Foam::IOList<Foam::List<int>>::typeName' is explicitly instantiated in another translation unit
   39 |         readStream(typeName) >> *this;
      |                    ^
C:/OpenFOAM/SPUMA/src/OpenFOAM/lnInclude\IOList.C:39:20: warning: instantiation of variable 'Foam::IOList<int>::typeName' required here, but no definition is available [-Wundefined-var-template]
   39 |         readStream(typeName) >> *this;
      |                    ^
C:/OpenFOAM/SPUMA/src/OpenFOAM/lnInclude\IOList.C:93:10: note: in instantiation of member function 'Foam::IOList<int>::readIOcontents' requested here
   93 |     if (!readIOcontents())
      |          ^
fvMesh/singleCellFvMesh/singleCellFvMesh.C:442:5: note: in instantiation of member function 'Foam::IOList<int>::IOList' requested here
  442 |     reverseFaceMap_
      |     ^
C:/OpenFOAM/SPUMA/src/OpenFOAM/lnInclude\IOList.H:71:5: note: forward declaration of template entity is here
   71 |     TypeName("List");
      |     ^
C:/OpenFOAM/SPUMA/src/OpenFOAM/lnInclude\typeInfo.H:71:5: note: expanded from macro 'TypeName'
   71 |     ClassName(TypeNameString);                                                 \
      |     ^
C:/OpenFOAM/SPUMA/src/OpenFOAM/lnInclude\className.H:69:5: note: expanded from macro 'ClassName'
   69 |     ClassNameNoDebug(TypeNameString);                                          \
      |     ^
C:/OpenFOAM/SPUMA/src/OpenFOAM/lnInclude\className.H:44:52: note: expanded from macro 'ClassNameNoDebug'
   44 |     FOAM_TYPENAME_EXPORT static const ::Foam::word typeName
      |                                                    ^
C:/OpenFOAM/SPUMA/src/OpenFOAM/lnInclude\IOList.C:39:20: note: add an explicit instantiation declaration to suppress this warning if 'Foam::IOList<int>::typeName' is explicitly instantiated in another translation unit
   39 |         readStream(typeName) >> *this;
      |                    ^
8 warnings generated.
  OK: 930710 bytes
Compiling fvMesh/zoneDistribute/zoneStencils/zoneCellStencils.C with omp ...
In file included from fvMesh/zoneDistribute/zoneStencils/zoneCellStencils.C:28:
In file included from fvMesh/zoneDistribute/zoneStencils\zoneCellStencils.H:42:
In file included from C:/OpenFOAM/SPUMA/src/OpenFOAM/lnInclude\boolList.H:32:
In file included from C:/OpenFOAM/SPUMA/src/OpenFOAM/lnInclude\List.H:47:
In file included from C:/OpenFOAM/SPUMA/src/OpenFOAM/lnInclude\autoPtr.H:348:
In file included from C:/OpenFOAM/SPUMA/src/OpenFOAM/lnInclude\autoPtrI.H:29:
In file included from C:/OpenFOAM/SPUMA/src/OpenFOAM/lnInclude\error.H:60:
In file included from C:/OpenFOAM/SPUMA/src/OpenFOAM/lnInclude\messageStream.H:57:
In file included from C:/OpenFOAM/SPUMA/src/OpenFOAM/lnInclude\label.H:42:
In file included from C:/OpenFOAM/SPUMA/src/OpenFOAM/lnInclude\int.H:45:
C:/OpenFOAM/SPUMA/src/OpenFOAM/lnInclude\int64.H:77:12: warning: absolute value function 'labs' given an argument of type 'const int64_t' (aka 'const long long') but has parameter of type 'long' which may cause truncation of value [-Wabsolute-value]
   77 |     return ::labs(val);
      |            ^
C:/OpenFOAM/SPUMA/src/OpenFOAM/lnInclude\int64.H:77:12: note: use function 'std::abs' instead
   77 |     return ::labs(val);
      |            ^~~~~~
      |            std::abs
In file included from fvMesh/zoneDistribute/zoneStencils/zoneCellStencils.C:29:
In file included from C:/OpenFOAM/SPUMA/src/OpenFOAM/lnInclude\syncTools.H:53:
In file included from C:/OpenFOAM/SPUMA/src/OpenFOAM/lnInclude\mapDistribute.H:141:
In file included from C:/OpenFOAM/SPUMA/src/OpenFOAM/lnInclude\vectorTensorTransform.H:262:
C:/OpenFOAM/SPUMA/src/OpenFOAM/lnInclude\vectorTensorTransformI.H:33:25: warning: instantiation of variable 'Foam::SphericalTensor<double>::I' required here, but no definition is available [-Wundefined-var-template]
   33 |     R_(sphericalTensor::I),
      |                         ^
C:/OpenFOAM/SPUMA/src/OpenFOAM/lnInclude\SphericalTensor.H:79:38: note: forward declaration of template entity is here
   79 |         static const SphericalTensor I;
      |                                      ^
C:/OpenFOAM/SPUMA/src/OpenFOAM/lnInclude\vectorTensorTransformI.H:33:25: note: add an explicit instantiation declaration to suppress this warning if 'Foam::SphericalTensor<double>::I' is explicitly instantiated in another translation unit
   33 |     R_(sphericalTensor::I),
      |                         ^
In file included from fvMesh/zoneDistribute/zoneStencils/zoneCellStencils.C:28:
In file included from fvMesh/zoneDistribute/zoneStencils\zoneCellStencils.H:42:
In file included from C:/OpenFOAM/SPUMA/src/OpenFOAM/lnInclude\boolList.H:32:
In file included from C:/OpenFOAM/SPUMA/src/OpenFOAM/lnInclude\List.H:47:
In file included from C:/OpenFOAM/SPUMA/src/OpenFOAM/lnInclude\autoPtr.H:348:
In file included from C:/OpenFOAM/SPUMA/src/OpenFOAM/lnInclude\autoPtrI.H:29:
In file included from C:/OpenFOAM/SPUMA/src/OpenFOAM/lnInclude\error.H:60:
In file included from C:/OpenFOAM/SPUMA/src/OpenFOAM/lnInclude\messageStream.H:57:
In file included from C:/OpenFOAM/SPUMA/src/OpenFOAM/lnInclude\label.H:42:
In file included from C:/OpenFOAM/SPUMA/src/OpenFOAM/lnInclude\int.H:41:
In file included from C:/OpenFOAM/SPUMA/src/OpenFOAM/lnInclude\deviceM.H:58:
In file included from C:/dev/llvm-acpp-msvc-21/bin/../include/AdaptiveCpp\sycl/sycl.hpp:14:
In file included from C:/dev/llvm-acpp-msvc-21/bin/../include/AdaptiveCpp\sycl\../hipSYCL/sycl/sycl.hpp:62:
In file included from C:/dev/llvm-acpp-msvc-21/bin/../include/AdaptiveCpp\sycl\../hipSYCL/sycl\libkernel/reduction.hpp:20:
C:/dev/llvm-acpp-msvc-21/bin/../include/AdaptiveCpp\hipSYCL/algorithms/reduction/reduction_descriptor.hpp:127:22: warning: 'multi_ptr<int, hipsycl::sycl::access::address_space::global_space, hipsycl::sycl::access::decorated::legacy>' is deprecated [-Wdeprecated-declarations]
  127 |       return _output.get_pointer();
      |                      ^
C:/dev/llvm-acpp-msvc-21/bin/../include/AdaptiveCpp\hipSYCL/algorithms/reduction/reduction_descriptor.hpp:34:29: note: in instantiation of member function 'hipsycl::algorithms::reduction::reduction_descriptor<hipsycl::algorithms::reduction::reduction_binary_operator<int, hipsycl::sycl::plus<int>>, hipsycl::sycl::accessor<int, 1, hipsycl::sycl::access_mode::read_write, hipsycl::sycl::target::device, hipsycl::sycl::accessor_variant::unranged>>::get_final_output_destination' requested here
   34 |   value_type *output = desc.get_final_output_destination();
      |                             ^
C:/dev/llvm-acpp-msvc-21/bin/../include/AdaptiveCpp\hipSYCL/algorithms/reduction\wg_model/group_horizontal_reducer.hpp:67:28: note: in instantiation of function template specialization 'hipsycl::algorithms::reduction::detail::set_reduction_result<hipsycl::algorithms::reduction::wg_model::configured_reduction_descriptor<hipsycl::algorithms::reduction::reduction_descriptor<hipsycl::algorithms::reduction::reduction_binary_operator<int, hipsycl::sycl::plus<int>>, hipsycl::sycl::accessor<int, 1, hipsycl::sycl::access_mode::read_write, hipsycl::sycl::target::device, hipsycl::sycl::accessor_variant::unranged>>>>' requested here
   67 |         reduction::detail::set_reduction_result(descriptor, group_result,
      |                            ^
C:/dev/llvm-acpp-msvc-21/bin/../include/AdaptiveCpp\hipSYCL/algorithms/reduction/reduction_engine.hpp:84:18: note: in instantiation of function template specialization 'hipsycl::algorithms::reduction::wg_model::group_horizontal_reducer<hipsycl::algorithms::reduction::wg_model::group_reductions::generic_local_memory<hipsycl::algorithms::reduction::reduction_descriptor<hipsycl::algorithms::reduction::reduction_binary_operator<int, hipsycl::sycl::plus<int>>, hipsycl::sycl::accessor<int, 1, hipsycl::sycl::access_mode::read_write, hipsycl::sycl::target::device, hipsycl::sycl::accessor_variant::unranged>>>>::finalize<hipsycl::sycl::nd_item<>, hipsycl::algorithms::reduction::wg_model::configured_reduction_descriptor<hipsycl::algorithms::reduction::reduction_descriptor<hipsycl::algorithms::reduction::reduction_binary_operator<int, hipsycl::sycl::plus<int>>, hipsycl::sycl::accessor<int, 1, hipsycl::sycl::access_mode::read_write, hipsycl::sycl::target::device, hipsycl::sycl::accessor_variant::unranged>>>, hipsycl::algorithms::reduction::wg_model::sequential_reducer<hipsycl::algorithms::reduction::reduction_binary_operator<int, hipsycl::sycl::plus<int>>>>' requested here
   84 |   (group_reducer.finalize(wi_index, descs, std::get<Is>(reducers_tuple)), ...);
      |                  ^
C:/dev/llvm-acpp-msvc-21/bin/../include/AdaptiveCpp\hipSYCL/algorithms/reduction/reduction_engine.hpp:92:3: note: in instantiation of function template specialization 'hipsycl::algorithms::reduction::invoke_helpers::invoke_finalize_with_reducers_impl<hipsycl::algorithms::reduction::wg_model::group_horizontal_reducer<hipsycl::algorithms::reduction::wg_model::group_reductions::generic_local_memory<hipsycl::algorithms::reduction::reduction_descriptor<hipsycl::algorithms::reduction::reduction_binary_operator<int, hipsycl::sycl::plus<int>>, hipsycl::sycl::accessor<int, 1, hipsycl::sycl::access_mode::read_write, hipsycl::sycl::target::device, hipsycl::sycl::accessor_variant::unranged>>>>, hipsycl::sycl::nd_item<>, std::tuple<hipsycl::algorithms::reduction::wg_model::sequential_reducer<hipsycl::algorithms::reduction::reduction_binary_operator<int, hipsycl::sycl::plus<int>>>>, 0ULL, hipsycl::algorithms::reduction::wg_model::configured_reduction_descriptor<hipsycl::algorithms::reduction::reduction_descriptor<hipsycl::algorithms::reduction::reduction_binary_operator<int, hipsycl::sycl::plus<int>>, hipsycl::sycl::accessor<int, 1, hipsycl::sycl::access_mode::read_write, hipsycl::sycl::target::device, hipsycl::sycl::accessor_variant::unranged>>>>' requested here
   92 |   invoke_finalize_with_reducers_impl(
      |   ^
C:/dev/llvm-acpp-msvc-21/bin/../include/AdaptiveCpp\hipSYCL/algorithms/reduction/reduction_engine.hpp:229:21: note: in instantiation of function template specialization 'hipsycl::algorithms::reduction::invoke_helpers::invoke_finalize_with_reducers<hipsycl::algorithms::reduction::wg_model::group_horizontal_reducer<hipsycl::algorithms::reduction::wg_model::group_reductions::generic_local_memory<hipsycl::algorithms::reduction::reduction_descriptor<hipsycl::algorithms::reduction::reduction_binary_operator<int, hipsycl::sycl::plus<int>>, hipsycl::sycl::accessor<int, 1, hipsycl::sycl::access_mode::read_write, hipsycl::sycl::target::device, hipsycl::sycl::accessor_variant::unranged>>>>, hipsycl::sycl::nd_item<>, hipsycl::algorithms::reduction::wg_model::sequential_reducer<hipsycl::algorithms::reduction::reduction_binary_operator<int, hipsycl::sycl::plus<int>>>, hipsycl::algorithms::reduction::wg_model::configured_reduction_descriptor<hipsycl::algorithms::reduction::reduction_descriptor<hipsycl::algorithms::reduction::reduction_binary_operator<int, hipsycl::sycl::plus<int>>, hipsycl::sycl::accessor<int, 1, hipsycl::sycl::access_mode::read_write, hipsycl::sycl::target::device, hipsycl::sycl::accessor_variant::unranged>>>>' requested here
  229 |     invoke_helpers::invoke_finalize_with_reducers(group_reducer, wi_index, wi_reducers, descs...);
      |                     ^
C:\Program Files (x86)\Microsoft Visual Studio\2022\BuildTools\VC\Tools\MSVC\14.41.34120\include\type_traits:1714:16: note: (skipping 12 contexts in backtrace; use -ftemplate-backtrace-limit=0 to see all)
 1714 |         return static_cast<_Callable&&>(_Obj)(static_cast<_Ty1&&>(_Arg1), static_cast<_Types2&&>(_Args2)...);
      |                ^
C:/OpenFOAM/SPUMA/src/OpenFOAM/lnInclude\syclExecutor.cpp:100:15: note: in instantiation of function template specialization 'hipsycl::sycl::handler::parallel_for<__acpp_unnamed_kernel, hipsycl::algorithms::reduction::reduction_descriptor<hipsycl::algorithms::reduction::reduction_binary_operator<int, hipsycl::sycl::plus<int>>, hipsycl::sycl::accessor<int, 1, hipsycl::sycl::access_mode::read_write, hipsycl::sycl::target::device, hipsycl::sycl::accessor_variant::unranged>>, (lambda at C:\OpenFOAM\SPUMA\src\OpenFOAM\lnInclude\syclExecutor.cpp:101:17)>' requested here
  100 |             h.parallel_for(sycl::range<1>(size), sumReduction,
      |               ^
C:/OpenFOAM/SPUMA/src/OpenFOAM/lnInclude\executor.H:85:34: note: in instantiation of function template specialization 'Foam::syclExecutor::_backendReductionSum<(lambda at C:\OpenFOAM\SPUMA\src\OpenFOAM\lnInclude\FieldFunctions.C:534:26), int>' requested here
   85 |         (static_cast<T*>(this))->_backendReductionSum(lambda, result, size);
      |                                  ^
C:/OpenFOAM/SPUMA/src/OpenFOAM/lnInclude\FieldFunctions.C:536:18: note: in instantiation of function template specialization 'Foam::executor<Foam::syclExecutor>::reductionSum<(lambda at C:\OpenFOAM\SPUMA\src\OpenFOAM\lnInclude\FieldFunctions.C:534:26), int>' requested here
  536 |             exec.reductionSum(sumOp, &result, size);
      |                  ^
C:/OpenFOAM/SPUMA/src/OpenFOAM/lnInclude\FieldFunctions.C:547:26: note: in instantiation of function template specialization 'Foam::sum<int>' requested here
  547 | TMP_UNARY_FUNCTION(Type, sum)
      |                          ^
C:/OpenFOAM/SPUMA/src/OpenFOAM/lnInclude\FieldFunctions.C:463:22: note: expanded from macro 'TMP_UNARY_FUNCTION'
  463 |     ReturnType res = Func(tf1());                                              \
      |                      ^
C:/OpenFOAM/SPUMA/src/OpenFOAM/lnInclude\globalIndexAndTransformI.H:462:30: note: in instantiation of function template specialization 'Foam::sum<int>' requested here
  462 |     label nUsedTrans = round(sum(mag(permutation)));
      |                              ^
C:/dev/llvm-acpp-msvc-21/bin/../include/AdaptiveCpp\sycl\../hipSYCL/sycl\libkernel\multi_ptr.hpp:668:9: note: 'multi_ptr<int, hipsycl::sycl::access::address_space::global_space, hipsycl::sycl::access::decorated::legacy>' has been explicitly marked deprecated here
  668 | class [[deprecated]] multi_ptr<ElementType, Space, access::decorated::legacy> {
      |         ^
In file included from fvMesh/zoneDistribute/zoneStencils/zoneCellStencils.C:28:
In file included from fvMesh/zoneDistribute/zoneStencils\zoneCellStencils.H:42:
In file included from C:/OpenFOAM/SPUMA/src/OpenFOAM/lnInclude\boolList.H:32:
In file included from C:/OpenFOAM/SPUMA/src/OpenFOAM/lnInclude\List.H:47:
In file included from C:/OpenFOAM/SPUMA/src/OpenFOAM/lnInclude\autoPtr.H:348:
In file included from C:/OpenFOAM/SPUMA/src/OpenFOAM/lnInclude\autoPtrI.H:29:
In file included from C:/OpenFOAM/SPUMA/src/OpenFOAM/lnInclude\error.H:60:
In file included from C:/OpenFOAM/SPUMA/src/OpenFOAM/lnInclude\messageStream.H:57:
In file included from C:/OpenFOAM/SPUMA/src/OpenFOAM/lnInclude\label.H:42:
In file included from C:/OpenFOAM/SPUMA/src/OpenFOAM/lnInclude\int.H:41:
In file included from C:/OpenFOAM/SPUMA/src/OpenFOAM/lnInclude\deviceM.H:58:
In file included from C:/dev/llvm-acpp-msvc-21/bin/../include/AdaptiveCpp\sycl/sycl.hpp:14:
In file included from C:/dev/llvm-acpp-msvc-21/bin/../include/AdaptiveCpp\sycl\../hipSYCL/sycl/sycl.hpp:62:
In file included from C:/dev/llvm-acpp-msvc-21/bin/../include/AdaptiveCpp\sycl\../hipSYCL/sycl\libkernel/reduction.hpp:20:
C:/dev/llvm-acpp-msvc-21/bin/../include/AdaptiveCpp\hipSYCL/algorithms/reduction/reduction_descriptor.hpp:127:14: warning: 'multi_ptr<const int, hipsycl::sycl::access::address_space::global_space, hipsycl::sycl::access::decorated::legacy>' is deprecated [-Wdeprecated-declarations]
  127 |       return _output.get_pointer();
      |              ^
C:/dev/llvm-acpp-msvc-21/bin/../include/AdaptiveCpp\sycl\../hipSYCL/sycl\libkernel\multi_ptr.hpp:668:9: note: 'multi_ptr<const int, hipsycl::sycl::access::address_space::global_space, hipsycl::sycl::access::decorated::legacy>' has been explicitly marked deprecated here
  668 | class [[deprecated]] multi_ptr<ElementType, Space, access::decorated::legacy> {
      |         ^
C:/dev/llvm-acpp-msvc-21/bin/../include/AdaptiveCpp\sycl\../hipSYCL/sycl\libkernel\multi_ptr.hpp:1001:1: warning: 'multi_ptr<int, hipsycl::sycl::access::address_space::global_space, hipsycl::sycl::access::decorated::legacy>' is deprecated [-Wdeprecated-declarations]
 1001 | using global_ptr = multi_ptr<ElementType, access::address_space::global_space, IsDecorated>;
      | ^
C:/dev/llvm-acpp-msvc-21/bin/../include/AdaptiveCpp\sycl\../hipSYCL/sycl\libkernel/accessor.hpp:1274:12: note: in instantiation of template type alias 'global_ptr' requested here
 1274 |     return global_ptr<dataT>{const_cast<dataT*>(this->_ptr.get())};
      |            ^
C:/dev/llvm-acpp-msvc-21/bin/../include/AdaptiveCpp\hipSYCL/algorithms/reduction/reduction_descriptor.hpp:127:22: note: in instantiation of function template specialization 'hipsycl::sycl::accessor<int, 1, hipsycl::sycl::access_mode::read_write, hipsycl::sycl::target::device, hipsycl::sycl::accessor_variant::unranged>::get_pointer<hipsycl::sycl::target::device, void>' requested here
  127 |       return _output.get_pointer();
      |                      ^
C:/dev/llvm-acpp-msvc-21/bin/../include/AdaptiveCpp\hipSYCL/algorithms/reduction/reduction_descriptor.hpp:34:29: note: in instantiation of member function 'hipsycl::algorithms::reduction::reduction_descriptor<hipsycl::algorithms::reduction::reduction_binary_operator<int, hipsycl::sycl::plus<int>>, hipsycl::sycl::accessor<int, 1, hipsycl::sycl::access_mode::read_write, hipsycl::sycl::target::device, hipsycl::sycl::accessor_variant::unranged>>::get_final_output_destination' requested here
   34 |   value_type *output = desc.get_final_output_destination();
      |                             ^
C:/dev/llvm-acpp-msvc-21/bin/../include/AdaptiveCpp\hipSYCL/algorithms/reduction\wg_model/group_horizontal_reducer.hpp:67:28: note: in instantiation of function template specialization 'hipsycl::algorithms::reduction::detail::set_reduction_result<hipsycl::algorithms::reduction::wg_model::configured_reduction_descriptor<hipsycl::algorithms::reduction::reduction_descriptor<hipsycl::algorithms::reduction::reduction_binary_operator<int, hipsycl::sycl::plus<int>>, hipsycl::sycl::accessor<int, 1, hipsycl::sycl::access_mode::read_write, hipsycl::sycl::target::device, hipsycl::sycl::accessor_variant::unranged>>>>' requested here
   67 |         reduction::detail::set_reduction_result(descriptor, group_result,
      |                            ^
C:/dev/llvm-acpp-msvc-21/bin/../include/AdaptiveCpp\hipSYCL/algorithms/reduction/reduction_engine.hpp:84:18: note: in instantiation of function template specialization 'hipsycl::algorithms::reduction::wg_model::group_horizontal_reducer<hipsycl::algorithms::reduction::wg_model::group_reductions::generic_local_memory<hipsycl::algorithms::reduction::reduction_descriptor<hipsycl::algorithms::reduction::reduction_binary_operator<int, hipsycl::sycl::plus<int>>, hipsycl::sycl::accessor<int, 1, hipsycl::sycl::access_mode::read_write, hipsycl::sycl::target::device, hipsycl::sycl::accessor_variant::unranged>>>>::finalize<hipsycl::sycl::nd_item<>, hipsycl::algorithms::reduction::wg_model::configured_reduction_descriptor<hipsycl::algorithms::reduction::reduction_descriptor<hipsycl::algorithms::reduction::reduction_binary_operator<int, hipsycl::sycl::plus<int>>, hipsycl::sycl::accessor<int, 1, hipsycl::sycl::access_mode::read_write, hipsycl::sycl::target::device, hipsycl::sycl::accessor_variant::unranged>>>, hipsycl::algorithms::reduction::wg_model::sequential_reducer<hipsycl::algorithms::reduction::reduction_binary_operator<int, hipsycl::sycl::plus<int>>>>' requested here
   84 |   (group_reducer.finalize(wi_index, descs, std::get<Is>(reducers_tuple)), ...);
      |                  ^
C:/dev/llvm-acpp-msvc-21/bin/../include/AdaptiveCpp\hipSYCL/algorithms/reduction/reduction_engine.hpp:92:3: note: (skipping 14 contexts in backtrace; use -ftemplate-backtrace-limit=0 to see all)
   92 |   invoke_finalize_with_reducers_impl(
      |   ^
C:/OpenFOAM/SPUMA/src/OpenFOAM/lnInclude\syclExecutor.cpp:100:15: note: in instantiation of function template specialization 'hipsycl::sycl::handler::parallel_for<__acpp_unnamed_kernel, hipsycl::algorithms::reduction::reduction_descriptor<hipsycl::algorithms::reduction::reduction_binary_operator<int, hipsycl::sycl::plus<int>>, hipsycl::sycl::accessor<int, 1, hipsycl::sycl::access_mode::read_write, hipsycl::sycl::target::device, hipsycl::sycl::accessor_variant::unranged>>, (lambda at C:\OpenFOAM\SPUMA\src\OpenFOAM\lnInclude\syclExecutor.cpp:101:17)>' requested here
  100 |             h.parallel_for(sycl::range<1>(size), sumReduction,
      |               ^
C:/OpenFOAM/SPUMA/src/OpenFOAM/lnInclude\executor.H:85:34: note: in instantiation of function template specialization 'Foam::syclExecutor::_backendReductionSum<(lambda at C:\OpenFOAM\SPUMA\src\OpenFOAM\lnInclude\FieldFunctions.C:534:26), int>' requested here
   85 |         (static_cast<T*>(this))->_backendReductionSum(lambda, result, size);
      |                                  ^
C:/OpenFOAM/SPUMA/src/OpenFOAM/lnInclude\FieldFunctions.C:536:18: note: in instantiation of function template specialization 'Foam::executor<Foam::syclExecutor>::reductionSum<(lambda at C:\OpenFOAM\SPUMA\src\OpenFOAM\lnInclude\FieldFunctions.C:534:26), int>' requested here
  536 |             exec.reductionSum(sumOp, &result, size);
      |                  ^
C:/OpenFOAM/SPUMA/src/OpenFOAM/lnInclude\FieldFunctions.C:547:26: note: in instantiation of function template specialization 'Foam::sum<int>' requested here
  547 | TMP_UNARY_FUNCTION(Type, sum)
      |                          ^
C:/OpenFOAM/SPUMA/src/OpenFOAM/lnInclude\FieldFunctions.C:463:22: note: expanded from macro 'TMP_UNARY_FUNCTION'
  463 |     ReturnType res = Func(tf1());                                              \
      |                      ^
C:/OpenFOAM/SPUMA/src/OpenFOAM/lnInclude\globalIndexAndTransformI.H:462:30: note: in instantiation of function template specialization 'Foam::sum<int>' requested here
  462 |     label nUsedTrans = round(sum(mag(permutation)));
      |                              ^
C:/dev/llvm-acpp-msvc-21/bin/../include/AdaptiveCpp\sycl\../hipSYCL/sycl\libkernel\multi_ptr.hpp:668:9: note: 'multi_ptr<int, hipsycl::sycl::access::address_space::global_space, hipsycl::sycl::access::decorated::legacy>' has been explicitly marked deprecated here
  668 | class [[deprecated]] multi_ptr<ElementType, Space, access::decorated::legacy> {
      |         ^
In file included from fvMesh/zoneDistribute/zoneStencils/zoneCellStencils.C:29:
In file included from C:/OpenFOAM/SPUMA/src/OpenFOAM/lnInclude\syncTools.H:53:
In file included from C:/OpenFOAM/SPUMA/src/OpenFOAM/lnInclude\mapDistribute.H:772:
In file included from C:/OpenFOAM/SPUMA/src/OpenFOAM/lnInclude\mapDistributeTemplates.C:32:
In file included from C:/OpenFOAM/SPUMA/src/OpenFOAM/lnInclude\transformField.H:43:
In file included from C:/OpenFOAM/SPUMA/src/OpenFOAM/lnInclude\septernion.H:49:
In file included from C:/OpenFOAM/SPUMA/src/OpenFOAM/lnInclude\spatialTransform.H:201:
C:/OpenFOAM/SPUMA/src/OpenFOAM/lnInclude\spatialTransformI.H:42:16: warning: instantiation of variable 'Foam::Tensor<double>::I' required here, but no definition is available [-Wundefined-var-template]
   42 |     E_(tensor::I),
      |                ^
C:/OpenFOAM/SPUMA/src/OpenFOAM/lnInclude\Tensor.H:83:29: note: forward declaration of template entity is here
   83 |         static const Tensor I;
      |                             ^
C:/OpenFOAM/SPUMA/src/OpenFOAM/lnInclude\spatialTransformI.H:42:16: note: add an explicit instantiation declaration to suppress this warning if 'Foam::Tensor<double>::I' is explicitly instantiated in another translation unit
   42 |     E_(tensor::I),
      |                ^
6 warnings generated.
  OK: 369231 bytes
Compiling fvMesh/zoneDistribute/zoneStencils/zoneCPCStencil.C with omp ...
In file included from fvMesh/zoneDistribute/zoneStencils/zoneCPCStencil.C:28:
In file included from fvMesh/zoneDistribute/zoneStencils\zoneCPCStencil.H:43:
In file included from fvMesh/zoneDistribute/zoneStencils\zoneCellStencils.H:42:
In file included from C:/OpenFOAM/SPUMA/src/OpenFOAM/lnInclude\boolList.H:32:
In file included from C:/OpenFOAM/SPUMA/src/OpenFOAM/lnInclude\List.H:47:
In file included from C:/OpenFOAM/SPUMA/src/OpenFOAM/lnInclude\autoPtr.H:348:
In file included from C:/OpenFOAM/SPUMA/src/OpenFOAM/lnInclude\autoPtrI.H:29:
In file included from C:/OpenFOAM/SPUMA/src/OpenFOAM/lnInclude\error.H:60:
In file included from C:/OpenFOAM/SPUMA/src/OpenFOAM/lnInclude\messageStream.H:57:
In file included from C:/OpenFOAM/SPUMA/src/OpenFOAM/lnInclude\label.H:42:
In file included from C:/OpenFOAM/SPUMA/src/OpenFOAM/lnInclude\int.H:45:
C:/OpenFOAM/SPUMA/src/OpenFOAM/lnInclude\int64.H:77:12: warning: absolute value function 'labs' given an argument of type 'const int64_t' (aka 'const long long') but has parameter of type 'long' which may cause truncation of value [-Wabsolute-value]
   77 |     return ::labs(val);
      |            ^
C:/OpenFOAM/SPUMA/src/OpenFOAM/lnInclude\int64.H:77:12: note: use function 'std::abs' instead
   77 |     return ::labs(val);
      |            ^~~~~~
      |            std::abs
In file included from fvMesh/zoneDistribute/zoneStencils/zoneCPCStencil.C:29:
In file included from C:/OpenFOAM/SPUMA/src/OpenFOAM/lnInclude\syncTools.H:53:
In file included from C:/OpenFOAM/SPUMA/src/OpenFOAM/lnInclude\mapDistribute.H:141:
In file included from C:/OpenFOAM/SPUMA/src/OpenFOAM/lnInclude\vectorTensorTransform.H:262:
C:/OpenFOAM/SPUMA/src/OpenFOAM/lnInclude\vectorTensorTransformI.H:33:25: warning: instantiation of variable 'Foam::SphericalTensor<double>::I' required here, but no definition is available [-Wundefined-var-template]
   33 |     R_(sphericalTensor::I),
      |                         ^
C:/OpenFOAM/SPUMA/src/OpenFOAM/lnInclude\SphericalTensor.H:79:38: note: forward declaration of template entity is here
   79 |         static const SphericalTensor I;
      |                                      ^
C:/OpenFOAM/SPUMA/src/OpenFOAM/lnInclude\vectorTensorTransformI.H:33:25: note: add an explicit instantiation declaration to suppress this warning if 'Foam::SphericalTensor<double>::I' is explicitly instantiated in another translation unit
   33 |     R_(sphericalTensor::I),
      |                         ^
In file included from fvMesh/zoneDistribute/zoneStencils/zoneCPCStencil.C:28:
In file included from fvMesh/zoneDistribute/zoneStencils\zoneCPCStencil.H:43:
In file included from fvMesh/zoneDistribute/zoneStencils\zoneCellStencils.H:42:
In file included from C:/OpenFOAM/SPUMA/src/OpenFOAM/lnInclude\boolList.H:32:
In file included from C:/OpenFOAM/SPUMA/src/OpenFOAM/lnInclude\List.H:47:
In file included from C:/OpenFOAM/SPUMA/src/OpenFOAM/lnInclude\autoPtr.H:348:
In file included from C:/OpenFOAM/SPUMA/src/OpenFOAM/lnInclude\autoPtrI.H:29:
In file included from C:/OpenFOAM/SPUMA/src/OpenFOAM/lnInclude\error.H:60:
In file included from C:/OpenFOAM/SPUMA/src/OpenFOAM/lnInclude\messageStream.H:57:
In file included from C:/OpenFOAM/SPUMA/src/OpenFOAM/lnInclude\label.H:42:
In file included from C:/OpenFOAM/SPUMA/src/OpenFOAM/lnInclude\int.H:41:
In file included from C:/OpenFOAM/SPUMA/src/OpenFOAM/lnInclude\deviceM.H:58:
In file included from C:/dev/llvm-acpp-msvc-21/bin/../include/AdaptiveCpp\sycl/sycl.hpp:14:
In file included from C:/dev/llvm-acpp-msvc-21/bin/../include/AdaptiveCpp\sycl\../hipSYCL/sycl/sycl.hpp:62:
In file included from C:/dev/llvm-acpp-msvc-21/bin/../include/AdaptiveCpp\sycl\../hipSYCL/sycl\libkernel/reduction.hpp:20:
C:/dev/llvm-acpp-msvc-21/bin/../include/AdaptiveCpp\hipSYCL/algorithms/reduction/reduction_descriptor.hpp:127:22: warning: 'multi_ptr<int, hipsycl::sycl::access::address_space::global_space, hipsycl::sycl::access::decorated::legacy>' is deprecated [-Wdeprecated-declarations]
  127 |       return _output.get_pointer();
      |                      ^
C:/dev/llvm-acpp-msvc-21/bin/../include/AdaptiveCpp\hipSYCL/algorithms/reduction/reduction_descriptor.hpp:34:29: note: in instantiation of member function 'hipsycl::algorithms::reduction::reduction_descriptor<hipsycl::algorithms::reduction::reduction_binary_operator<int, hipsycl::sycl::plus<int>>, hipsycl::sycl::accessor<int, 1, hipsycl::sycl::access_mode::read_write, hipsycl::sycl::target::device, hipsycl::sycl::accessor_variant::unranged>>::get_final_output_destination' requested here
   34 |   value_type *output = desc.get_final_output_destination();
      |                             ^
C:/dev/llvm-acpp-msvc-21/bin/../include/AdaptiveCpp\hipSYCL/algorithms/reduction\wg_model/group_horizontal_reducer.hpp:67:28: note: in instantiation of function template specialization 'hipsycl::algorithms::reduction::detail::set_reduction_result<hipsycl::algorithms::reduction::wg_model::configured_reduction_descriptor<hipsycl::algorithms::reduction::reduction_descriptor<hipsycl::algorithms::reduction::reduction_binary_operator<int, hipsycl::sycl::plus<int>>, hipsycl::sycl::accessor<int, 1, hipsycl::sycl::access_mode::read_write, hipsycl::sycl::target::device, hipsycl::sycl::accessor_variant::unranged>>>>' requested here
   67 |         reduction::detail::set_reduction_result(descriptor, group_result,
      |                            ^
C:/dev/llvm-acpp-msvc-21/bin/../include/AdaptiveCpp\hipSYCL/algorithms/reduction/reduction_engine.hpp:84:18: note: in instantiation of function template specialization 'hipsycl::algorithms::reduction::wg_model::group_horizontal_reducer<hipsycl::algorithms::reduction::wg_model::group_reductions::generic_local_memory<hipsycl::algorithms::reduction::reduction_descriptor<hipsycl::algorithms::reduction::reduction_binary_operator<int, hipsycl::sycl::plus<int>>, hipsycl::sycl::accessor<int, 1, hipsycl::sycl::access_mode::read_write, hipsycl::sycl::target::device, hipsycl::sycl::accessor_variant::unranged>>>>::finalize<hipsycl::sycl::nd_item<>, hipsycl::algorithms::reduction::wg_model::configured_reduction_descriptor<hipsycl::algorithms::reduction::reduction_descriptor<hipsycl::algorithms::reduction::reduction_binary_operator<int, hipsycl::sycl::plus<int>>, hipsycl::sycl::accessor<int, 1, hipsycl::sycl::access_mode::read_write, hipsycl::sycl::target::device, hipsycl::sycl::accessor_variant::unranged>>>, hipsycl::algorithms::reduction::wg_model::sequential_reducer<hipsycl::algorithms::reduction::reduction_binary_operator<int, hipsycl::sycl::plus<int>>>>' requested here
   84 |   (group_reducer.finalize(wi_index, descs, std::get<Is>(reducers_tuple)), ...);
      |                  ^
C:/dev/llvm-acpp-msvc-21/bin/../include/AdaptiveCpp\hipSYCL/algorithms/reduction/reduction_engine.hpp:92:3: note: in instantiation of function template specialization 'hipsycl::algorithms::reduction::invoke_helpers::invoke_finalize_with_reducers_impl<hipsycl::algorithms::reduction::wg_model::group_horizontal_reducer<hipsycl::algorithms::reduction::wg_model::group_reductions::generic_local_memory<hipsycl::algorithms::reduction::reduction_descriptor<hipsycl::algorithms::reduction::reduction_binary_operator<int, hipsycl::sycl::plus<int>>, hipsycl::sycl::accessor<int, 1, hipsycl::sycl::access_mode::read_write, hipsycl::sycl::target::device, hipsycl::sycl::accessor_variant::unranged>>>>, hipsycl::sycl::nd_item<>, std::tuple<hipsycl::algorithms::reduction::wg_model::sequential_reducer<hipsycl::algorithms::reduction::reduction_binary_operator<int, hipsycl::sycl::plus<int>>>>, 0ULL, hipsycl::algorithms::reduction::wg_model::configured_reduction_descriptor<hipsycl::algorithms::reduction::reduction_descriptor<hipsycl::algorithms::reduction::reduction_binary_operator<int, hipsycl::sycl::plus<int>>, hipsycl::sycl::accessor<int, 1, hipsycl::sycl::access_mode::read_write, hipsycl::sycl::target::device, hipsycl::sycl::accessor_variant::unranged>>>>' requested here
   92 |   invoke_finalize_with_reducers_impl(
      |   ^
C:/dev/llvm-acpp-msvc-21/bin/../include/AdaptiveCpp\hipSYCL/algorithms/reduction/reduction_engine.hpp:229:21: note: in instantiation of function template specialization 'hipsycl::algorithms::reduction::invoke_helpers::invoke_finalize_with_reducers<hipsycl::algorithms::reduction::wg_model::group_horizontal_reducer<hipsycl::algorithms::reduction::wg_model::group_reductions::generic_local_memory<hipsycl::algorithms::reduction::reduction_descriptor<hipsycl::algorithms::reduction::reduction_binary_operator<int, hipsycl::sycl::plus<int>>, hipsycl::sycl::accessor<int, 1, hipsycl::sycl::access_mode::read_write, hipsycl::sycl::target::device, hipsycl::sycl::accessor_variant::unranged>>>>, hipsycl::sycl::nd_item<>, hipsycl::algorithms::reduction::wg_model::sequential_reducer<hipsycl::algorithms::reduction::reduction_binary_operator<int, hipsycl::sycl::plus<int>>>, hipsycl::algorithms::reduction::wg_model::configured_reduction_descriptor<hipsycl::algorithms::reduction::reduction_descriptor<hipsycl::algorithms::reduction::reduction_binary_operator<int, hipsycl::sycl::plus<int>>, hipsycl::sycl::accessor<int, 1, hipsycl::sycl::access_mode::read_write, hipsycl::sycl::target::device, hipsycl::sycl::accessor_variant::unranged>>>>' requested here
  229 |     invoke_helpers::invoke_finalize_with_reducers(group_reducer, wi_index, wi_reducers, descs...);
      |                     ^
C:\Program Files (x86)\Microsoft Visual Studio\2022\BuildTools\VC\Tools\MSVC\14.41.34120\include\type_traits:1714:16: note: (skipping 12 contexts in backtrace; use -ftemplate-backtrace-limit=0 to see all)
 1714 |         return static_cast<_Callable&&>(_Obj)(static_cast<_Ty1&&>(_Arg1), static_cast<_Types2&&>(_Args2)...);
      |                ^
C:/OpenFOAM/SPUMA/src/OpenFOAM/lnInclude\syclExecutor.cpp:100:15: note: in instantiation of function template specialization 'hipsycl::sycl::handler::parallel_for<__acpp_unnamed_kernel, hipsycl::algorithms::reduction::reduction_descriptor<hipsycl::algorithms::reduction::reduction_binary_operator<int, hipsycl::sycl::plus<int>>, hipsycl::sycl::accessor<int, 1, hipsycl::sycl::access_mode::read_write, hipsycl::sycl::target::device, hipsycl::sycl::accessor_variant::unranged>>, (lambda at C:\OpenFOAM\SPUMA\src\OpenFOAM\lnInclude\syclExecutor.cpp:101:17)>' requested here
  100 |             h.parallel_for(sycl::range<1>(size), sumReduction,
      |               ^
C:/OpenFOAM/SPUMA/src/OpenFOAM/lnInclude\executor.H:85:34: note: in instantiation of function template specialization 'Foam::syclExecutor::_backendReductionSum<(lambda at C:\OpenFOAM\SPUMA\src\OpenFOAM\lnInclude\FieldFunctions.C:534:26), int>' requested here
   85 |         (static_cast<T*>(this))->_backendReductionSum(lambda, result, size);
      |                                  ^
C:/OpenFOAM/SPUMA/src/OpenFOAM/lnInclude\FieldFunctions.C:536:18: note: in instantiation of function template specialization 'Foam::executor<Foam::syclExecutor>::reductionSum<(lambda at C:\OpenFOAM\SPUMA\src\OpenFOAM\lnInclude\FieldFunctions.C:534:26), int>' requested here
  536 |             exec.reductionSum(sumOp, &result, size);
      |                  ^
C:/OpenFOAM/SPUMA/src/OpenFOAM/lnInclude\FieldFunctions.C:547:26: note: in instantiation of function template specialization 'Foam::sum<int>' requested here
  547 | TMP_UNARY_FUNCTION(Type, sum)
      |                          ^
C:/OpenFOAM/SPUMA/src/OpenFOAM/lnInclude\FieldFunctions.C:463:22: note: expanded from macro 'TMP_UNARY_FUNCTION'
  463 |     ReturnType res = Func(tf1());                                              \
      |                      ^
C:/OpenFOAM/SPUMA/src/OpenFOAM/lnInclude\globalIndexAndTransformI.H:462:30: note: in instantiation of function template specialization 'Foam::sum<int>' requested here
  462 |     label nUsedTrans = round(sum(mag(permutation)));
      |                              ^
C:/dev/llvm-acpp-msvc-21/bin/../include/AdaptiveCpp\sycl\../hipSYCL/sycl\libkernel\multi_ptr.hpp:668:9: note: 'multi_ptr<int, hipsycl::sycl::access::address_space::global_space, hipsycl::sycl::access::decorated::legacy>' has been explicitly marked deprecated here
  668 | class [[deprecated]] multi_ptr<ElementType, Space, access::decorated::legacy> {
      |         ^
In file included from fvMesh/zoneDistribute/zoneStencils/zoneCPCStencil.C:28:
In file included from fvMesh/zoneDistribute/zoneStencils\zoneCPCStencil.H:43:
In file included from fvMesh/zoneDistribute/zoneStencils\zoneCellStencils.H:42:
In file included from C:/OpenFOAM/SPUMA/src/OpenFOAM/lnInclude\boolList.H:32:
In file included from C:/OpenFOAM/SPUMA/src/OpenFOAM/lnInclude\List.H:47:
In file included from C:/OpenFOAM/SPUMA/src/OpenFOAM/lnInclude\autoPtr.H:348:
In file included from C:/OpenFOAM/SPUMA/src/OpenFOAM/lnInclude\autoPtrI.H:29:
In file included from C:/OpenFOAM/SPUMA/src/OpenFOAM/lnInclude\error.H:60:
In file included from C:/OpenFOAM/SPUMA/src/OpenFOAM/lnInclude\messageStream.H:57:
In file included from C:/OpenFOAM/SPUMA/src/OpenFOAM/lnInclude\label.H:42:
In file included from C:/OpenFOAM/SPUMA/src/OpenFOAM/lnInclude\int.H:41:
In file included from C:/OpenFOAM/SPUMA/src/OpenFOAM/lnInclude\deviceM.H:58:
In file included from C:/dev/llvm-acpp-msvc-21/bin/../include/AdaptiveCpp\sycl/sycl.hpp:14:
In file included from C:/dev/llvm-acpp-msvc-21/bin/../include/AdaptiveCpp\sycl\../hipSYCL/sycl/sycl.hpp:62:
In file included from C:/dev/llvm-acpp-msvc-21/bin/../include/AdaptiveCpp\sycl\../hipSYCL/sycl\libkernel/reduction.hpp:20:
C:/dev/llvm-acpp-msvc-21/bin/../include/AdaptiveCpp\hipSYCL/algorithms/reduction/reduction_descriptor.hpp:127:14: warning: 'multi_ptr<const int, hipsycl::sycl::access::address_space::global_space, hipsycl::sycl::access::decorated::legacy>' is deprecated [-Wdeprecated-declarations]
  127 |       return _output.get_pointer();
      |              ^
C:/dev/llvm-acpp-msvc-21/bin/../include/AdaptiveCpp\sycl\../hipSYCL/sycl\libkernel\multi_ptr.hpp:668:9: note: 'multi_ptr<const int, hipsycl::sycl::access::address_space::global_space, hipsycl::sycl::access::decorated::legacy>' has been explicitly marked deprecated here
  668 | class [[deprecated]] multi_ptr<ElementType, Space, access::decorated::legacy> {
      |         ^
C:/dev/llvm-acpp-msvc-21/bin/../include/AdaptiveCpp\sycl\../hipSYCL/sycl\libkernel\multi_ptr.hpp:1001:1: warning: 'multi_ptr<int, hipsycl::sycl::access::address_space::global_space, hipsycl::sycl::access::decorated::legacy>' is deprecated [-Wdeprecated-declarations]
 1001 | using global_ptr = multi_ptr<ElementType, access::address_space::global_space, IsDecorated>;
      | ^
C:/dev/llvm-acpp-msvc-21/bin/../include/AdaptiveCpp\sycl\../hipSYCL/sycl\libkernel/accessor.hpp:1274:12: note: in instantiation of template type alias 'global_ptr' requested here
 1274 |     return global_ptr<dataT>{const_cast<dataT*>(this->_ptr.get())};
      |            ^
C:/dev/llvm-acpp-msvc-21/bin/../include/AdaptiveCpp\hipSYCL/algorithms/reduction/reduction_descriptor.hpp:127:22: note: in instantiation of function template specialization 'hipsycl::sycl::accessor<int, 1, hipsycl::sycl::access_mode::read_write, hipsycl::sycl::target::device, hipsycl::sycl::accessor_variant::unranged>::get_pointer<hipsycl::sycl::target::device, void>' requested here
  127 |       return _output.get_pointer();
      |                      ^
C:/dev/llvm-acpp-msvc-21/bin/../include/AdaptiveCpp\hipSYCL/algorithms/reduction/reduction_descriptor.hpp:34:29: note: in instantiation of member function 'hipsycl::algorithms::reduction::reduction_descriptor<hipsycl::algorithms::reduction::reduction_binary_operator<int, hipsycl::sycl::plus<int>>, hipsycl::sycl::accessor<int, 1, hipsycl::sycl::access_mode::read_write, hipsycl::sycl::target::device, hipsycl::sycl::accessor_variant::unranged>>::get_final_output_destination' requested here
   34 |   value_type *output = desc.get_final_output_destination();
      |                             ^
C:/dev/llvm-acpp-msvc-21/bin/../include/AdaptiveCpp\hipSYCL/algorithms/reduction\wg_model/group_horizontal_reducer.hpp:67:28: note: in instantiation of function template specialization 'hipsycl::algorithms::reduction::detail::set_reduction_result<hipsycl::algorithms::reduction::wg_model::configured_reduction_descriptor<hipsycl::algorithms::reduction::reduction_descriptor<hipsycl::algorithms::reduction::reduction_binary_operator<int, hipsycl::sycl::plus<int>>, hipsycl::sycl::accessor<int, 1, hipsycl::sycl::access_mode::read_write, hipsycl::sycl::target::device, hipsycl::sycl::accessor_variant::unranged>>>>' requested here
   67 |         reduction::detail::set_reduction_result(descriptor, group_result,
      |                            ^
C:/dev/llvm-acpp-msvc-21/bin/../include/AdaptiveCpp\hipSYCL/algorithms/reduction/reduction_engine.hpp:84:18: note: in instantiation of function template specialization 'hipsycl::algorithms::reduction::wg_model::group_horizontal_reducer<hipsycl::algorithms::reduction::wg_model::group_reductions::generic_local_memory<hipsycl::algorithms::reduction::reduction_descriptor<hipsycl::algorithms::reduction::reduction_binary_operator<int, hipsycl::sycl::plus<int>>, hipsycl::sycl::accessor<int, 1, hipsycl::sycl::access_mode::read_write, hipsycl::sycl::target::device, hipsycl::sycl::accessor_variant::unranged>>>>::finalize<hipsycl::sycl::nd_item<>, hipsycl::algorithms::reduction::wg_model::configured_reduction_descriptor<hipsycl::algorithms::reduction::reduction_descriptor<hipsycl::algorithms::reduction::reduction_binary_operator<int, hipsycl::sycl::plus<int>>, hipsycl::sycl::accessor<int, 1, hipsycl::sycl::access_mode::read_write, hipsycl::sycl::target::device, hipsycl::sycl::accessor_variant::unranged>>>, hipsycl::algorithms::reduction::wg_model::sequential_reducer<hipsycl::algorithms::reduction::reduction_binary_operator<int, hipsycl::sycl::plus<int>>>>' requested here
   84 |   (group_reducer.finalize(wi_index, descs, std::get<Is>(reducers_tuple)), ...);
      |                  ^
C:/dev/llvm-acpp-msvc-21/bin/../include/AdaptiveCpp\hipSYCL/algorithms/reduction/reduction_engine.hpp:92:3: note: (skipping 14 contexts in backtrace; use -ftemplate-backtrace-limit=0 to see all)
   92 |   invoke_finalize_with_reducers_impl(
      |   ^
C:/OpenFOAM/SPUMA/src/OpenFOAM/lnInclude\syclExecutor.cpp:100:15: note: in instantiation of function template specialization 'hipsycl::sycl::handler::parallel_for<__acpp_unnamed_kernel, hipsycl::algorithms::reduction::reduction_descriptor<hipsycl::algorithms::reduction::reduction_binary_operator<int, hipsycl::sycl::plus<int>>, hipsycl::sycl::accessor<int, 1, hipsycl::sycl::access_mode::read_write, hipsycl::sycl::target::device, hipsycl::sycl::accessor_variant::unranged>>, (lambda at C:\OpenFOAM\SPUMA\src\OpenFOAM\lnInclude\syclExecutor.cpp:101:17)>' requested here
  100 |             h.parallel_for(sycl::range<1>(size), sumReduction,
      |               ^
C:/OpenFOAM/SPUMA/src/OpenFOAM/lnInclude\executor.H:85:34: note: in instantiation of function template specialization 'Foam::syclExecutor::_backendReductionSum<(lambda at C:\OpenFOAM\SPUMA\src\OpenFOAM\lnInclude\FieldFunctions.C:534:26), int>' requested here
   85 |         (static_cast<T*>(this))->_backendReductionSum(lambda, result, size);
      |                                  ^
C:/OpenFOAM/SPUMA/src/OpenFOAM/lnInclude\FieldFunctions.C:536:18: note: in instantiation of function template specialization 'Foam::executor<Foam::syclExecutor>::reductionSum<(lambda at C:\OpenFOAM\SPUMA\src\OpenFOAM\lnInclude\FieldFunctions.C:534:26), int>' requested here
  536 |             exec.reductionSum(sumOp, &result, size);
      |                  ^
C:/OpenFOAM/SPUMA/src/OpenFOAM/lnInclude\FieldFunctions.C:547:26: note: in instantiation of function template specialization 'Foam::sum<int>' requested here
  547 | TMP_UNARY_FUNCTION(Type, sum)
      |                          ^
C:/OpenFOAM/SPUMA/src/OpenFOAM/lnInclude\FieldFunctions.C:463:22: note: expanded from macro 'TMP_UNARY_FUNCTION'
  463 |     ReturnType res = Func(tf1());                                              \
      |                      ^
C:/OpenFOAM/SPUMA/src/OpenFOAM/lnInclude\globalIndexAndTransformI.H:462:30: note: in instantiation of function template specialization 'Foam::sum<int>' requested here
  462 |     label nUsedTrans = round(sum(mag(permutation)));
      |                              ^
C:/dev/llvm-acpp-msvc-21/bin/../include/AdaptiveCpp\sycl\../hipSYCL/sycl\libkernel\multi_ptr.hpp:668:9: note: 'multi_ptr<int, hipsycl::sycl::access::address_space::global_space, hipsycl::sycl::access::decorated::legacy>' has been explicitly marked deprecated here
  668 | class [[deprecated]] multi_ptr<ElementType, Space, access::decorated::legacy> {
      |         ^
In file included from fvMesh/zoneDistribute/zoneStencils/zoneCPCStencil.C:29:
In file included from C:/OpenFOAM/SPUMA/src/OpenFOAM/lnInclude\syncTools.H:53:
In file included from C:/OpenFOAM/SPUMA/src/OpenFOAM/lnInclude\mapDistribute.H:772:
In file included from C:/OpenFOAM/SPUMA/src/OpenFOAM/lnInclude\mapDistributeTemplates.C:32:
In file included from C:/OpenFOAM/SPUMA/src/OpenFOAM/lnInclude\transformField.H:43:
In file included from C:/OpenFOAM/SPUMA/src/OpenFOAM/lnInclude\septernion.H:49:
In file included from C:/OpenFOAM/SPUMA/src/OpenFOAM/lnInclude\spatialTransform.H:201:
C:/OpenFOAM/SPUMA/src/OpenFOAM/lnInclude\spatialTransformI.H:42:16: warning: instantiation of variable 'Foam::Tensor<double>::I' required here, but no definition is available [-Wundefined-var-template]
   42 |     E_(tensor::I),
      |                ^
C:/OpenFOAM/SPUMA/src/OpenFOAM/lnInclude\Tensor.H:83:29: note: forward declaration of template entity is here
   83 |         static const Tensor I;
      |                             ^
C:/OpenFOAM/SPUMA/src/OpenFOAM/lnInclude\spatialTransformI.H:42:16: note: add an explicit instantiation declaration to suppress this warning if 'Foam::Tensor<double>::I' is explicitly instantiated in another translation unit
   42 |     E_(tensor::I),
      |                ^
6 warnings generated.
  OK: 482080 bytes

=== Results: 25 ok, 0 failed ===
=== Total .o count: 428 ===
